,x,y,group,foldchange
Loc1,0.908207789994776,0.48398658935912,B,1
Loc2,0.201681931037456,0.461059393826872,I,1
Loc3,0.898389684967697,0.782721356954426,H,1
Loc4,0.944675268605351,0.000605266075581312,A,1
Loc5,0.660797792486846,0.750623380066827,D,1
Loc6,0.62911404389888,0.830732437549159,H,1
Loc7,0.0617862704675645,0.314671236323193,C,1
Loc8,0.205974574899301,0.712033160030842,B,1
Loc9,0.176556752528995,0.25171154923737,B,1
Loc10,0.687022846657783,0.309347498230636,F,1
Loc11,0.384103718213737,0.695954847149551,I,1
Loc12,0.769841419998556,0.423095647012815,E,1
Loc13,0.497699242085218,0.852890213020146,A,1
Loc14,0.717618508264422,0.534399916650727,B,1
Loc15,0.991906094830483,0.54817751632072,A,1
Loc16,0.380035179434344,0.845543978502974,B,1
Loc17,0.777445221319795,0.377029079943895,E,1
Loc18,0.934705231105909,0.166043678531423,E,1
Loc19,0.212142521282658,0.189248028676957,A,1
Loc20,0.651673766085878,0.856867816066369,D,1
Loc21,0.125555095961317,0.337503234623,C,1
Loc22,0.267220668727532,0.775028235046193,B,1
Loc23,0.386114092543721,0.0690702020656317,A,1
Loc24,0.0133903331588954,0.240949265658855,A,1
Loc25,0.382387957070023,0.24280183785595,E,1
Loc26,0.86969084572047,0.387112989090383,E,1
Loc27,0.34034899668768,0.871805021073669,G,1
Loc28,0.482080115471035,0.967197048477829,A,1
Loc29,0.599565825425088,0.866916270926595,D,1
Loc30,0.493541307048872,0.437715301522985,C,1
Loc31,0.186217601411045,0.191937792114913,A,1
Loc32,0.827373318606988,0.0822944045066833,E,1
Loc33,0.668466738192365,0.583451637532562,B,1
Loc34,0.79423986072652,0.0703614954836667,E,1
Loc35,0.107943625887856,0.527662655804306,C,1
Loc36,0.723710946040228,0.472288285382092,B,1
Loc37,0.411274429643527,0.0481913706753403,A,1
Loc38,0.820946294115856,0.594540807651356,B,1
Loc39,0.647060193819925,0.791271215071902,H,1
Loc40,0.78293276228942,0.598868683679029,B,1
Loc41,0.553036311641335,0.0279159292113036,A,1
Loc42,0.529719580197707,0.39572663186118,E,1
Loc43,0.789356231689453,0.106243964517489,E,1
Loc44,0.023331202333793,0.0241113880183548,A,1
Loc45,0.477230065036565,0.840897767804563,B,1
Loc46,0.7323137386702,0.32639992586337,F,1
Loc47,0.692731556482613,0.2942976471968,F,1
Loc48,0.477619622135535,0.822897979756817,B,1
Loc49,0.8612094768323,0.414347424637526,B,1
Loc50,0.438097107224166,0.0101712229661644,A,1
Loc51,0.244797277031466,0.0524083885829896,A,1
Loc52,0.0706790471449494,0.730370381381363,A,1
Loc53,0.0994661601725966,0.0733949469868094,A,1
Loc54,0.31627170718275,0.0703566265292466,A,1
Loc55,0.518634263193235,0.637171967187896,B,1
Loc56,0.6620050764177,0.41330587095581,E,1
Loc57,0.406830187188461,0.430717830779031,C,1
Loc58,0.912875924259424,0.0802463705185801,E,1
Loc59,0.293603372760117,0.277116678655148,E,1
Loc60,0.459065726259723,0.794071018928662,B,1
Loc61,0.332394674187526,0.0910974657163024,A,1
Loc62,0.65087046707049,0.276682177558541,F,1
Loc63,0.258016780717298,0.136255458230153,E,1
Loc64,0.478545248275623,0.6634760950692,B,1
Loc65,0.766310670645908,0.979130022460595,A,1
Loc66,0.0842469143681228,0.211811334360391,A,1
Loc67,0.875321330036968,0.37202698434703,E,1
Loc68,0.339072937844321,0.118364716647193,A,1
Loc69,0.839440350187942,0.780536147300154,H,1
Loc70,0.34668348915875,0.0655782136600465,A,1
Loc71,0.333774930797517,0.783775092335418,B,1
Loc72,0.476351245073602,0.123852211982012,E,1
Loc73,0.892198335845023,0.777341672452167,H,1
Loc74,0.864339470630512,0.36134907277301,E,1
Loc75,0.389989543473348,0.615930010797456,B,1
Loc76,0.777320698834956,0.917042729211971,D,1
Loc77,0.960617997217923,0.105220099911094,E,1
Loc78,0.434659484773874,0.715545793995261,I,1
Loc79,0.712514678714797,0.156366555485874,F,1
Loc80,0.399994368897751,0.261575721204281,F,1
Loc81,0.325352151878178,0.773791367653757,I,1
Loc82,0.757087148027495,0.594759070547298,B,1
Loc83,0.202692255144939,0.0953767166938633,A,1
Loc84,0.711121222469956,0.158467933768407,F,1
Loc85,0.121691921027377,0.701090714894235,A,1
Loc86,0.245488513959572,0.269182726275176,A,1
Loc87,0.14330437942408,0.296830063685775,C,1
Loc88,0.239629415096715,0.562665292294696,C,1
Loc89,0.0589343772735447,0.345176512375474,C,1
Loc90,0.642288258532062,0.996363310841843,A,1
Loc91,0.876269212691113,0.214889628114179,F,1
Loc92,0.778914677444845,0.590747197624296,B,1
Loc93,0.79730882588774,0.40899104741402,E,1
Loc94,0.455274453619495,0.539928927551955,C,1
Loc95,0.410084082046524,0.809806877514347,B,1
Loc96,0.810870242770761,0.0106531432829797,A,1
Loc97,0.604933290276676,0.674989556195214,D,1
Loc98,0.654723928077146,0.880181554006413,D,1
Loc99,0.353197271935642,0.408088765805587,E,1
Loc100,0.270260145887733,0.894052134593949,G,1
Loc101,0.99268406117335,0.807851313846186,A,1
Loc102,0.633493264438584,0.0522684226743877,A,1
Loc103,0.213208135217428,0.951139469398186,A,1
Loc104,0.129372348077595,0.498940351651981,C,1
Loc105,0.478118034312502,0.497459183679894,C,1
Loc106,0.924074469832703,0.201222010422498,E,1
Loc107,0.59876096714288,0.680997319286689,D,1
Loc108,0.976170694921166,0.547304183710366,A,1
Loc109,0.731792511884123,0.60957774030976,B,1
Loc110,0.356726912083104,0.308182996464893,E,1
Loc111,0.431473690550774,0.164061164716259,E,1
Loc112,0.148211560677737,0.847399726277217,G,1
Loc113,0.0130775754805654,0.177070725010708,A,1
Loc114,0.715566066093743,0.586210725829005,B,1
Loc115,0.103184235747904,0.972556549590081,A,1
Loc116,0.446284348610789,0.534099313896149,C,1
Loc117,0.640101045137271,0.81091625452973,H,1
Loc118,0.991838620044291,0.650906511116773,A,1
Loc119,0.495593577856198,0.77098110713996,B,1
Loc120,0.484349524369463,0.0345583152957261,A,1
Loc121,0.173442334868014,0.558660281123593,C,1
Loc122,0.754820944508538,0.120087367016822,E,1
Loc123,0.453895489219576,0.686299628112465,B,1
Loc124,0.511169783771038,0.914125661132857,D,1
Loc125,0.207545113284141,0.560349760344252,I,1
Loc126,0.228658142732456,0.575576044851914,I,1
Loc127,0.595711996313184,0.51675015501678,B,1
Loc128,0.57487219828181,0.658048582263291,B,1
Loc129,0.0770643802825361,0.588396580191329,A,1
Loc130,0.0355405795853585,0.0799245799425989,A,1
Loc131,0.642795492196456,0.156136253383011,F,1
Loc132,0.928615199634805,0.985081367427483,A,1
Loc133,0.598092422354966,0.991829797392711,A,1
Loc134,0.560900748008862,0.2947561906185,F,1
Loc135,0.526027723914012,0.788712464505807,D,1
Loc136,0.985095223877579,0.686831065220758,A,1
Loc137,0.507641822332516,0.400826663477346,E,1
Loc138,0.682788078673184,0.396841136040166,E,1
Loc139,0.601541217649356,0.887413940625265,D,1
Loc140,0.238868677755818,0.82207809551619,G,1
Loc141,0.258165926672518,0.2652450397145,E,1
Loc142,0.729309623362496,0.181170874042436,F,1
Loc143,0.452570831403136,0.956474067410454,A,1
Loc144,0.175126768415794,0.837399842217565,G,1
Loc145,0.746698269620538,0.346652631880715,E,1
Loc146,0.104987640399486,0.8420864418149,G,1
Loc147,0.864544949028641,0.0101301828399301,A,1
Loc148,0.614644971676171,0.21454192395322,F,1
Loc149,0.557159538846463,0.913734979229048,D,1
Loc150,0.328777319053188,0.0486553451046348,A,1
Loc151,0.453131445450708,0.87123094429262,A,1
Loc152,0.500440972624347,0.65578800602816,B,1
Loc153,0.180866361130029,0.219371878309175,A,1
Loc154,0.529630602803081,0.00943714333698153,A,1
Loc155,0.0752757457084954,0.0792144953738898,A,1
Loc156,0.277755932649598,0.767450851621106,B,1
Loc157,0.212699519237503,0.0332878560293466,A,1
Loc158,0.284790480975062,0.774952064268291,B,1
Loc159,0.895094102947041,0.393959630047902,B,1
Loc160,0.4462353233248,0.784817258594558,B,1
Loc161,0.779984889784828,0.0333322957158089,A,1
Loc162,0.880619034869596,0.366151578025892,E,1
Loc163,0.413124209502712,0.207688439870253,E,1
Loc164,0.0638084805104882,0.965912537649274,A,1
Loc165,0.335487491684034,0.564966007368639,C,1
Loc166,0.723725946620107,0.441115951864049,E,1
Loc167,0.337615333497524,0.803868116578087,G,1
Loc168,0.630414122482762,0.165633277501911,F,1
Loc169,0.840614554006606,0.20611856225878,F,1
Loc170,0.856131664710119,0.348586677573621,E,1
Loc171,0.39135928102769,0.450814907671884,C,1
Loc172,0.380493885604665,0.103176732780412,E,1
Loc173,0.895445425994694,0.600618461845443,B,1
Loc174,0.644315762910992,0.100577907869592,E,1
Loc175,0.741078648716211,0.957186109153554,A,1
Loc176,0.605303446529433,0.580974439391866,B,1
Loc177,0.903081611497328,0.168894380098209,E,1
Loc178,0.293730155099183,0.518571133259684,I,1
Loc179,0.19126010988839,0.0543228397145867,A,1
Loc180,0.886450943304226,0.181874627713114,E,1
Loc181,0.503339485730976,0.0324744703248143,A,1
Loc182,0.877057543024421,0.413448404753581,B,1
Loc183,0.189193622441962,0.710804731585085,B,1
Loc184,0.758103052387014,0.43829421675764,E,1
Loc185,0.724498892668635,0.476030350895599,B,1
Loc186,0.943724818294868,0.379704721504822,B,1
Loc187,0.547646587016061,0.779968342510983,D,1
Loc188,0.711743867723271,0.961577203124762,A,1
Loc189,0.388905099825934,0.443998414091766,C,1
Loc190,0.100873126182705,0.276576519012451,A,1
Loc191,0.927302088588476,0.652874941704795,A,1
Loc192,0.283232500310987,0.754724035272375,B,1
Loc193,0.59057315881364,0.588706381851807,B,1
Loc194,0.110360604943708,0.36689807055518,C,1
Loc195,0.840507032116875,0.509391026105732,B,1
Loc196,0.317963684443384,0.144229113589972,A,1
Loc197,0.782851336989552,0.266654535662383,F,1
Loc198,0.267508207354695,0.173820912605152,A,1
Loc199,0.218645284883678,0.896527295233682,G,1
Loc200,0.516796836396679,0.562343132682145,B,1
Loc201,0.268950592027977,0.342454317957163,E,1
Loc202,0.181168327340856,0.283729680348188,C,1
Loc203,0.518576137488708,0.747538483235985,D,1
Loc204,0.562782935798168,0.562850194750354,B,1
Loc205,0.129156854469329,0.565385995432734,C,1
Loc206,0.256367604015395,0.633331828983501,I,1
Loc207,0.717935275984928,0.962586591951549,A,1
Loc208,0.961409936426207,0.768941204063594,A,1
Loc209,0.100140846567228,0.761524176690727,A,1
Loc210,0.763222689507529,0.15272214752622,F,1
Loc211,0.947966354666278,0.367797967977822,A,1
Loc212,0.818634688388556,0.913615794153884,D,1
Loc213,0.308292330708355,0.496350146830082,I,1
Loc214,0.649579460499808,0.0277347269002348,A,1
Loc215,0.953355451114476,0.450139385415241,B,1
Loc216,0.953732650028542,0.0271877180784941,A,1
Loc217,0.339979203417897,0.0182709295768291,A,1
Loc218,0.262474110117182,0.871962478850037,G,1
Loc219,0.165453933179379,0.955188889289275,A,1
Loc220,0.322168056620285,0.892738419119269,G,1
Loc221,0.510125206550583,0.856308729154989,A,1
Loc222,0.923968471353874,0.123533075442538,E,1
Loc223,0.510959698352963,0.22165473876521,F,1
Loc224,0.257621260825545,0.690272177569568,I,1
Loc225,0.0464608869515359,0.648772125830874,A,1
Loc226,0.41785625834018,0.0914451922290027,A,1
Loc227,0.854001502273604,0.595569584751502,B,1
Loc228,0.347230677725747,0.944378237938508,A,1
Loc229,0.131442320533097,0.12865765299648,A,1
Loc230,0.374486864544451,0.524701888905838,C,1
Loc231,0.631420228397474,0.931875708047301,A,1
Loc232,0.390078933676705,0.441982066258788,C,1
Loc233,0.689627848798409,0.401971613289788,E,1
Loc234,0.689413412474096,0.365522500360385,E,1
Loc235,0.554900623159483,0.572829977376387,B,1
Loc236,0.429624407785013,0.106167400954291,A,1
Loc237,0.452720062807202,0.657213832018897,B,1
Loc238,0.306443258887157,0.800479157827795,G,1
Loc239,0.578353944001719,0.160081139067188,F,1
Loc240,0.910370304249227,0.499149806331843,B,1
Loc241,0.142604082124308,0.138865772867575,A,1
Loc242,0.415047625312582,0.688598210224882,I,1
Loc243,0.210925750667229,0.480641926405951,I,1
Loc244,0.428750370861962,0.20781287481077,E,1
Loc245,0.132689975202084,0.717721335589886,A,1
Loc246,0.460096445865929,0.333421071292832,E,1
Loc247,0.942957059247419,0.529427384026349,A,1
Loc248,0.761973861604929,0.593498748727143,B,1
Loc249,0.932909828843549,0.75988901196979,D,1
Loc250,0.470678497571498,0.039695909479633,A,1
Loc251,0.603588067693636,0.631179952295497,B,1
Loc252,0.484989680582657,0.170349805383012,E,1
Loc253,0.10880631650798,0.707256585825235,A,1
Loc254,0.247726832982153,0.264722274616361,E,1
Loc255,0.498514530714601,0.0803224456030875,A,1
Loc256,0.372866708086804,0.713207269553095,I,1
Loc257,0.934691370232031,0.750814122147858,D,1
Loc258,0.523986077867448,0.170225525507703,E,1
Loc259,0.317144671687856,0.214822159614414,E,1
Loc260,0.277966029476374,0.136855290038511,A,1
Loc261,0.787540507735685,0.320704787038267,F,1
Loc262,0.702462512534112,0.659653313225135,D,1
Loc263,0.165027638664469,0.458246603375301,C,1
Loc264,0.0644575387705117,0.221783839398995,A,1
Loc265,0.754705621628091,0.0496916156262159,A,1
Loc266,0.620410033036023,0.842967495322227,H,1
Loc267,0.169576766667888,0.460355976829305,C,1
Loc268,0.0622140523046255,0.044669063994661,A,1
Loc269,0.109029268613085,0.330020109890029,C,1
Loc270,0.381716351723298,0.350482023321092,E,1
Loc271,0.169310914585367,0.236220998689532,A,1
Loc272,0.298652542056516,0.209322826238349,E,1
Loc273,0.192209535045549,0.289584968937561,C,1
Loc274,0.257170021301135,0.299830043222755,E,1
Loc275,0.181231822818518,0.893524003913626,G,1
Loc276,0.477313709678128,0.762660629115999,I,1
Loc277,0.770737042883411,0.10402936860919,E,1
Loc278,0.0277871224097908,0.758669548435137,A,1
Loc279,0.527310776989907,0.414733785670251,E,1
Loc280,0.880319068906829,0.22103567654267,E,1
Loc281,0.373063371982425,0.00671869982033968,A,1
Loc282,0.047959131654352,0.0302505425643176,A,1
Loc283,0.138628246728331,0.250101836863905,A,1
Loc284,0.321492120390758,0.220494979294017,E,1
Loc285,0.154831611318514,0.308080991730094,C,1
Loc286,0.132228172151372,0.90889258380048,G,1
Loc287,0.221305927727371,0.93850277364254,A,1
Loc288,0.226380796171725,0.491904604947194,I,1
Loc289,0.13141653384082,0.168020266341045,A,1
Loc290,0.981563460314646,0.188894553110003,E,1
Loc291,0.327013726811856,0.191555221565068,E,1
Loc292,0.506939497077838,0.503481938038021,C,1
Loc293,0.68144251476042,0.0811121538281441,A,1
Loc294,0.0991691031958908,0.794696550583467,A,1
Loc295,0.118902558228001,0.571347230114043,C,1
Loc296,0.0504396595060825,0.968929607188329,A,1
Loc297,0.929253919748589,0.87576876883395,D,1
Loc298,0.673712232848629,0.705853160005063,D,1
Loc299,0.0948578554671258,0.115354677662253,A,1
Loc300,0.492596120806411,0.160992347402498,E,1
Loc301,0.461551840649918,0.335154334548861,E,1
Loc302,0.375216530868784,0.988609185442328,A,1
Loc303,0.991099219536409,0.914078942500055,A,1
Loc304,0.176350713707507,0.535097180167213,C,1
Loc305,0.813435208518058,0.246893692528829,F,1
Loc306,0.0684466371312737,0.922346818028018,A,1
Loc307,0.40044974675402,0.75348961702548,I,1
Loc308,0.141144325723872,0.903507313458249,G,1
Loc309,0.193309862399474,0.651548156049103,B,1
Loc310,0.841351716779172,0.02077916264534,A,1
Loc311,0.719913988374174,0.0958790276199579,E,1
Loc312,0.267212083097547,0.949586964212358,A,1
Loc313,0.495001644827425,0.888176588574424,A,1
Loc314,0.0831138978246599,0.45623399131,C,1
Loc315,0.353884240612388,0.786743860924616,B,1
Loc316,0.969208805356175,0.201026756782085,E,1
Loc317,0.624714189674705,0.312703200615942,F,1
Loc318,0.664618249749765,0.529761809390038,B,1
Loc319,0.312489656498656,0.182999437209219,E,1
Loc320,0.405689612729475,0.532405641162768,C,1
Loc321,0.996077371528372,0.348113585729152,A,1
Loc322,0.855082356370986,0.51024816185236,B,1
Loc323,0.953548396006227,0.792195686371997,A,1
Loc324,0.812305092345923,0.441210551187396,B,1
Loc325,0.782182115828618,0.286292243981734,F,1
Loc326,0.267878128914163,0.933560322737321,A,1
Loc327,0.762151529546827,0.0304510646965355,A,1
Loc328,0.986311589134857,0.848985600750893,A,1
Loc329,0.293605549028143,0.443182719638571,C,1
Loc330,0.399351106956601,0.632075233384967,B,1
Loc331,0.812131523853168,0.779914357000962,D,1
Loc332,0.0771516691893339,0.280473912833259,A,1
Loc333,0.363696809858084,0.123204056639224,A,1
Loc334,0.442592467181385,0.893433186924085,A,1
Loc335,0.156714132521302,0.405973301967606,C,1
Loc336,0.582205270184204,0.755108230514452,D,1
Loc337,0.970162178855389,0.110817262437195,E,1
Loc338,0.98949983343482,0.338309313636273,A,1
Loc339,0.176452036481351,0.54649319103919,C,1
Loc340,0.542130424408242,0.312132046790794,F,1
Loc341,0.384303892031312,0.447294557001442,C,1
Loc342,0.676164050819352,0.404281071387231,E,1
Loc343,0.26929377974011,0.486564260907471,I,1
Loc344,0.469250942347571,0.439168035285547,C,1
Loc345,0.171800082316622,0.26686362712644,C,1
Loc346,0.36918946239166,0.651877836557105,I,1
Loc347,0.725405272562057,0.239049473078921,F,1
Loc348,0.486149104312062,0.813315622741356,B,1
Loc349,0.0638024667277932,0.808244503336027,A,1
Loc350,0.784546229988337,0.589044747874141,B,1
Loc351,0.418321635806933,0.541866859653965,C,1
Loc352,0.981018084799871,0.0465476112440228,A,1
Loc353,0.282883955864236,0.425855690613389,C,1
Loc354,0.847882149508223,0.640639821300283,B,1
Loc355,0.0822392308618873,0.000656347954645753,A,1
Loc356,0.886458750581369,0.866388360504061,D,1
Loc357,0.471930730855092,0.101045170566067,A,1
Loc358,0.109100963454694,0.0957397413440049,A,1
Loc359,0.333277984522283,0.777240371098742,B,1
Loc360,0.837416569236666,0.0295114114414901,A,1
Loc361,0.276849841699004,0.342071880353615,E,1
Loc362,0.587035141419619,0.786315873963758,D,1
Loc363,0.836732269730419,0.113462525652722,E,1
Loc364,0.0711540239863098,0.350252757081762,C,1
Loc365,0.702778743347153,0.330213881796226,E,1
Loc366,0.69882453721948,0.696676669642329,D,1
Loc367,0.46396238100715,0.353614302352071,E,1
Loc368,0.436931110452861,0.40617906791158,E,1
Loc369,0.562176787760109,0.308029898675159,F,1
Loc370,0.928483226336539,0.959202934522182,A,1
Loc371,0.230466414242983,0.690268852747977,B,1
Loc372,0.221813754411414,0.885739511344582,G,1
Loc373,0.420215893303975,0.935855139512569,A,1
Loc374,0.333520805696025,0.744079901603982,I,1
Loc375,0.864807550329715,0.838446156820282,D,1
Loc376,0.177194535732269,0.799356783507392,A,1
Loc377,0.49331872863695,0.893640292342752,A,1
Loc378,0.429713366786018,0.831137002911419,B,1
Loc379,0.564263842999935,0.370750101283193,E,1
Loc380,0.656162315513939,0.871979765826836,D,1
Loc381,0.97855406277813,0.8007615969982,A,1
Loc382,0.232161148451269,0.177284543635324,B,1
Loc383,0.240811596158892,0.163277692859992,A,1
Loc384,0.796836083987728,0.944489105371758,A,1
Loc385,0.831671715015545,0.444637601496652,B,1
Loc386,0.113507706439123,0.0783925901632756,A,1
Loc387,0.963312016334385,0.985571624245495,A,1
Loc388,0.147322899661958,0.0158382183872163,A,1
Loc389,0.143626942764968,0.494882507016882,C,1
Loc390,0.925229935208336,0.426626244327053,E,1
Loc391,0.507035602582619,0.380065433681011,E,1
Loc392,0.15485101705417,0.736944383243099,A,1
Loc393,0.348302052123472,0.279538352275267,E,1
Loc394,0.659821025794372,0.656283871969208,B,1
Loc395,0.311772374436259,0.779726102715358,B,1
Loc396,0.351573409279808,0.722052505705506,I,1
Loc397,0.147845706902444,0.982406044378877,A,1
Loc398,0.658877609064803,0.543322717072442,B,1
Loc399,0.185069964500144,0.659887838643044,B,1
Loc400,0.954378136899322,0.275039361324161,E,1
Loc401,0.897848492022604,0.396944124717265,B,1
Loc402,0.943697054404765,0.55918457871303,B,1
Loc403,0.72369075124152,0.980950295459479,A,1
Loc404,0.370357065927237,0.964966776082292,A,1
Loc405,0.781017540255561,0.218039868399501,F,1
Loc406,0.011149508645758,0.393170869676396,A,1
Loc407,0.940308712190017,0.871084483806044,D,1
Loc408,0.993749226210639,0.6915888634976,A,1
Loc409,0.3574057451915,0.336751536931843,E,1
Loc410,0.747635063482448,0.690481673926115,D,1
Loc411,0.792909023817629,0.153450242243707,F,1
Loc412,0.705859006382525,0.890398807590827,D,1
Loc413,0.475825038738549,0.888446028809994,A,1
Loc414,0.494654526002705,0.138003347441554,E,1
Loc415,0.308052448788658,0.0359492159914225,A,1
Loc416,0.695012246258557,0.355017149820924,E,1
Loc417,0.822793305618688,0.378946078242734,E,1
Loc418,0.434717640746385,0.614776698173955,B,1
Loc419,0.514732652809471,0.506189440609887,C,1
Loc420,0.663010967662558,0.337955133058131,E,1
Loc421,0.143166586523876,0.329129653051496,C,1
Loc422,0.344487393740565,0.573297038441524,C,1
Loc423,0.405763582326472,0.050710043637082,A,1
Loc424,0.0853110058233142,0.40096298744902,C,1
Loc425,0.932571928249672,0.260631043696776,E,1
Loc426,0.838384066708386,0.168699683854356,F,1
Loc427,0.879433296155185,0.0597310056909919,E,1
Loc428,0.935712467646226,0.0525821361225098,A,1
Loc429,0.0724606334697455,0.972770247841254,A,1
Loc430,0.378759440500289,0.794607590185478,B,1
Loc431,0.537864922778681,0.0316677016671747,A,1
Loc432,0.105050138663501,0.543284805025905,C,1
Loc433,0.801687705563381,0.0175970334094018,A,1
Loc434,0.739641745807603,0.776669898070395,D,1
Loc435,0.052149013383314,0.757301493315026,A,1
Loc436,0.482169573195279,0.0105481466744095,A,1
Loc437,0.92051784065552,0.81791408197023,D,1
Loc438,0.0415284289047122,0.856345876585692,A,1
Loc439,0.293991799000651,0.42230969760567,C,1
Loc440,0.500850487267599,0.63429570524022,B,1
Loc441,0.609748935094103,0.418075025547296,E,1
Loc442,0.264249049592763,0.324664350133389,E,1
Loc443,0.423098609549925,0.765787225915119,I,1
Loc444,0.366563616320491,0.704655513167381,I,1
Loc445,0.942505322396755,0.919051357079297,D,1
Loc446,0.123723565135151,0.610136551316828,A,1
Loc447,0.0700326792430133,0.0558548604603857,A,1
Loc448,0.964317037956789,0.736152135068551,A,1
Loc449,0.442510108230636,0.903967918362468,A,1
Loc450,0.370272380299866,0.701814879896119,I,1
Loc451,0.170243580127135,0.57769950828515,C,1
Loc452,0.0541904293932021,0.565839251037687,A,1
Loc453,0.657828069292009,0.367175505962223,E,1
Loc454,0.578161916695535,0.55692170956172,B,1
Loc455,0.987101763952523,0.897090169833973,A,1
Loc456,0.603792401496321,0.272230607224628,F,1
Loc457,0.0649499187711626,0.826333165401593,A,1
Loc458,0.16210908186622,0.675995662575588,A,1
Loc459,0.475397920468822,0.899366909172386,A,1
Loc460,0.00193283474072814,0.296659813495353,A,1
Loc461,0.441459143068641,0.385464416816831,E,1
Loc462,0.260929737240076,0.905349676962942,G,1
Loc463,0.938413745490834,0.781176410615444,D,1
Loc464,0.715833283727989,0.542550917714834,B,1
Loc465,0.163085478357971,0.616280185990036,A,1
Loc466,0.476188018452376,0.925736116012558,A,1
Loc467,0.690256722969934,0.302508435444906,F,1
Loc468,0.460895179538056,0.363235213793814,E,1
Loc469,0.95514673832804,0.960560950217769,A,1
Loc470,0.712540122447535,0.419576285406947,E,1
Loc471,0.397147933254018,0.564239503117278,C,1
Loc472,0.117720612091944,0.800476333126426,G,1
Loc473,0.24011627305299,0.478194958763197,I,1
Loc474,0.863630566513166,0.871663532685488,D,1
Loc475,0.435976401669905,0.701587424613535,I,1
Loc476,0.497868051985279,0.128366638207808,E,1
Loc477,0.691927672130987,0.651633564848453,B,1
Loc478,0.760313281789422,0.799508373253047,D,1
Loc479,0.155401222640648,0.240165151190013,A,1
Loc480,0.849457093048841,0.863995332969353,D,1
Loc481,0.946817819029093,0.47879485716112,B,1
Loc482,0.588419190375134,0.32974161580205,E,1
Loc483,0.502250815276057,0.995425615925342,A,1
Loc484,0.189779917709529,0.759542214451358,A,1
Loc485,0.00183685822412372,0.471064956625924,A,1
Loc486,0.877578062238172,0.257584369974211,E,1
Loc487,0.134111337829381,0.383511227555573,I,1
Loc488,0.0227412241511047,0.297953611938283,A,1
Loc489,0.939136706059799,0.768626284319907,D,1
Loc490,0.292948722839355,0.429740472929552,C,1
Loc491,0.164326574420556,0.655966898193583,B,1
Loc492,0.399102555820718,0.242656880989671,E,1
Loc493,0.459575412096456,0.295184599701315,F,1
Loc494,0.434030848555267,0.929919361835346,A,1
Loc495,0.517009826377034,0.139465735759586,E,1
Loc496,0.846245752647519,0.482361179543659,B,1
Loc497,0.0551642864011228,0.8017257086467,A,1
Loc498,0.554177061188966,0.335298122605309,E,1
Loc499,0.688275237567723,0.547300927806646,C,1
Loc500,0.658057553693652,0.0506137637421489,A,1
Loc501,0.663342725252733,0.685184835223481,D,1
Loc502,0.472234202548862,0.526016568532214,C,1
Loc503,0.969528166111559,0.3854014640674,E,1
Loc504,0.402197062736377,0.21807816834189,E,1
Loc505,0.849552103783935,0.0492560362908989,A,1
Loc506,0.756644907407463,0.338603851385415,E,1
Loc507,0.532601219369099,0.52754284045659,C,1
Loc508,0.874149660812691,0.360099533572793,E,1
Loc509,0.467115115607157,0.991589037002996,A,1
Loc510,0.00812845537438989,0.04635811294429,A,1
Loc511,0.72776700463146,0.0719018939416856,E,1
Loc512,0.716589478775859,0.676367230480537,D,1
Loc513,0.187426371034235,0.162359612528235,A,1
Loc514,0.646067276829854,0.580373792676255,B,1
Loc515,0.541979279834777,0.0907658538781106,A,1
Loc516,0.335320759797469,0.65609916113317,I,1
Loc517,0.637908723205328,0.357506583211944,E,1
Loc518,0.829201063839719,0.234025480225682,F,1
Loc519,0.708975198445842,0.916430335957557,D,1
Loc520,0.348550350870937,0.0305550002958626,A,1
Loc521,0.128327874932438,0.439074041554704,C,1
Loc522,0.38807848887518,0.973690321203321,A,1
Loc523,0.92817754833959,0.399140807567164,E,1
Loc524,0.804390771314502,0.919769865693524,A,1
Loc525,0.758696807082742,0.0987638756632805,E,1
Loc526,0.957249888917431,0.320667010033503,A,1
Loc527,0.993913878686726,0.526019062381238,A,1
Loc528,0.606440994655713,0.0733354249969125,A,1
Loc529,0.0293771654833108,0.849741751793772,A,1
Loc530,0.336445357883349,0.423058009007946,E,1
Loc531,0.277658086735755,0.988096073037013,A,1
Loc532,0.117197550134733,0.478874128777534,C,1
Loc533,0.0432182590011507,0.905694005545229,A,1
Loc534,0.370309785706922,0.0185059309005737,A,1
Loc535,0.33687830879353,0.192143822088838,E,1
Loc536,0.173652553465217,0.384307020576671,I,1
Loc537,0.62177327950485,0.307436424074695,F,1
Loc538,0.397843627491966,0.528291253373027,C,1
Loc539,0.955675768665969,0.72822568169795,A,1
Loc540,0.653349443105981,0.953556534368545,A,1
Loc541,0.328743716701865,0.495994127122685,I,1
Loc542,0.197146713500842,0.132017247145995,A,1
Loc543,0.115342324832454,0.608468755614012,A,1
Loc544,0.995965478708968,0.991868579527363,A,1
Loc545,0.379276725230739,0.0947096680756658,E,1
Loc546,0.561988092726097,0.895283457124606,D,1
Loc547,0.732718017650768,0.334860897623003,E,1
Loc548,0.870805552927777,0.472178465919569,B,1
Loc549,0.572170259663835,0.177117969840765,F,1
Loc550,0.0110360709950328,0.351655028294772,C,1
Loc551,0.906315261265263,0.176559115527198,E,1
Loc552,0.770653631538153,0.653045778162777,B,1
Loc553,0.382504623383284,0.236101077171043,E,1
Loc554,0.0940458888653666,0.897164004389197,A,1
Loc555,0.0496535839047283,0.339147608028725,C,1
Loc556,0.821162318112329,0.92379611171782,A,1
Loc557,0.829324304359034,0.497738852631301,B,1
Loc558,0.654732875758782,0.56984137953259,B,1
Loc559,0.132827813038602,0.736779738916084,A,1
Loc560,0.34180990117602,0.214827520074323,E,1
Loc561,0.731371578993276,0.305312757613137,F,1
Loc562,0.907291416078806,0.863499861210585,D,1
Loc563,0.696196999400854,0.195720054209232,F,1
Loc564,0.241579222260043,0.850945501588285,G,1
Loc565,0.644107228610665,0.946970957797021,A,1
Loc566,0.280750213656574,0.274561112048104,E,1
Loc567,0.957636520732194,0.839856049511582,A,1
Loc568,0.158395956736058,0.143855765694752,A,1
Loc569,0.418338991701603,0.757050371263176,I,1
Loc570,0.252009797375649,0.446126565570012,I,1
Loc571,0.0943902677390724,0.955431776354089,A,1
Loc572,0.827717769658193,0.635325060458854,B,1
Loc573,0.525305503746495,0.164100986905396,E,1
Loc574,0.667747627478093,0.406969435280189,E,1
Loc575,0.408277759794146,0.979760026792064,A,1
Loc576,0.842589903390035,0.146939058788121,F,1
Loc577,0.737305467948318,0.889985184883699,D,1
Loc578,0.348224401008338,0.196703487541527,E,1
Loc579,0.948938177432865,0.620587071869522,A,1
Loc580,0.646679189987481,0.792540993075818,H,1
Loc581,0.03527776687406,0.73379553668201,A,1
Loc582,0.596448455704376,0.751720339525491,D,1
Loc583,0.415318001527339,0.524456359213218,C,1
Loc584,0.0768970381468534,0.629951623501256,A,1
Loc585,0.52804887923412,0.455877244705334,E,1
Loc586,0.962333308532834,0.254004830028862,E,1
Loc587,0.708740051137283,0.0574859934858978,A,1
Loc588,0.553475703578442,0.435303197940812,E,1
Loc589,0.242956608999521,0.771134980488569,B,1
Loc590,0.778042529011145,0.129155446076766,F,1
Loc591,0.651940943440422,0.983916262863204,A,1
Loc592,0.830245703924447,0.814176932908595,H,1
Loc593,0.648550947429612,0.981680901022628,A,1
Loc594,0.479835794307292,0.0363396902102977,A,1
Loc595,0.495064105605707,0.567414059303701,B,1
Loc596,0.379872591467574,0.401718270266429,E,1
Loc597,0.450485437177122,0.457046317867935,C,1
Loc598,0.814251750474796,0.403324390063062,E,1
Loc599,0.928777225781232,0.57220648182556,A,1
Loc600,0.147481045220047,0.260250953026116,C,1
Loc601,0.749821664998308,0.874087562551722,D,1
Loc602,0.975657349685207,0.993087251903489,A,1
Loc603,0.974792463472113,0.930202217539772,A,1
Loc604,0.350625570164993,0.986528045032173,A,1
Loc605,0.393949056975543,0.658342666225508,I,1
Loc606,0.950951009057462,0.302385349525139,E,1
Loc607,0.106648319633678,0.867420181864873,G,1
Loc608,0.934760116506368,0.671259561087936,D,1
Loc609,0.346162099856883,0.489199620904401,C,1
Loc610,0.53306060587056,0.6285839099437,B,1
Loc611,0.538794299354777,0.690660070860758,D,1
Loc612,0.714717949740589,0.672291485359892,D,1
Loc613,0.405790500110015,0.882117749424651,A,1
Loc614,0.152788141276687,0.687738198088482,A,1
Loc615,0.340232761343941,0.999863459262997,A,1
Loc616,0.62665484752506,0.25053632655181,F,1
Loc617,0.0573726783040911,0.478466552915052,C,1
Loc618,0.851667639799416,0.0151006982196122,A,1
Loc619,0.212645345833153,0.252019782550633,B,1
Loc620,0.539462027838454,0.326658140635118,E,1
Loc621,0.136487586190924,0.672132012201473,A,1
Loc622,0.324865140486509,0.748441303847358,I,1
Loc623,0.621076293755323,0.342435503611341,E,1
Loc624,0.255982248578221,0.280259827850387,E,1
Loc625,0.634875798830763,0.737378113903105,D,1
Loc626,0.485672106966376,0.62696939567104,B,1
Loc627,0.938176916679367,0.63354170625098,A,1
Loc628,0.857501537073404,0.215981491142884,F,1
Loc629,0.370883537689224,0.905941029312089,A,1
Loc630,0.314201829954982,0.586245939601213,C,1
Loc631,0.828534359810874,0.168583858758211,F,1
Loc632,0.451841513160616,0.683197691803798,B,1
Loc633,0.315878412220627,0.113990662852302,A,1
Loc634,0.0978085375390947,0.527885041665286,C,1
Loc635,0.0649005365557969,0.941509603289887,A,1
Loc636,0.689457366475835,0.148946444038302,F,1
Loc637,0.668050603941083,0.589121523778886,B,1
Loc638,0.90454664779827,0.878276449628174,D,1
Loc639,0.301693270448595,0.178157206624746,A,1
Loc640,0.932808704674244,0.47083354764618,B,1
Loc641,0.201983017381281,0.141462349332869,A,1
Loc642,0.792378755984828,0.0993826135527343,E,1
Loc643,0.224630508804694,0.290351454168558,C,1
Loc644,0.0307565710972995,0.245475998381153,A,1
Loc645,0.862034041201696,0.722559324000031,D,1
Loc646,0.685107505181804,0.53627455397509,B,1
Loc647,0.942074909573421,0.299001172650605,E,1
Loc648,0.675853760447353,0.199700410012156,F,1
Loc649,0.843120148405433,0.910177063662559,D,1
Loc650,0.361894184956327,0.0329712047241628,A,1
Loc651,0.392365885199979,0.596324425190687,B,1
Loc652,0.567687397589907,0.15090500889346,E,1
Loc653,0.0951521336100996,0.577648263191804,A,1
Loc654,0.193784071598202,0.454476653132588,I,1
Loc655,0.588066393043846,0.493808774044737,C,1
Loc656,0.751504168147221,0.526207120390609,B,1
Loc657,0.867238787235692,0.383012889884412,E,1
Loc658,0.371795737184584,0.928897896083072,A,1
Loc659,0.798814549576491,0.433417851105332,E,1
Loc660,0.0583143925759941,0.244762477930635,A,1
Loc661,0.623435709392652,0.876257271505892,D,1
Loc662,0.356641406659037,0.182659917743877,E,1
Loc663,0.587927932385355,0.0903237543534487,A,1
Loc664,0.913784642005339,0.23915986972861,E,1
Loc665,0.199442182900384,0.861430489923805,G,1
Loc666,0.369083623867482,0.832555507542565,B,1
Loc667,0.671408327762038,0.362912645563483,E,1
Loc668,0.768144550733268,0.187907135579735,F,1
Loc669,0.522248276043683,0.768745967419818,D,1
Loc670,0.828075018012896,0.440788447391242,B,1
Loc671,0.52709619468078,0.476709238486364,C,1
Loc672,0.501754825003445,0.980656960047781,A,1
Loc673,0.419973319862038,0.0891814369242638,A,1
Loc674,0.362298283260316,0.0973854917101562,A,1
Loc675,0.123428910272196,0.635668759932742,A,1
Loc676,0.298161529470235,0.19853898906149,E,1
Loc677,0.276676489738747,0.261605151230469,E,1
Loc678,0.770225355634466,0.318762333597988,F,1
Loc679,0.77818130212836,0.869576696539298,D,1
Loc680,0.143787280656397,0.0520885842852294,A,1
Loc681,0.515526150586084,0.203910853713751,F,1
Loc682,0.59724048548378,0.572258583270013,B,1
Loc683,0.505843024002388,0.0369057455100119,A,1
Loc684,0.386099633062258,0.018092263257131,A,1
Loc685,0.426098100841045,0.196549722459167,F,1
Loc686,0.0117597347125411,0.340977491578087,C,1
Loc687,0.919331770390272,0.283653292106465,E,1
Loc688,0.0794396931305528,0.186334068421274,A,1
Loc689,0.507374254753813,0.204421713249758,F,1
Loc690,0.820171616971493,0.231853017117828,F,1
Loc691,0.5983954181429,0.406101839616895,E,1
Loc692,0.424153526080772,0.867169511504471,A,1
Loc693,0.559310270706192,0.275812620762736,F,1
Loc694,0.789094472071156,0.752554503967986,H,1
Loc695,0.167715257965028,0.340630786726251,C,1
Loc696,0.970451730070636,0.960103333927691,A,1
Loc697,0.473503098357469,0.628540931269526,B,1
Loc698,0.929743205895647,0.845313196536154,D,1
Loc699,0.900939270388335,0.122283626580611,E,1
Loc700,0.750882187858224,0.555707331513986,B,1
Loc701,0.676568772410974,0.77642580284737,H,1
Loc702,0.648013445781544,0.259379373397678,F,1
Loc703,0.0732468697242439,0.498980368953198,C,1
Loc704,0.423558418406174,0.58441674686037,C,1
Loc705,0.530824364162982,0.484753041295335,C,1
Loc706,0.942704762332141,0.608539856038988,A,1
Loc707,0.71222455939278,0.0208632645662874,A,1
Loc708,0.724490575492382,0.38279984309338,E,1
Loc709,0.47012861771509,0.381619910942391,E,1
Loc710,0.120282255811617,0.0674072960391641,A,1
Loc711,0.783097670879215,0.289226401364431,F,1
Loc712,0.438157397089526,0.764742906205356,I,1
Loc713,0.431455979822204,0.801584762288257,B,1
Loc714,0.0274978789966553,0.204031246481463,A,1
Loc715,0.146561842877418,0.917860072338954,A,1
Loc716,0.422595157986507,0.102161068003625,A,1
Loc717,0.767137174261734,0.890884600812569,D,1
Loc718,0.0047664453741163,0.513431229395792,A,1
Loc719,0.603595691500232,0.132781761698425,E,1
Loc720,0.90557726053521,0.337982318364084,E,1
Loc721,0.706661531934515,0.213000355288386,F,1
Loc722,0.2625371592585,0.82870218413882,G,1
Loc723,0.851076219463721,0.464334379183128,B,1
Loc724,0.333605515072122,0.33625348075293,E,1
Loc725,0.578284267568961,0.144650358706713,E,1
Loc726,0.432773130247369,0.868071043165401,A,1
Loc727,0.0515953230205923,0.0543226287700236,A,1
Loc728,0.729803287889808,0.613883084617555,B,1
Loc729,0.548170414287597,0.785630304832011,D,1
Loc730,0.751221985556185,0.579446654533967,B,1
Loc731,0.0507711647078395,0.527169481385499,A,1
Loc732,0.714966212399304,0.410513413604349,E,1
Loc733,0.297694456763566,0.730523158563301,I,1
Loc734,0.28347720974125,0.8836000605952,G,1
Loc735,0.829877127427608,0.114475055364892,E,1
Loc736,0.0863953751977533,0.324147744104266,C,1
Loc737,0.0426571189891547,0.366757013369352,C,1
Loc738,0.348740808898583,0.253948567667976,E,1
Loc739,0.542336010141298,0.120749427936971,E,1
Loc740,0.609460863517597,0.582967506255955,B,1
Loc741,0.271372098475695,0.2034348747693,A,1
Loc742,0.205230931984261,0.579752318561077,I,1
Loc743,0.38163214828819,0.590647940291092,B,1
Loc744,0.47255811537616,0.977186663541943,A,1
Loc745,0.835517949890345,0.207538184709847,F,1
Loc746,0.121471496298909,0.242746019270271,A,1
Loc747,0.675808124942705,0.160246446263045,F,1
Loc748,0.496685219928622,0.789168701507151,B,1
Loc749,0.90223774779588,0.0957476415205747,E,1
Loc750,0.551263966830447,0.456290248548612,E,1
Loc751,0.12856467650272,0.075754487188533,A,1
Loc752,0.442009785678238,0.937549793161452,A,1
Loc753,0.192297696368769,0.194110536715016,A,1
Loc754,0.434900622116402,0.71457881340757,I,1
Loc755,0.225133402971551,0.95579069154337,A,1
Loc756,0.961096282117069,0.741858070949093,A,1
Loc757,0.448427465045825,0.256030270131305,F,1
Loc758,0.77714498527348,0.612532270140946,B,1
Loc759,0.158219774486497,0.132818012498319,A,1
Loc760,0.866808582562953,0.18019323493354,F,1
Loc761,0.206145605770871,0.0799355178605765,A,1
Loc762,0.177949683042243,0.271181135671213,C,1
Loc763,0.16489114635624,0.440128399757668,C,1
Loc764,0.565268977312371,0.711458232719451,D,1
Loc765,0.727181021124125,0.346787970978767,E,1
Loc766,0.87591898906976,0.150468136416748,F,1
Loc767,0.7084243837744,0.599506254540756,B,1
Loc768,0.47746321093291,0.890618327539414,A,1
Loc769,0.820279993582517,0.388700943207368,E,1
Loc770,0.0166122107766569,0.0981341134756804,A,1
Loc771,0.996111101238057,0.807211842387915,A,1
Loc772,0.63489483576268,0.118084280984476,E,1
Loc773,0.42847538087517,0.764265555189922,I,1
Loc774,0.0283929328434169,0.126254325965419,A,1
Loc775,0.753332700580359,0.854531788034365,D,1
Loc776,0.20863397535868,0.536768707213923,I,1
Loc777,0.999455405166373,0.596191750140861,A,1
Loc778,0.907249193172902,0.863054233137518,D,1
Loc779,0.712465031770989,0.867438183631748,D,1
Loc780,0.730932883918285,0.0590932832565159,A,1
Loc781,0.47248792112805,0.469489691546187,C,1
Loc782,0.86251068697311,0.342481704195961,E,1
Loc783,0.165415122406557,0.824570669326931,G,1
Loc784,0.620427925605327,0.529290451202542,B,1
Loc785,0.29233139497228,0.437235599849373,C,1
Loc786,0.456141733797267,0.0564257903024554,A,1
Loc787,0.0456392089836299,0.247774575836957,A,1
Loc788,0.177661752095446,0.39808634808287,I,1
Loc789,0.0579320678953081,0.111213281052187,A,1
Loc790,0.944410233525559,0.421622570138425,B,1
Loc791,0.342743474291638,0.23918923176825,E,1
Loc792,0.517950570676476,0.850532291689888,D,1
Loc793,0.625245335279033,0.227025169879198,F,1
Loc794,0.23726485366933,0.747712324839085,B,1
Loc795,0.516123914392665,0.717718615429476,D,1
Loc796,0.806541827740148,0.0951648713089526,E,1
Loc797,0.348264734493569,0.47922472585924,C,1
Loc798,0.858687452971935,0.127142050070688,E,1
Loc799,0.034438761183992,0.264237005030736,A,1
Loc800,0.970997145865113,0.227041788864881,E,1
Loc801,0.745110136223957,0.184503210475668,F,1
Loc802,0.273255241801962,0.0172559637576342,A,1
Loc803,0.677106101531535,0.934820265276358,A,1
Loc804,0.347947468049824,0.121039894642308,E,1
Loc805,0.947020521620288,0.406425643712282,E,1
Loc806,0.338623774936423,0.789167857030407,B,1
Loc807,0.0317132039926946,0.105868488550186,A,1
Loc808,0.35358579759486,0.341594616649672,E,1
Loc809,0.387123587774113,0.333594424650073,E,1
Loc810,0.356947160093114,0.774401936912909,B,1
Loc811,0.959968606010079,0.537167157977819,A,1
Loc812,0.383738204836845,0.787171488394961,B,1
Loc813,0.546337621053681,0.797589224996045,D,1
Loc814,0.925323475850746,0.223905894672498,E,1
Loc815,0.916859527118504,0.466157538117841,B,1
Loc816,0.24273299286142,0.32234396552667,C,1
Loc817,0.717090838821605,0.544530030107126,B,1
Loc818,0.348946035839617,0.971569425193593,A,1
Loc819,0.5542833507061,0.149301019264385,E,1
Loc820,0.74297241307795,0.363682809751481,E,1
Loc821,0.819698318606243,0.787106834352016,D,1
Loc822,0.869657265022397,0.586609131889418,B,1
Loc823,0.0358651343267411,0.539789478061721,C,1
Loc824,0.220024403417483,0.873886008979753,G,1
Loc825,0.3669732096605,0.769426584709436,I,1
Loc826,0.305696442024782,0.450837499694899,C,1
Loc827,0.727830457501113,0.939054067479447,A,1
Loc828,0.699728766223416,0.558589052874595,B,1
Loc829,0.910060926806182,0.57100012502633,B,1
Loc830,0.845602609682828,0.107309120241553,E,1
Loc831,0.778544640168548,0.388762210728601,E,1
Loc832,0.400843428215012,0.97747800545767,A,1
Loc833,0.576804658863693,0.221451952122152,F,1
Loc834,0.0763594461604953,0.220063263550401,A,1
Loc835,0.872974850703031,0.282170991180465,E,1
Loc836,0.956285735592246,0.119221175322309,E,1
Loc837,0.505531079834327,0.180133660789579,E,1
Loc838,0.924366363789886,0.284447416896,E,1
Loc839,0.134513532742858,0.644275576109067,A,1
Loc840,0.238737003179267,0.960355026647449,A,1
Loc841,0.489962622057647,0.071094990009442,A,1
Loc842,0.474060096777976,0.0379184696357697,A,1
Loc843,0.434994159033522,0.0404609409160912,A,1
Loc844,0.0392489600926638,0.416924799326807,C,1
Loc845,0.644331015180796,0.252264143666252,F,1
Loc846,0.715567200211808,0.108593236422166,E,1
Loc847,0.351666721282527,0.860879449406639,G,1
Loc848,0.946556748822331,0.151392416795716,E,1
Loc849,0.74310650723055,0.548879792448133,B,1
Loc850,0.050785920349881,0.510724522871897,A,1
Loc851,0.98036478087306,0.310565027175471,A,1
Loc852,0.217822452541441,0.682977760676295,B,1
Loc853,0.0361960020381957,0.748439820716158,A,1
Loc854,0.2607038654387,0.952518456615508,A,1
Loc855,0.720415785908699,0.362614567857236,E,1
Loc856,0.247894181171432,0.346293529728428,E,1
Loc857,0.234915791545063,0.454230330651626,I,1
Loc858,0.021011842880398,0.668704696698114,A,1
Loc859,0.264620627742261,0.529091747943312,I,1
Loc860,0.691801619483158,0.00282118795439601,A,1
Loc861,0.0346693911124021,0.861873355694115,A,1
Loc862,0.0627861295361072,0.556885670172051,A,1
Loc863,0.397706091869622,0.901919867144898,A,1
Loc864,0.490028424886987,0.950325969839469,A,1
Loc865,0.631048747571185,0.90016832225956,D,1
Loc866,0.723404312273487,0.693946446059272,D,1
Loc867,0.0767657924443483,0.836223875638098,A,1
Loc868,0.421446080552414,0.463188710156828,C,1
Loc869,0.9737266858574,0.629099685000256,A,1
Loc870,0.813805783400312,0.439100827323273,B,1
Loc871,0.223767722956836,0.969921130919829,A,1
Loc872,0.489742305828258,0.279548889491707,F,1
Loc873,0.0113401929847896,0.979468783829361,A,1
Loc874,0.258602296933532,0.682925201021135,I,1
Loc875,0.454598771873862,0.90800611441955,A,1
Loc876,0.740976688219234,0.669978885678574,D,1
Loc877,0.990660011768341,0.413064608583227,A,1
Loc878,0.332204946083948,0.931386237964034,A,1
Loc879,0.944791405461729,0.149158932967111,E,1
Loc880,0.961853419896215,0.0170216606929898,A,1
Loc881,0.899277499644086,0.57650084933266,B,1
Loc882,0.492715835105628,0.508741041412577,C,1
Loc883,0.784935477888212,0.289366538636386,F,1
Loc884,0.803119047079235,0.276402591494843,F,1
Loc885,0.677767623681575,0.608338379301131,B,1
Loc886,0.581277578603476,0.390518135624006,E,1
Loc887,0.330668087350205,0.290983642218634,E,1
Loc888,0.00131465657614172,0.385935724014416,A,1
Loc889,0.0658019641414285,0.82154262624681,A,1
Loc890,0.0859519173391163,0.232980050612241,A,1
Loc891,0.0131097168195993,0.985718144569546,A,1
Loc892,0.335745624266565,0.615445851814002,B,1
Loc893,0.119264316512272,0.832475731614977,G,1
Loc894,0.593595445388928,0.236615931149572,F,1
Loc895,0.0373126757331192,0.770901343319565,A,1
Loc896,0.00957179185934365,0.0587735532317311,A,1
Loc897,0.161596125923097,0.514899645932019,C,1
Loc898,0.831898988224566,0.861012595007196,D,1
Loc899,0.766842754324898,0.985402142396197,A,1
Loc900,0.272780316416174,0.396762260701507,E,1
Loc901,0.188163298880681,0.468283585039899,I,1
Loc902,0.225761834764853,0.420655518304557,I,1
Loc903,0.0619703675620258,0.915634844917804,A,1
Loc904,0.0599002409726381,0.482314377091825,C,1
Loc905,0.148155870381743,0.942408323055133,A,1
Loc906,0.0729878859128803,0.124178858473897,A,1
Loc907,0.042885891860351,0.563707939581946,C,1
Loc908,0.522461272310466,0.731236714404076,D,1
Loc909,0.789231489412487,0.000570522155612707,A,1
Loc910,0.69475334812887,0.628355585271493,B,1
Loc911,0.06657604733482,0.370726245688275,C,1
Loc912,0.0179577465169132,0.0857618749141693,A,1
Loc913,0.442158423364162,0.676196757005528,B,1
Loc914,0.157602083170786,0.609157745726407,A,1
Loc915,0.718860115855932,0.0960991012398154,E,1
Loc916,0.703941832529381,0.39890470681712,E,1
Loc917,0.885226304875687,0.0983217679895461,E,1
Loc918,0.325261015212163,0.794567694189027,B,1
Loc919,0.970881566638127,0.817632554331794,A,1
Loc920,0.984820266254246,0.405014413874596,A,1
Loc921,0.0391847176942974,0.0025872802361846,A,1
Loc922,0.893571288092062,0.60858040349558,B,1
Loc923,0.82239915127866,0.592336924979463,B,1
Loc924,0.724244692828506,0.910157452803105,D,1
Loc925,0.288920137798414,0.393951011588797,E,1
Loc926,0.501948604593053,0.964200276881456,A,1
Loc927,0.428347001317888,0.255093980347738,F,1
Loc928,0.610016016056761,0.140771795995533,E,1
Loc929,0.926113174064085,0.525254423962906,B,1
Loc930,0.240123257739469,0.454066655598581,I,1
Loc931,0.271881833905354,0.521722374018282,I,1
Loc932,0.735003646463156,0.0856974001508206,E,1
Loc933,0.751545873004943,0.597549495054409,B,1
Loc934,0.930591920856386,0.683515642071143,D,1
Loc935,0.462730274768546,0.54935643542558,C,1
Loc936,0.860691176727414,0.62022546841763,B,1
Loc937,0.312036419520155,0.296236180700362,E,1
Loc938,0.208039013436064,0.284499722765759,C,1
Loc939,0.920827467227355,0.601982762338594,A,1
Loc940,0.0527368842158467,0.167672119801864,A,1
Loc941,0.411155431065708,0.917387138586491,A,1
Loc942,0.456341215176508,0.990910422988236,A,1
Loc943,0.415860247565433,0.747668364550918,I,1
Loc944,0.670353451743722,0.492538609309122,B,1
Loc945,0.756904080044478,0.932809803402051,A,1
Loc946,0.911651314469054,0.617038996191695,A,1
Loc947,0.819952085847035,0.391704063396901,E,1
Loc948,0.0936498525552452,0.196377992630005,A,1
Loc949,0.177906081313267,0.720078877871856,I,1
Loc950,0.6422145802062,0.934172073379159,A,1
Loc951,0.874282993841916,0.692643887130544,D,1
Loc952,0.592313350411132,0.888580930186436,D,1
Loc953,0.262432192219421,0.22866586712189,A,1
Loc954,0.883752264082432,0.546568950172514,B,1
Loc955,0.187689346261322,0.206999191548675,A,1
Loc956,0.488866982283071,0.537049781996757,C,1
Loc957,0.0098204871173948,0.969277777243406,A,1
Loc958,0.360434043221176,0.803233906626701,B,1
Loc959,0.442161690909415,0.204046824015677,E,1
Loc960,0.125729221384972,0.400646861409768,C,1
Loc961,0.6243645476643,0.829124875832349,H,1
Loc962,0.302431331714615,0.441127017373219,C,1
Loc963,0.239637228194624,0.395053243497387,C,1
Loc964,0.358629763592035,0.0308886922430247,A,1
Loc965,0.89291041251272,0.13586610625498,E,1
Loc966,0.990627265069634,0.677184424130246,A,1
Loc967,0.732421197462827,0.0624880669638515,E,1
Loc968,0.99278808827512,0.99753821385093,A,1
Loc969,0.53978936211206,0.113849017070606,E,1
Loc970,0.433801761828363,0.625332500552759,B,1
Loc971,0.96467367419973,0.025586555711925,A,1
Loc972,0.148319643223658,0.0687424391508102,A,1
Loc973,0.0664930557832122,0.188337299507111,A,1
Loc974,0.0242514880374074,0.800191444111988,A,1
Loc975,0.61242324183695,0.83482421701774,H,1
Loc976,0.696608748054132,0.724687710637227,D,1
Loc977,0.801141887204722,0.280629894929007,F,1
Loc978,0.137730283895507,0.642902703024447,A,1
Loc979,0.15978482272476,0.95878588128835,A,1
Loc980,0.988833592971787,0.537109044613317,A,1
Loc981,0.398645695531741,0.431453318335116,C,1
Loc982,0.187911816174164,0.724118740065023,A,1
Loc983,0.477728241123259,0.174124128883705,E,1
Loc984,0.544234022730961,0.320324381114915,F,1
Loc985,0.328157980693504,0.387977738399059,E,1
Loc986,0.999930593650788,0.0544939073733985,A,1
Loc987,0.527781835990027,0.277924564434215,F,1
Loc988,0.133734508184716,0.7154537870083,I,1
Loc989,0.438540067756549,0.328546082368121,E,1
Loc990,0.620793939800933,0.601455149007961,B,1
Loc991,0.202912412118167,0.523920817300677,C,1
Loc992,0.134169772733003,0.860549127915874,G,1
Loc993,0.776833998039365,0.532769263954833,B,1
Loc994,0.635949848685414,0.111421905225143,E,1
Loc995,0.282136296620592,0.775893481913954,B,1
Loc996,0.191259456099942,0.0629397972952574,A,1
Loc997,0.265536719933152,0.70528526767157,I,1
Loc998,0.530808792915195,0.0492558798287064,A,1
Loc999,0.684860904002562,0.781316658947617,H,1
Loc1000,0.383283393690363,0.784139262512326,B,1
Loc1001,0.954987998353317,0.552575739799067,A,1
Loc1002,0.118356580613181,0.85510840639472,G,1
Loc1003,0.0391000553499907,0.209872044855729,A,1
Loc1004,0.504505032906309,0.230055250460282,F,1
Loc1005,0.578482555225492,0.673410430550575,D,1
Loc1006,0.839303907938302,0.444783360464498,B,1
Loc1007,0.654444975312799,0.660065344534814,D,1
Loc1008,0.944528339896351,0.0778218938503414,A,1
Loc1009,0.511657629627734,0.34324827324599,E,1
Loc1010,0.0849210591986775,0.807454800233245,A,1
Loc1011,0.994770509423688,0.34897535527125,A,1
Loc1012,0.401444119866937,0.0520824007689953,A,1
Loc1013,0.895646296674386,0.863282800884917,D,1
Loc1014,0.876858412055299,0.556919454364106,B,1
Loc1015,0.296484797960147,0.909955336013809,G,1
Loc1016,0.132591909728944,0.761296632234007,A,1
Loc1017,0.265910907648504,0.545541842700914,I,1
Loc1018,0.00572754279710352,0.477882002945989,A,1
Loc1019,0.819601821480319,0.347431353293359,E,1
Loc1020,0.174661678960547,0.568207804346457,C,1
Loc1021,0.84308055206202,0.950769187184051,A,1
Loc1022,0.16671216674149,0.261379009811208,C,1
Loc1023,0.76401943503879,0.106805441435426,E,1
Loc1024,0.518938087392598,0.253757920349017,F,1
Loc1025,0.272685303352773,0.180903868051246,E,1
Loc1026,0.343203135766089,0.531388920033351,C,1
Loc1027,0.705075340112671,0.802349541336298,H,1
Loc1028,0.591535301180556,0.47949518612586,C,1
Loc1029,0.469379037618637,0.177401563152671,E,1
Loc1030,0.336376605555415,0.397133344551548,E,1
Loc1031,0.967837428674102,0.814226992661133,A,1
Loc1032,0.645841883728281,0.941357076400891,A,1
Loc1033,0.196301169227809,0.173349933931604,A,1
Loc1034,0.357180385151878,0.354940799530596,E,1
Loc1035,0.513018082128838,0.705040041357279,D,1
Loc1036,0.882996740518138,0.959240919910371,A,1
Loc1037,0.152667565271258,0.427801409969106,I,1
Loc1038,0.230461597442627,0.135915317805484,A,1
Loc1039,0.162988578435034,0.813741239253432,G,1
Loc1040,0.614346859045327,0.8068449604325,H,1
Loc1041,0.501636443892494,0.908110354794189,A,1
Loc1042,0.188118888065219,0.703601886983961,A,1
Loc1043,0.407714852597564,0.458796519786119,C,1
Loc1044,0.582388046896085,0.0816244133748114,A,1
Loc1045,0.308929065009579,0.730743972118944,I,1
Loc1046,0.480965640163049,0.932681515347213,A,1
Loc1047,0.939394792309031,0.0359482921194285,A,1
Loc1048,0.0460405482444912,0.107039442518726,A,1
Loc1049,0.534861729713157,0.396388927707449,E,1
Loc1050,0.44266078225337,0.152283743256703,E,1
Loc1051,0.906365469563752,0.113112227525562,E,1
Loc1052,0.881042381748557,0.286152201937512,E,1
Loc1053,0.163241116330028,0.581009721849114,A,1
Loc1054,0.752190765691921,0.14162838482298,F,1
Loc1055,0.402987202163786,0.4944173397962,C,1
Loc1056,0.556952693499625,0.360284397145733,E,1
Loc1057,0.0801692819222808,0.407026430824772,C,1
Loc1058,0.116568592377007,0.281181986443698,C,1
Loc1059,0.925192561233416,0.425313429441303,B,1
Loc1060,0.878844240680337,0.463501589838415,B,1
Loc1061,0.163207626901567,0.829269654583186,G,1
Loc1062,0.531563901342452,0.359094252577052,E,1
Loc1063,0.929792168317363,0.438799045747146,B,1
Loc1064,0.325715993763879,0.00725971511565149,A,1
Loc1065,0.160794630879536,0.968147910665721,A,1
Loc1066,0.949707917869091,0.337498082546517,E,1
Loc1067,0.462357048643753,0.0284441991243511,A,1
Loc1068,0.220770887332037,0.356542730005458,C,1
Loc1069,0.00201923260465264,0.640314553165808,A,1
Loc1070,0.619192603277043,0.286633577663451,F,1
Loc1071,0.40250592213124,0.982765204971656,A,1
Loc1072,0.900032610632479,0.0823013337794691,E,1
Loc1073,0.505881984485313,0.128030818421394,E,1
Loc1074,0.726487081032246,0.263550981180742,F,1
Loc1075,0.027486614882946,0.212941627483815,A,1
Loc1076,0.379413213115185,0.946402829606086,A,1
Loc1077,0.386744662187994,0.345473791006953,E,1
Loc1078,0.337820725282654,0.405422623036429,E,1
Loc1079,0.364431851310655,0.536541351582855,C,1
Loc1080,0.638755969703197,0.275828687706962,F,1
Loc1081,0.0329143274575472,0.405671408865601,C,1
Loc1082,0.69619258842431,0.435509188333526,E,1
Loc1083,0.815564174670726,0.322054158896208,E,1
Loc1084,0.507422853494063,0.00343568925745785,A,1
Loc1085,0.112592625897378,0.972969073802233,A,1
Loc1086,0.906323301140219,0.112912589916959,E,1
Loc1087,0.413338953163475,0.548572195228189,C,1
Loc1088,0.473755787825212,0.872297380352393,A,1
Loc1089,0.713714180048555,0.862594560021535,D,1
Loc1090,0.241871210513636,0.610543699702248,I,1
Loc1091,0.299640627577901,0.00147809600457549,A,1
Loc1092,0.704478821484372,0.324025955284014,F,1
Loc1093,0.771674948045984,0.870443280553445,D,1
Loc1094,0.0138403405435383,0.506834458792582,A,1
Loc1095,0.551313953474164,0.905239950865507,D,1
Loc1096,0.652461190475151,0.986314764944836,A,1
Loc1097,0.931660708039999,0.314687065547332,E,1
Loc1098,0.690391705138609,0.0128363075200468,A,1
Loc1099,0.253767139045522,0.411044480744749,C,1
Loc1100,0.411038370104507,0.774080925853923,I,1
Loc1101,0.122891113162041,0.952318837866187,A,1
Loc1102,0.13196655572392,0.726365774637088,A,1
Loc1103,0.640118008246645,0.51643915916793,B,1
Loc1104,0.346423432230949,0.733954830560833,I,1
Loc1105,0.422756604617462,0.850405663717538,B,1
Loc1106,0.939408880425617,0.818386216182262,D,1
Loc1107,0.383889230899513,0.721614006441087,I,1
Loc1108,0.228585131000727,0.441471767378971,I,1
Loc1109,0.69027868588455,0.437110368395224,E,1
Loc1110,0.00985791743732989,0.835935265058652,A,1
Loc1111,0.686130894348025,0.385110654402524,E,1
Loc1112,0.791674596024677,0.674415432615206,D,1
Loc1113,0.507493488723412,0.0778185459785163,A,1
Loc1114,0.308076248969883,0.828976714517921,G,1
Loc1115,0.737212277250364,0.0162454729434103,A,1
Loc1116,0.304715243401006,0.112693230854347,A,1
Loc1117,0.774708701763302,0.491024512797594,B,1
Loc1118,0.112113637849689,0.682987052714452,A,1
Loc1119,0.797743699979037,0.606331759365276,B,1
Loc1120,0.491001167334616,0.897259657969698,A,1
Loc1121,0.832918174797669,0.307492890860885,E,1
Loc1122,0.758423154940829,0.542465554783121,B,1
Loc1123,0.902146560838446,0.735916769597679,D,1
Loc1124,0.278440013062209,0.156152101000771,A,1
Loc1125,0.445692849811167,0.682451540837064,B,1
Loc1126,0.272015735739842,0.880779490340501,G,1
Loc1127,0.329918325645849,0.366680132923648,E,1
Loc1128,0.863600653829053,0.0330144132021815,A,1
Loc1129,0.109857953386381,0.519780053058639,C,1
Loc1130,0.402256899746135,0.112714397488162,E,1
Loc1131,0.406075093662366,0.902385278139263,A,1
Loc1132,0.436479254858568,0.219971668673679,E,1
Loc1133,0.177000096300617,0.62347650132142,B,1
Loc1134,0.265730200102553,0.363139717373997,E,1
Loc1135,0.659550013486296,0.788599854335189,H,1
Loc1136,0.816055504838005,0.953639274695888,A,1
Loc1137,0.421184344682842,0.686537295812741,I,1
Loc1138,0.160064304247499,0.0109916639048606,A,1
Loc1139,0.288610127288848,0.957786793354899,A,1
Loc1140,0.802129008341581,0.49810330895707,B,1
Loc1141,0.164245681837201,0.540793451713398,C,1
Loc1142,0.789792735129595,0.059833055594936,E,1
Loc1143,0.524214969947934,0.161126879742369,E,1
Loc1144,0.320035002660006,0.757993698818609,I,1
Loc1145,0.275177087867633,0.322599776089191,E,1
Loc1146,0.8018980382476,0.618448045104742,B,1
Loc1147,0.104024431202561,0.593928179237992,A,1
Loc1148,0.838122266577557,0.0481248337309808,A,1
Loc1149,0.0792628736235201,0.39381199865602,C,1
Loc1150,0.717564067104831,0.311598118860275,F,1
Loc1151,0.864617826649919,0.432680421741679,E,1
Loc1152,0.97855820809491,0.359491006471217,A,1
Loc1153,0.249126207549125,0.746932842768729,B,1
Loc1154,0.0248606903478503,0.952456215396523,A,1
Loc1155,0.22297823196277,0.219007093459368,A,1
Loc1156,0.122025499586016,0.826737035065889,G,1
Loc1157,0.385239424882457,0.0274756415747106,A,1
Loc1158,0.0843304744921625,0.947684550657868,A,1
Loc1159,0.28258189978078,0.978273666463792,A,1
Loc1160,0.566582458792254,0.813566470053047,D,1
Loc1161,0.328542302362621,0.668295187875628,I,1
Loc1162,0.943474682746455,0.297704186756164,E,1
Loc1163,0.37730351393111,0.85317975259386,B,1
Loc1164,0.953315612394363,0.846250320551917,B,1
Loc1165,0.273252867627889,0.377476619090885,E,1
Loc1166,0.687330156099051,0.867635844741017,D,1
Loc1167,0.136991804465652,0.537293540546671,C,1
Loc1168,0.810210771625862,0.577537083765492,B,1
Loc1169,0.762604692019522,0.0156519564334303,A,1
Loc1170,0.442404833855107,0.911262489156798,A,1
Loc1171,0.456675694556907,0.639825749909505,B,1
Loc1172,0.680455088848248,0.554048931924626,B,1
Loc1173,0.0743979089893401,0.680059362435713,A,1
Loc1174,0.646629075054079,0.939961823867634,A,1
Loc1175,0.789914111606777,0.182285688119009,F,1
Loc1176,0.223316506715491,0.444765886291862,I,1
Loc1177,0.0409439904615283,0.298281367635354,A,1
Loc1178,0.384648363338783,0.451972152572125,E,1
Loc1179,0.344092153944075,0.910457347054034,G,1
Loc1180,0.446368692209944,0.774058116134256,I,1
Loc1181,0.38683316949755,0.68062029290013,I,1
Loc1182,0.918317915406078,0.62978654447943,B,1
Loc1183,0.174017543438822,0.400093509349972,C,1
Loc1184,0.149870562367141,0.0545396546367556,A,1
Loc1185,0.613199228886515,0.643974790116772,B,1
Loc1186,0.017243331996724,0.219813041388988,A,1
Loc1187,0.0661104843020439,0.0890372835565358,A,1
Loc1188,0.778839041478932,0.130751208867878,F,1
Loc1189,0.935656127054244,0.879388509085402,D,1
Loc1190,0.207204139558598,0.652040252229199,I,1
Loc1191,0.64334315690212,0.0281480583362281,A,1
Loc1192,0.331379575189203,0.131063067819923,E,1
Loc1193,0.955421590944752,0.157595142023638,E,1
Loc1194,0.817189157009125,0.473476128652692,B,1
Loc1195,0.740276143187657,0.750697880750522,D,1
Loc1196,0.222705976804718,0.840283919125795,G,1
Loc1197,0.0457247165031731,0.875405560946092,A,1
Loc1198,0.366526579251513,0.0110687566921115,A,1
Loc1199,0.741393025033176,0.041569180553779,A,1
Loc1200,0.933506249915808,0.211358914151788,E,1
Loc1201,0.673209949862212,0.726182851241902,D,1
Loc1202,0.70135710737668,0.794119044905528,H,1
Loc1203,0.847625407855958,0.633692966075614,B,1
Loc1204,0.706156654981896,0.149760518921539,F,1
Loc1205,0.85880775959231,0.485927834641188,B,1
Loc1206,0.44564449111931,0.748943127924576,I,1
Loc1207,0.676634992007166,0.2656033502426,F,1
Loc1208,0.127824782626703,0.758678108453751,A,1
Loc1209,0.736171535216272,0.196006852202117,F,1
Loc1210,0.0672451483551413,0.377432000823319,C,1
Loc1211,0.2808000696823,0.560318920062855,C,1
Loc1212,0.411617683712393,0.452641472686082,C,1
Loc1213,0.943424997152761,0.886163087328896,D,1
Loc1214,0.97734253318049,0.588786631124094,A,1
Loc1215,0.0388665851205587,0.0682992786169052,A,1
Loc1216,0.587727777194232,0.130542241036892,E,1
Loc1217,0.0300116771832108,0.146773063344881,A,1
Loc1218,0.565281208371744,0.86031669517979,D,1
Loc1219,0.0982272308319807,0.949276015395299,A,1
Loc1220,0.630290788598359,0.896443295525387,D,1
Loc1221,0.818501834524795,0.113651731051505,E,1
Loc1222,0.350041663041338,0.793385952012613,B,1
Loc1223,0.133983674924821,0.00431777210906148,A,1
Loc1224,0.080943378387019,0.698139909654856,A,1
Loc1225,0.350443314295262,0.506966484710574,C,1
Loc1226,0.996271784650162,0.269444103119895,A,1
Loc1227,0.532968810759485,0.634649808518589,B,1
Loc1228,0.335897380486131,0.997656602412462,A,1
Loc1229,0.314234643476084,0.505074343876913,I,1
Loc1230,0.382622060365975,0.933232999639586,A,1
Loc1231,0.018546407809481,0.191208887146786,A,1
Loc1232,0.0365391168743372,0.484762544510886,C,1
Loc1233,0.878513294039294,0.634125648066401,B,1
Loc1234,0.402064023772255,0.202303132042289,E,1
Loc1235,0.469381074188277,0.429601910756901,E,1
Loc1236,0.402336510131136,0.670688453828916,I,1
Loc1237,0.702090102480724,0.821587861981243,D,1
Loc1238,0.399164465256035,0.358691193396226,E,1
Loc1239,0.501958322711289,0.618271555984393,B,1
Loc1240,0.0369737506844103,0.347069602226838,C,1
Loc1241,0.297975734807551,0.755966565106064,B,1
Loc1242,0.962841981789097,0.565426904708147,A,1
Loc1243,0.935096904635429,0.627588032977656,A,1
Loc1244,0.961099177366123,0.392214556923136,E,1
Loc1245,0.792595364153385,0.658381888410076,B,1
Loc1246,0.754777192836627,0.683106247335672,D,1
Loc1247,0.065966630121693,0.77632555551827,A,1
Loc1248,0.135504779173061,0.767656422685832,A,1
Loc1249,0.123599375598133,0.0110934360418469,A,1
Loc1250,0.762543860822916,0.230813289992511,F,1
Loc1251,0.903465715935454,0.697714437264949,D,1
Loc1252,0.402659090235829,0.903948790160939,A,1
Loc1253,0.182563007809222,0.0889520738273859,A,1
Loc1254,0.37456521904096,0.662700216518715,I,1
Loc1255,0.506208677310497,0.641757260542363,B,1
Loc1256,0.9135026789736,0.933884687488899,A,1
Loc1257,0.0766451810486615,0.905703466618434,A,1
Loc1258,0.109745523892343,0.0282599737402052,A,1
Loc1259,0.754267222480848,0.326966211665422,F,1
Loc1260,0.304598775692284,0.866350872209296,G,1
Loc1261,0.72380965645425,0.209497950971127,F,1
Loc1262,0.232330028899014,0.489857292966917,I,1
Loc1263,0.393458866979927,0.465626492165029,C,1
Loc1264,0.507879396900535,0.532063555205241,C,1
Loc1265,0.939916865434498,0.943565017078072,A,1
Loc1266,0.0578751706052572,0.536258358042687,A,1
Loc1267,0.304765704553574,0.54024756886065,C,1
Loc1268,0.240924044046551,0.638817836530507,B,1
Loc1269,0.385203435085714,0.559129370842129,C,1
Loc1270,0.762983355671167,0.0611279506701976,E,1
Loc1271,0.864646998699754,0.29238359327428,E,1
Loc1272,0.679111215053126,0.483624843880534,B,1
Loc1273,0.676762705435976,0.298862256575376,F,1
Loc1274,0.165052519412711,0.533755369950086,C,1
Loc1275,0.802867429330945,0.444380736444145,B,1
Loc1276,0.711993431439623,0.792672285577282,H,1
Loc1277,0.928703089011833,0.0559837715700269,A,1
Loc1278,0.00749460491351783,0.365029011154547,A,1
Loc1279,0.596331653418019,0.891417951555923,D,1
Loc1280,0.366745680803433,0.519239958608523,I,1
Loc1281,0.741967155365273,0.368640997447073,E,1
Loc1282,0.762087390525267,0.417562691029161,E,1
Loc1283,0.260722959181294,0.0226960622239858,A,1
Loc1284,0.254935881355777,0.5904885600321,B,1
Loc1285,0.678840809967369,0.49303546291776,B,1
Loc1286,0.485480662435293,0.102907110704109,E,1
Loc1287,0.378584530204535,0.404790387256071,E,1
Loc1288,0.0555479826871306,0.0524687760043889,A,1
Loc1289,0.899025898426771,0.0365673368796706,A,1
Loc1290,0.801723313750699,0.231096146861091,F,1
Loc1291,0.481013050070032,0.979802730260417,A,1
Loc1292,0.0321287591941655,0.046293978812173,A,1
Loc1293,0.51200681226328,0.131950644310564,E,1
Loc1294,0.373101272154599,0.928440445568413,A,1
Loc1295,0.498571684816852,0.0879400612320751,A,1
Loc1296,0.399265736807138,0.942585540469736,A,1
Loc1297,0.0209469445981085,0.674114161171019,A,1
Loc1298,0.524289028486237,0.00382873811759055,A,1
Loc1299,0.1603988497518,0.849251258186996,G,1
Loc1300,0.205114235170186,0.515590843511745,I,1
Loc1301,0.975226715672761,0.422349815256894,A,1
Loc1302,0.966354875126854,0.859611756866798,A,1
Loc1303,0.760070322314277,0.589908806141466,B,1
Loc1304,0.0763705321587622,0.0638678425457329,A,1
Loc1305,0.515823876019567,0.135187422623858,E,1
Loc1306,0.600305194500834,0.411114768125117,E,1
Loc1307,0.437024090904742,0.830281275790185,B,1
Loc1308,0.00164226116612554,0.387132702860981,A,1
Loc1309,0.435551518108696,0.622795259347185,B,1
Loc1310,0.500963768921793,0.6052724448964,B,1
Loc1311,0.669604706112295,0.540227035991848,B,1
Loc1312,0.694857106776908,0.584369491320103,B,1
Loc1313,0.782510314369574,0.772804728941992,D,1
Loc1314,0.139022845542058,0.698219556594267,A,1
Loc1315,0.163245677249506,0.841093179536983,G,1
Loc1316,0.759542910149321,0.977512172423303,A,1
Loc1317,0.443703617434949,0.231927045853809,F,1
Loc1318,0.629668830428272,0.857306067366153,D,1
Loc1319,0.104512860300019,0.684704520739615,A,1
Loc1320,0.835548897273839,0.300191494869068,E,1
Loc1321,0.333949361927807,0.161221431568265,E,1
Loc1322,0.199519188608974,0.767234371043742,A,1
Loc1323,0.694545476464555,0.987111633410677,A,1
Loc1324,0.165878762723878,0.858097431482747,G,1
Loc1325,0.0739639038220048,0.676069807494059,A,1
Loc1326,0.0382361884694546,0.811714572599158,A,1
Loc1327,0.846020216587931,0.485714763170108,B,1
Loc1328,0.373548197327182,0.460572879295796,C,1
Loc1329,0.880710697267205,0.311910333810374,E,1
Loc1330,0.090317772468552,0.0205816389061511,A,1
Loc1331,0.495907411212102,0.412714944686741,E,1
Loc1332,0.754322736058384,0.979999884497374,A,1
Loc1333,0.605890813050792,0.135402775136754,E,1
Loc1334,0.52841279655695,0.730675936909392,D,1
Loc1335,0.91020668274723,0.525304057169706,B,1
Loc1336,0.98572890390642,0.961599416332319,A,1
Loc1337,0.279742561979219,0.720230341888964,I,1
Loc1338,0.123491694685072,0.910616386216134,G,1
Loc1339,0.17437904397957,0.303850163239986,C,1
Loc1340,0.881335254758596,0.628667964134365,B,1
Loc1341,0.124628272140399,0.208237442653626,A,1
Loc1342,0.298968904651701,0.850498702842742,G,1
Loc1343,0.164734639925882,0.0516226533800364,A,1
Loc1344,0.0726095444988459,0.763275923440233,A,1
Loc1345,0.238413982093334,0.715289933141321,B,1
Loc1346,0.716666605323553,0.767757193185389,H,1
Loc1347,0.645020991796628,0.63072845665738,B,1
Loc1348,0.0758749665692449,0.816523539600894,A,1
Loc1349,0.172708922065794,0.416317786788568,C,1
Loc1350,0.145670357858762,0.937721627065912,A,1
Loc1351,0.391901184339076,0.290783272590488,F,1
Loc1352,0.231745099416003,0.114016148028895,A,1
Loc1353,0.561379822902381,0.601935896556824,B,1
Loc1354,0.583520186599344,0.0253674585837871,A,1
Loc1355,0.098759338259697,0.0845331076998264,A,1
Loc1356,0.15891654137522,0.333610649453476,C,1
Loc1357,0.922065404010937,0.0704086690675467,A,1
Loc1358,0.859449719078839,0.705079847713932,D,1
Loc1359,0.907198753440753,0.0741995039861649,E,1
Loc1360,0.115268956404179,0.325013779336587,C,1
Loc1361,0.0355392340570688,0.358941920800135,C,1
Loc1362,0.585754387546331,0.388332616537809,E,1
Loc1363,0.314168264856562,0.785443371161819,B,1
Loc1364,0.556889274157584,0.60434823972173,B,1
Loc1365,0.354495415464044,0.762589753139764,I,1
Loc1366,0.143268311629072,0.235860442742705,A,1
Loc1367,0.567135462770239,0.285984676796943,F,1
Loc1368,0.334098657825962,0.317556669004261,E,1
Loc1369,0.120401190593839,0.921906708274037,A,1
Loc1370,0.255854324204847,0.450436822371557,I,1
Loc1371,0.353385316440836,0.125947901280597,E,1
Loc1372,0.831319929333404,0.143986092181876,F,1
Loc1373,0.783223916543648,0.311070655006915,F,1
Loc1374,0.940152207389474,0.975288923131302,A,1
Loc1375,0.839199031703174,0.231763273710385,F,1
Loc1376,0.148985019186512,0.0382028366439044,A,1
Loc1377,0.590676085092127,0.563256986206397,B,1
Loc1378,0.823962600668892,0.818462958559394,D,1
Loc1379,0.631885365350172,0.0399563447572291,A,1
Loc1380,0.469929961487651,0.0301193404011428,A,1
Loc1381,0.258740903576836,0.88195783784613,G,1
Loc1382,0.0245803508441895,0.096223073778674,A,1
Loc1383,0.328808127669618,0.886290009133518,G,1
Loc1384,0.224853484425694,0.879959146259353,G,1
Loc1385,0.877331839408726,0.835876102093607,D,1
Loc1386,0.67765420069918,0.557243729010224,B,1
Loc1387,0.52593330363743,0.467326634097844,C,1
Loc1388,0.557686663931236,0.764113968936726,D,1
Loc1389,0.247471673414111,0.876213284675032,G,1
Loc1390,0.00729677081108093,0.701952431350946,A,1
Loc1391,0.948906435165554,0.68679866543971,A,1
Loc1392,0.719150138553232,0.636870401678607,B,1
Loc1393,0.279324544593692,0.831182508030906,G,1
Loc1394,0.743782856035978,0.36510155024007,E,1
Loc1395,0.870748400921002,0.570556978695095,B,1
Loc1396,0.380370125174522,0.63015224202536,B,1
Loc1397,0.719447515904903,0.614952600328252,B,1
Loc1398,0.239606710383669,0.0368189697619528,A,1
Loc1399,0.647764874156564,0.017285815672949,A,1
Loc1400,0.975670760730281,0.0680118638556451,A,1
Loc1401,0.377998807933182,0.295271991519257,E,1
Loc1402,0.464144128607586,0.126704038120806,E,1
Loc1403,0.812296295771375,0.844714725157246,D,1
Loc1404,0.494408113183454,0.582892629085109,B,1
Loc1405,0.0503090226557106,0.540331788593903,C,1
Loc1406,0.130621740594506,0.564409879501909,C,1
Loc1407,0.161438316106796,0.111477636964992,A,1
Loc1408,0.0894531598314643,0.503265196457505,C,1
Loc1409,0.403614088194445,0.168936400907114,E,1
Loc1410,0.0638598678633571,0.330436418298632,C,1
Loc1411,0.562005922431126,0.289174646837637,F,1
Loc1412,0.336524107959121,0.8718617123086,G,1
Loc1413,0.540642281062901,0.983075922355056,A,1
Loc1414,0.913231221958995,0.44973988016136,B,1
Loc1415,0.38688075914979,0.428737231297418,C,1
Loc1416,0.960267164045945,0.298711734823883,E,1
Loc1417,0.384686591336504,0.259549331618473,E,1
Loc1418,0.941601979313418,0.793350585969165,D,1
Loc1419,0.680635657161474,0.0181931650731713,A,1
Loc1420,0.902642353670672,0.0345779112540185,A,1
Loc1421,0.253797065699473,0.0285940209869295,A,1
Loc1422,0.406097129452974,0.568425016012043,C,1
Loc1423,0.0142486135009676,0.88919350062497,A,1
Loc1424,0.11044779419899,0.554856961360201,C,1
Loc1425,0.501537791918963,0.197323454776779,F,1
Loc1426,0.371526648057625,0.792430558009073,B,1
Loc1427,0.805915554286912,0.947512933518738,A,1
Loc1428,0.00792284356430173,0.0712402206845582,A,1
Loc1429,0.836512059206143,0.371038995217532,E,1
Loc1430,0.37683917931281,0.669765127124265,I,1
Loc1431,0.385248533217236,0.00999835669063032,A,1
Loc1432,0.951530575519428,0.749893881380558,A,1
Loc1433,0.475674239452928,0.985846241936088,A,1
Loc1434,0.552093794336542,0.273909657727927,F,1
Loc1435,0.934716325020418,0.139519652351737,E,1
Loc1436,0.86343625606969,0.976404243381694,A,1
Loc1437,0.259914484340698,0.306301631964743,E,1
Loc1438,0.687699834583327,0.56942411349155,C,1
Loc1439,0.447907246183604,0.538207527250051,C,1
Loc1440,0.21801627590321,0.96145927417092,A,1
Loc1441,0.68623681506142,0.452176122227684,E,1
Loc1442,0.959382025292143,0.378670980222523,A,1
Loc1443,0.259404480922967,0.0644230844918638,A,1
Loc1444,0.468759991927072,0.67102567339316,B,1
Loc1445,0.321339557645842,0.0654471057932824,A,1
Loc1446,0.164642814546824,0.201968907378614,B,1
Loc1447,0.714727725367993,0.918583245016634,D,1
Loc1448,0.52816575136967,0.95688528008759,A,1
Loc1449,0.234714680118486,0.239341633627191,B,1
Loc1450,0.0644316615071148,0.406939328880981,C,1
Loc1451,0.67576349619776,0.79614728805609,H,1
Loc1452,0.806145361857489,0.880628596292809,D,1
Loc1453,0.115471235243604,0.956159168621525,A,1
Loc1454,0.692014421336353,0.627194220898673,B,1
Loc1455,0.0217862285207957,0.217940802918747,A,1
Loc1456,0.361376708606258,0.525597776286304,C,1
Loc1457,0.732280049938709,0.239814594388008,F,1
Loc1458,0.312623041914776,0.940649811178446,A,1
Loc1459,0.447153053246439,0.0231360632460564,A,1
Loc1460,0.825439068023115,0.634712329600006,B,1
Loc1461,0.331795465201139,0.97127534286119,A,1
Loc1462,0.144025167217478,0.107324536889791,A,1
Loc1463,0.30092075210996,0.224762569880113,E,1
Loc1464,0.162601796910167,0.146222741808742,A,1
Loc1465,0.839471578365192,0.352731726365164,E,1
Loc1466,0.664307477185503,0.333441155962646,E,1
Loc1467,0.138867305591702,0.086290895473212,A,1
Loc1468,0.325881813885644,0.971149060176685,A,1
Loc1469,0.831430218880996,0.770943657960743,H,1
Loc1470,0.822539104381576,0.0301099128555506,A,1
Loc1471,0.149399920366704,0.946407520910725,A,1
Loc1472,0.421279689529911,0.471443838207051,C,1
Loc1473,0.445182651514187,0.589938755845651,B,1
Loc1474,0.883927375776693,0.987220240058377,A,1
Loc1475,0.414997326675802,0.344388371799141,E,1
Loc1476,0.689892161870375,0.66187479509972,D,1
Loc1477,0.71692087710835,0.0475011996459216,A,1
Loc1478,0.0123791699297726,0.880997015628964,A,1
Loc1479,0.0378294484689832,0.931980005465448,A,1
Loc1480,0.0908774142153561,0.954913745401427,A,1
Loc1481,0.398823967436329,0.755370357073843,I,1
Loc1482,0.900214575929567,0.828554753214121,H,1
Loc1483,0.444902628427371,0.483656921889633,C,1
Loc1484,0.75515309209004,0.725421863608062,D,1
Loc1485,0.711470239562914,0.885771847562864,D,1
Loc1486,0.166756350314245,0.0624301570933312,A,1
Loc1487,0.869142389157787,0.902944783912972,D,1
Loc1488,0.0891845354344696,0.0282520765904337,A,1
Loc1489,0.16301366337575,0.321962855290622,C,1
Loc1490,0.849353688303381,0.128149377647787,E,1
Loc1491,0.628130341181532,0.110141913872212,E,1
Loc1492,0.208459950983524,0.513342239893973,I,1
Loc1493,0.672860826831311,0.832293160958216,D,1
Loc1494,0.964205690892413,0.445708966813982,A,1
Loc1495,0.88173885201104,0.755911491811275,H,1
Loc1496,0.961764686973765,0.899729524739087,A,1
Loc1497,0.464693185640499,0.308047227328643,F,1
Loc1498,0.0728773572482169,0.556854023132473,C,1
Loc1499,0.874308753525838,0.999194678850472,A,1
Loc1500,0.198872806271538,0.202094245236367,A,1
Loc1501,0.53458975860849,0.00539996149018407,A,1
Loc1502,0.105562190990895,0.30408637248911,C,1
Loc1503,0.383995017269626,0.496753414859995,C,1
Loc1504,0.747705924557522,0.0283771625254303,A,1
Loc1505,0.695790997939184,0.872602669754997,D,1
Loc1506,0.0983917720150203,0.934078645659611,A,1
Loc1507,0.611531793372706,0.930875941179693,A,1
Loc1508,0.0209252538625151,0.0465287743136287,A,1
Loc1509,0.649712249170989,0.835429355502129,H,1
Loc1510,0.978378070285544,0.835889535723254,A,1
Loc1511,0.842504459200427,0.558966832933947,B,1
Loc1512,0.842785842018202,0.881150518311188,D,1
Loc1513,0.387452162569389,0.784917331300676,B,1
Loc1514,0.79307110211812,0.904405734501779,D,1
Loc1515,0.406196559080854,0.711434805998579,I,1
Loc1516,0.253348905127496,0.575503982836381,C,1
Loc1517,0.419303989037871,0.48907258710824,C,1
Loc1518,0.495499532902613,0.204282114747912,F,1
Loc1519,0.858245956944302,0.190222956705838,F,1
Loc1520,0.732264853548259,0.838384618517011,D,1
Loc1521,0.97442849050276,0.88805390545167,A,1
Loc1522,0.100054909707978,0.567778263706714,C,1
Loc1523,0.832590837031603,0.362700476078317,E,1
Loc1524,0.450554177863523,0.231114051071927,F,1
Loc1525,0.85045913583599,0.384228762472048,E,1
Loc1526,0.569751543691382,0.572439994895831,B,1
Loc1527,0.961542513919994,0.599919136846438,A,1
Loc1528,0.954750733915716,0.794454609276727,A,1
Loc1529,0.283779508899897,0.504586929921061,I,1
Loc1530,0.739606497809291,0.54015195555985,B,1
Loc1531,0.0707425756845623,0.0240896218456328,A,1
Loc1532,0.900119546800852,0.777229169383645,H,1
Loc1533,0.13342057261616,0.334934893762693,C,1
Loc1534,0.555886077694595,0.468478092225268,C,1
Loc1535,0.600408032536507,0.729831201722845,D,1
Loc1536,0.132961038965732,0.744718985864893,A,1
Loc1537,0.509312337264419,0.890803800430149,A,1
Loc1538,0.36704990756698,0.300632366910577,E,1
Loc1539,0.00330454739741981,0.101898519555107,A,1
Loc1540,0.0479798603337258,0.190689533017576,A,1
Loc1541,0.882048450177535,0.257666680263355,E,1
Loc1542,0.823517040116712,0.272624538047239,F,1
Loc1543,0.413030900992453,0.00727951503358781,A,1
Loc1544,0.921733218012378,0.91790635837242,D,1
Loc1545,0.477402933407575,0.84050816623494,B,1
Loc1546,0.474994423566386,0.377059336286038,E,1
Loc1547,0.657836067024618,0.502039992250502,B,1
Loc1548,0.163320453837514,0.332168674794957,C,1
Loc1549,0.0951943711843342,0.785535226110369,A,1
Loc1550,0.861514792311937,0.781624939991161,H,1
Loc1551,0.239879169734195,0.286652230657637,C,1
Loc1552,0.555404131999239,0.387615817133337,E,1
Loc1553,0.849406595109031,0.584658698644489,B,1
Loc1554,0.349647580645978,0.994150223443285,A,1
Loc1555,0.975738595239818,0.835735885892063,A,1
Loc1556,0.869405530160293,0.726855342742056,D,1
Loc1557,0.754124050959945,0.407429949846119,E,1
Loc1558,0.223673420026898,0.95852635265328,A,1
Loc1559,0.769816465443,0.80196490092203,D,1
Loc1560,0.874713584315032,0.704851950518787,D,1
Loc1561,0.0437931080814451,0.743434723000973,A,1
Loc1562,0.199760707095265,0.0411616840865463,A,1
Loc1563,0.853742358274758,0.0558531857095659,E,1
Loc1564,0.652254128362983,0.896790414117277,D,1
Loc1565,0.869332019239664,0.621500158915296,B,1
Loc1566,0.813636587467045,0.71561091253534,D,1
Loc1567,0.36144763790071,0.00645972532220185,A,1
Loc1568,0.0908958460204303,0.150810371153057,A,1
Loc1569,0.574655290460214,0.390337652293965,E,1
Loc1570,0.654730413574725,0.714161876123399,D,1
Loc1571,0.822204776341096,0.290325599722564,F,1
Loc1572,0.455575515050441,0.837331550894305,B,1
Loc1573,0.984328898368403,0.809496423229575,A,1
Loc1574,0.750398378120735,0.181867694249377,F,1
Loc1575,0.13355568703264,0.615423773881048,A,1
Loc1576,0.21517351269722,0.098172070691362,A,1
Loc1577,0.848379537696019,0.27517956495285,E,1
Loc1578,0.465341185452417,0.780145775992423,B,1
Loc1579,0.915767790284008,0.437542198225856,B,1
Loc1580,0.916557738324627,0.221972281346098,E,1
Loc1581,0.819854583824053,0.573065859032795,B,1
Loc1582,0.566901157610118,0.780486597446725,D,1
Loc1583,0.615477161249146,0.155522431246936,F,1
Loc1584,0.794800289906561,0.847129767062142,D,1
Loc1585,0.439696548506618,0.248301811050624,F,1
Loc1586,0.412587253144011,0.802099082618952,B,1
Loc1587,0.565485285129398,0.10699037485756,E,1
Loc1588,0.151647832011804,0.579044283600524,C,1
Loc1589,0.807460845448077,0.0623896184843034,E,1
Loc1590,0.495641366345808,0.0907182868104428,A,1
Loc1591,0.140509183052927,0.299951496301219,C,1
Loc1592,0.110289279138669,0.640830152668059,A,1
Loc1593,0.110791063401848,0.492609065724537,C,1
Loc1594,0.00471427943557501,0.555314179975539,A,1
Loc1595,0.238404355244711,0.0584233943372965,A,1
Loc1596,0.878822879167274,0.342911960789934,E,1
Loc1597,0.0772186573594809,0.680054666940123,A,1
Loc1598,0.138538560131565,0.43438574927859,C,1
Loc1599,0.0475245749112219,0.252121420809999,A,1
Loc1600,0.0339188734069467,0.14642827026546,A,1
Loc1601,0.916089018341154,0.622130993520841,B,1
Loc1602,0.840200393926352,0.579677405068651,B,1
Loc1603,0.1788714164868,0.556677608285099,C,1
Loc1604,0.495267945108935,0.02434884570539,A,1
Loc1605,0.306958527071401,0.354189245030284,E,1
Loc1606,0.274376961868256,0.377888964023441,E,1
Loc1607,0.128243855433539,0.0258919151965529,A,1
Loc1608,0.429381913272664,0.676427339902148,I,1
Loc1609,0.695944963721558,0.0550569642800838,A,1
Loc1610,0.335060718469322,0.0432647177949548,A,1
Loc1611,0.701246433425695,0.00553221069276333,A,1
Loc1612,0.840534914750606,0.206780816894025,F,1
Loc1613,0.882632006658241,0.913408516673371,D,1
Loc1614,0.766589350067079,0.341096192831174,E,1
Loc1615,0.322027627611533,0.359174565644935,E,1
Loc1616,0.0421170077752322,0.866259583970532,A,1
Loc1617,0.8927099222783,0.973590466193855,A,1
Loc1618,0.638105145189911,0.980258395429701,A,1
Loc1619,0.554493116214871,0.0727123722899705,A,1
Loc1620,0.76632994809188,0.461705907247961,B,1
Loc1621,0.0968612944707274,0.930817308370024,A,1
Loc1622,0.748016487574205,0.130190584808588,E,1
Loc1623,0.875217987690121,0.859063123119995,D,1
Loc1624,0.00766859552823007,0.520018735202029,A,1
Loc1625,0.934916985454038,0.224378655897453,E,1
Loc1626,0.406965658068657,0.427132410695776,C,1
Loc1627,0.788763389689848,0.762412854935974,D,1
Loc1628,0.976127624511719,0.59382830420509,A,1
Loc1629,0.33340254588984,0.719509370625019,I,1
Loc1630,0.787214820971712,0.284091336419806,F,1
Loc1631,0.0893609160557389,0.441674972185865,C,1
Loc1632,0.0436999020166695,0.75138835189864,A,1
Loc1633,0.514933738159016,0.934092341689393,A,1
Loc1634,0.0480893275234848,0.0714133388828486,A,1
Loc1635,0.0891961276065558,0.389918048400432,C,1
Loc1636,0.688325521536171,0.127625434426591,E,1
Loc1637,0.0348385337274522,0.978706541005522,A,1
Loc1638,0.430910924449563,0.161171129206195,E,1
Loc1639,0.759294051211327,0.115898978663608,E,1
Loc1640,0.831796954618767,0.786069729132578,D,1
Loc1641,0.382462516892701,0.905293547548354,A,1
Loc1642,0.615554818883538,0.599870102247223,B,1
Loc1643,0.344986650394276,0.300136657431722,E,1
Loc1644,0.532278774073347,0.226046127732843,F,1
Loc1645,0.260009106947109,0.63842404820025,I,1
Loc1646,0.572860622312874,0.279024854302406,F,1
Loc1647,0.905846678419039,0.471430473960936,B,1
Loc1648,0.566021878505126,0.922835612669587,A,1
Loc1649,0.0564868177752942,0.447039629099891,C,1
Loc1650,0.102113745408133,0.176126699196175,A,1
Loc1651,0.328341855900362,0.464907581685111,C,1
Loc1652,0.990600507240742,0.86713677062653,A,1
Loc1653,0.714365339372307,0.820635310839862,D,1
Loc1654,0.0789741838816553,0.945926673477516,A,1
Loc1655,0.614216449437663,0.512540388619527,B,1
Loc1656,0.493233672808856,0.105226350249723,E,1
Loc1657,0.269097654847428,0.912915701977909,A,1
Loc1658,0.293110862839967,0.989705915795639,A,1
Loc1659,0.475278300233185,0.54518087557517,C,1
Loc1660,0.964078546268865,0.412231551017612,A,1
Loc1661,0.42363210208714,0.569187722867355,C,1
Loc1662,0.844097095774487,0.935180360917002,A,1
Loc1663,0.953827351331711,0.478674574755132,A,1
Loc1664,0.28647352475673,0.444759102305397,I,1
Loc1665,0.54084939789027,0.335506540024653,E,1
Loc1666,0.581378317903727,0.0619698725640774,E,1
Loc1667,0.256286894436926,0.582350987708196,C,1
Loc1668,0.878083968302235,0.172415588283911,F,1
Loc1669,0.882302387617528,0.839626242173836,D,1
Loc1670,0.987334684701636,0.281323125585914,A,1
Loc1671,0.101620901143178,0.792136813048273,A,1
Loc1672,0.618775002192706,0.729115832597017,D,1
Loc1673,0.70473376987502,0.840376283740625,D,1
Loc1674,0.148588430834934,0.494808007031679,C,1
Loc1675,0.890810591634363,0.958429436432198,A,1
Loc1676,0.162670300109312,0.0768314378801733,A,1
Loc1677,0.121866469504312,0.639469825197011,A,1
Loc1678,0.977556857280433,0.847690366907045,A,1
Loc1679,0.6271102654282,0.561875630170107,B,1
Loc1680,0.0191994300112128,0.58387052314356,A,1
Loc1681,0.829164144583046,0.939763181842864,A,1
Loc1682,0.998877475271001,0.304402521578595,A,1
Loc1683,0.868095516227186,0.47445739316754,B,1
Loc1684,0.39691107487306,0.829457030398771,B,1
Loc1685,0.936241782503203,0.15667472477071,E,1
Loc1686,0.324772896012291,0.931832061614841,A,1
Loc1687,0.972447561565787,0.185956565197557,E,1
Loc1688,0.562598453834653,0.292823452502489,F,1
Loc1689,0.579329037806019,0.25639015971683,F,1
Loc1690,0.824690353590995,0.110538738546893,E,1
Loc1691,0.198444477515295,0.0758171298075467,A,1
Loc1692,0.618989635026082,0.0385264467913657,A,1
Loc1693,0.224564614938572,0.921931521734223,A,1
Loc1694,0.0252237301319838,0.734411330427974,A,1
Loc1695,0.756505124736577,0.276294294511899,F,1
Loc1696,0.638156944653019,0.3515303095337,E,1
Loc1697,0.0578689130488783,0.868423911510035,A,1
Loc1698,0.673797813244164,0.770549261942506,H,1
Loc1699,0.691544770728797,0.991439095698297,A,1
Loc1700,0.745228959713131,0.977680684765801,A,1
Loc1701,0.124061870621517,0.343368733068928,C,1
Loc1702,0.15117178671062,0.89329923922196,G,1
Loc1703,0.177430625306442,0.644349195063114,B,1
Loc1704,0.00886946776881814,0.294057350140065,A,1
Loc1705,0.633788643172011,0.282546579372138,F,1
Loc1706,0.372750885086134,0.0551484022289515,A,1
Loc1707,0.277720049023628,0.998245501425117,A,1
Loc1708,0.172508500749245,0.960609719855711,A,1
Loc1709,0.203711141366512,0.140312851639464,A,1
Loc1710,0.221870881738141,0.956602332415059,A,1
Loc1711,0.253431504592299,0.880699609406292,G,1
Loc1712,0.170097689377144,0.232670544181019,A,1
Loc1713,0.921676764031872,0.807741238968447,H,1
Loc1714,0.345313458470628,0.927309012506157,A,1
Loc1715,0.085109209176153,0.82411622419022,A,1
Loc1716,0.377817805157974,0.852797179482877,B,1
Loc1717,0.54334351955913,0.847243185853586,D,1
Loc1718,0.787010926054791,0.787992113037035,D,1
Loc1719,0.320313527714461,0.730053582461551,I,1
Loc1720,0.838038518326357,0.286808314500377,F,1
Loc1721,0.998470485210419,0.728469291003421,A,1
Loc1722,0.213442992419004,0.547037804732099,I,1
Loc1723,0.437296491349116,0.185957584530115,E,1
Loc1724,0.378729996271431,0.353126357542351,E,1
Loc1725,0.965576708549634,0.674378331983462,A,1
Loc1726,0.641116502229124,0.820698642637581,H,1
Loc1727,0.806135333841667,0.353937219595537,E,1
Loc1728,0.919062188826501,0.415153437526897,E,1
Loc1729,0.0586224480066448,0.997745630564168,A,1
Loc1730,0.477642855606973,0.868331929203123,A,1
Loc1731,0.696882788324729,0.7680357710924,H,1
Loc1732,0.0446715094149113,0.506533620646223,A,1
Loc1733,0.756854316918179,0.79969125520438,D,1
Loc1734,0.591673724818975,0.126471027033404,E,1
Loc1735,0.510140463011339,0.0132211919408292,A,1
Loc1736,0.452601766446605,0.857732499018312,A,1
Loc1737,0.0254819660913199,0.092177655082196,A,1
Loc1738,0.961843609344214,0.627211139071733,A,1
Loc1739,0.987627439666539,0.164368582423776,E,1
Loc1740,0.634359558112919,0.256299218395725,F,1
Loc1741,0.425541346892715,0.278576380573213,F,1
Loc1742,0.266625905176625,0.217877135844901,B,1
Loc1743,0.0805694879963994,0.285013138549402,A,1
Loc1744,0.330141563434154,0.170079083181918,E,1
Loc1745,0.894050102913752,0.740095858229324,D,1
Loc1746,0.306675198487937,0.490103221265599,I,1
Loc1747,0.40242384118028,0.40620927233249,E,1
Loc1748,0.573791397502646,0.885154942283407,D,1
Loc1749,0.596988384379074,0.382631018292159,E,1
Loc1750,0.570017137564719,0.76267217588611,D,1
Loc1751,0.218071287963539,0.882890816545114,G,1
Loc1752,0.820126744452864,0.331475715618581,E,1
Loc1753,0.0366557808592916,0.0174748271238059,A,1
Loc1754,0.625582814915106,0.781025369884446,D,1
Loc1755,0.433478938182816,0.470790860708803,C,1
Loc1756,0.35692613851279,0.0503344901371747,A,1
Loc1757,0.773667640052736,0.806041994364932,D,1
Loc1758,0.173452047863975,0.749882015865296,A,1
Loc1759,0.493208973202854,0.858747134683654,A,1
Loc1760,0.737188908504322,0.915809215046465,D,1
Loc1761,0.511001022765413,0.418453009799123,E,1
Loc1762,0.475086916005239,0.848111724015325,B,1
Loc1763,0.587899940554053,0.332284449134022,E,1
Loc1764,0.572537379339337,0.145493195159361,E,1
Loc1765,0.654917740728706,0.427703554742038,E,1
Loc1766,0.865125555777922,0.289761925814673,E,1
Loc1767,0.396846375893801,0.333205586997792,E,1
Loc1768,0.960116155678406,0.389244145480916,E,1
Loc1769,0.380877255229279,0.335560646606609,E,1
Loc1770,0.170088279992342,0.109029030194506,A,1
Loc1771,0.231604878557846,0.0878969558980316,A,1
Loc1772,0.949920209357515,0.904485720908269,A,1
Loc1773,0.0835081576369703,0.422072264598683,C,1
Loc1774,0.193044015904889,0.0308967877645046,A,1
Loc1775,0.074695295188576,0.592552592745051,A,1
Loc1776,0.605016008019447,0.440376072656363,E,1
Loc1777,0.215842896373942,0.288693242240697,C,1
Loc1778,0.587987260660157,0.427234515780583,E,1
Loc1779,0.228897603228688,0.132784375688061,A,1
Loc1780,0.390925179235637,0.468888859497383,C,1
Loc1781,0.347905913367867,0.0514836322981864,A,1
Loc1782,0.918379402486607,0.483534810133278,B,1
Loc1783,0.112039123661816,0.3490731860511,C,1
Loc1784,0.254976143594831,0.877943760482594,G,1
Loc1785,0.186624069930986,0.957522455370054,A,1
Loc1786,0.745543522993103,0.327358053298667,F,1
Loc1787,0.932968782261014,0.288251393241808,E,1
Loc1788,0.494711893843487,0.974585211602971,A,1
Loc1789,0.644993681227788,0.262172886403278,F,1
Loc1790,0.175802586833015,0.806365065742284,G,1
Loc1791,0.602994646178558,0.997293636668473,A,1
Loc1792,0.887757665943354,0.858123119222,D,1
Loc1793,0.490209404379129,0.0251586968079209,A,1
Loc1794,0.0183835725765675,0.0389354524668306,A,1
Loc1795,0.17939079226926,0.55666848202236,C,1
Loc1796,0.299391138367355,0.219660270027816,E,1
Loc1797,0.276964061195031,0.746814439538866,B,1
Loc1798,0.0616094244178385,0.548451942158863,A,1
Loc1799,0.35532134771347,0.316101830685511,E,1
Loc1800,0.577037754002959,0.198190840892494,F,1
Loc1801,0.535031558480114,0.881732020992786,D,1
Loc1802,0.604272830300033,0.161363870836794,F,1
Loc1803,0.486148978350684,0.789716308237985,B,1
Loc1804,0.131626568036154,0.921758247772232,A,1
Loc1805,0.96457004873082,0.521260639186949,A,1
Loc1806,0.742461576359347,0.0203643825370818,A,1
Loc1807,0.366839384660125,0.121535250218585,E,1
Loc1808,0.150825294898823,0.220305431401357,A,1
Loc1809,0.226939673302695,0.626784958876669,I,1
Loc1810,0.745116808917373,0.716503412462771,D,1
Loc1811,0.050592377781868,0.374187414767221,C,1
Loc1812,0.593993296846747,0.430000867228955,E,1
Loc1813,0.153250648407266,0.18782216636464,A,1
Loc1814,0.76278072502464,0.17068098206073,F,1
Loc1815,0.995281064882874,0.560121854767203,A,1
Loc1816,0.173998110694811,0.952005691127852,A,1
Loc1817,0.619130822597072,0.718828025972471,D,1
Loc1818,0.537983173970133,0.611078579211608,B,1
Loc1819,0.818258262239397,0.468449970474467,B,1
Loc1820,0.321746907196939,0.0259514320641756,A,1
Loc1821,0.582326936768368,0.801994697889313,D,1
Loc1822,0.0709323794580996,0.329534132033587,C,1
Loc1823,0.570644013117999,0.00601890846155584,A,1
Loc1824,0.56067725061439,0.942850269610062,A,1
Loc1825,0.434170939493924,0.769887712784111,I,1
Loc1826,0.96194878523238,0.976159376790747,A,1
Loc1827,0.711271684383973,0.28400175482966,F,1
Loc1828,0.258469532011077,0.748254963662475,I,1
Loc1829,0.92567753768526,0.612767340848222,B,1
Loc1830,0.420811663148925,0.512801430653781,I,1
Loc1831,0.816300745587796,0.874437238555402,D,1
Loc1832,0.754665047628805,0.0132819041609764,A,1
Loc1833,0.412143304478377,0.555495660053566,C,1
Loc1834,0.514416832011193,0.924096579663455,A,1
Loc1835,0.542284718481824,0.535429883049801,C,1
Loc1836,0.974024304188788,0.227849250426516,E,1
Loc1837,0.073637954890728,0.00426723924465477,A,1
Loc1838,0.76950380532071,0.67474200646393,D,1
Loc1839,0.872554909205064,0.111760105704889,E,1
Loc1840,0.989865584531799,0.114785871468484,E,1
Loc1841,0.965147644048557,0.773117371369153,A,1
Loc1842,0.636421318631619,0.725970957195386,D,1
Loc1843,0.0653892939444631,0.0783975780941546,A,1
Loc1844,0.128414754988626,0.00510848499834538,A,1
Loc1845,0.492784780450165,0.455259998561814,C,1
Loc1846,0.663244860246778,0.989025634946302,A,1
Loc1847,0.189378713723272,0.619448245270178,B,1
Loc1848,0.177598393289372,0.237372878007591,A,1
Loc1849,0.115560325561091,0.361664640251547,C,1
Loc1850,0.156952400226146,0.742622322868556,A,1
Loc1851,0.8574108495377,0.197317335521802,F,1
Loc1852,0.42486053169705,0.0262142333667725,A,1
Loc1853,0.878341671079397,0.0719839727971703,E,1
Loc1854,0.824826563941315,0.581832582363859,B,1
Loc1855,0.978819616837427,0.604207064723596,A,1
Loc1856,0.634543015854433,0.982604904100299,A,1
Loc1857,0.691523276036605,0.0282371218781918,A,1
Loc1858,0.792183339362964,0.862138818949461,D,1
Loc1859,0.0341706455219537,0.17742281104438,A,1
Loc1860,0.819993681041524,0.659622746752575,D,1
Loc1861,0.687636162620038,0.455581671092659,E,1
Loc1862,0.431776891928166,0.315793792251498,F,1
Loc1863,0.243875786894932,0.167213704204187,A,1
Loc1864,0.00814770301803946,0.429882332216948,A,1
Loc1865,0.421106143388897,0.435299002565444,C,1
Loc1866,0.786956907948479,0.998813308309764,A,1
Loc1867,0.595592122757807,0.805156203918159,D,1
Loc1868,0.984963058726862,0.33691137121059,A,1
Loc1869,0.528043455909938,0.507219970459118,C,1
Loc1870,0.523278417764232,0.290489595383406,F,1
Loc1871,0.786444804864004,0.554588325321674,B,1
Loc1872,0.0877224092837423,0.265910958871245,A,1
Loc1873,0.256111980648711,0.945077045354992,A,1
Loc1874,0.35660412022844,0.126765631139278,E,1
Loc1875,0.24905545799993,0.455688889371231,I,1
Loc1876,0.175018487730995,0.654302526731044,A,1
Loc1877,0.572922080755234,0.612352547002956,B,1
Loc1878,0.483393148286268,0.568944267230108,C,1
Loc1879,0.809948969166726,0.0236329433973879,A,1
Loc1880,0.75051523395814,0.883386893197894,D,1
Loc1881,0.347443797625601,0.512261637486517,C,1
Loc1882,0.806874484289438,0.670730007812381,D,1
Loc1883,0.25176422810182,0.223625832237303,A,1
Loc1884,0.592963553965092,0.102729415055364,E,1
Loc1885,0.156215733382851,0.110473620006815,A,1
Loc1886,0.175159651553258,0.375896577723324,I,1
Loc1887,0.226377300918102,0.84191673132591,G,1
Loc1888,0.791963252006099,0.538620322709903,B,1
Loc1889,0.388376479735598,0.491406876128167,C,1
Loc1890,0.911222032504156,0.987831338075921,A,1
Loc1891,0.1218470511958,0.827752581331879,G,1
Loc1892,0.987835156964138,0.146671165479347,E,1
Loc1893,0.75528792059049,0.181809379486367,F,1
Loc1894,0.310775833902881,0.407244702801108,E,1
Loc1895,0.0198653580155224,0.00814834819175303,A,1
Loc1896,0.682283061323687,0.786297707818449,H,1
Loc1897,0.438736066687852,0.564716395223513,C,1
Loc1898,0.883700705366209,0.265264114132151,E,1
Loc1899,0.0742437855806202,0.827212975826114,A,1
Loc1900,0.45366955595091,0.324715558206663,E,1
Loc1901,0.888036270625889,0.994529931340367,A,1
Loc1902,0.700159241678193,0.239496344001964,F,1
Loc1903,0.304615611210465,0.812511944910511,G,1
Loc1904,0.584890802390873,0.0366195442620665,A,1
Loc1905,0.870453770039603,0.855527029372752,D,1
Loc1906,0.44652355927974,0.00116199813783169,A,1
Loc1907,0.33737303968519,0.269030461087823,E,1
Loc1908,0.566908608656377,0.461208982625976,C,1
Loc1909,0.415764981647953,0.637901386246085,I,1
Loc1910,0.83266066480428,0.0973528381437063,E,1
Loc1911,0.153707588091493,0.317276554880664,C,1
Loc1912,0.658649043180048,0.575807736022398,B,1
Loc1913,0.00102681899443269,0.663508058292791,A,1
Loc1914,0.320450928527862,0.791351313237101,B,1
Loc1915,0.950132880592719,0.118293810170144,E,1
Loc1916,0.0125525095500052,0.231169059406966,A,1
Loc1917,0.0790907654445618,0.350582031533122,C,1
Loc1918,0.213288370519876,0.458335949108005,I,1
Loc1919,0.994843258988112,0.0721909771673381,A,1
Loc1920,0.49203958758153,0.243369071977213,F,1
Loc1921,0.627634118078277,0.518254502210766,B,1
Loc1922,0.00596133503131568,0.501254438888282,A,1
Loc1923,0.285853998735547,0.674529788084328,I,1
Loc1924,0.986480417195708,0.199540129397064,E,1
Loc1925,0.757692324928939,0.522952783387154,B,1
Loc1926,0.0682749908883125,0.246978639159352,A,1
Loc1927,0.810763978632167,0.2615110501647,F,1
Loc1928,0.122871407074854,0.801221817964688,G,1
Loc1929,0.409918360644951,0.405676354188472,E,1
Loc1930,0.927543645258993,0.266299674520269,E,1
Loc1931,0.554208239307627,0.0502015422098339,A,1
Loc1932,0.0142666143365204,0.8118524516467,A,1
Loc1933,0.967365281190723,0.411933311028406,A,1
Loc1934,0.770065532531589,0.589451455278322,B,1
Loc1935,0.0799524132162333,0.0379020404070616,A,1
Loc1936,0.365419848356396,0.287367034470662,E,1
Loc1937,0.480426545254886,0.493830243125558,C,1
Loc1938,0.675760691985488,0.291815681150183,F,1
Loc1939,0.786447250749916,0.960031080758199,A,1
Loc1940,0.810058057308197,0.629487839993089,B,1
Loc1941,0.078677503624931,0.759347913088277,A,1
Loc1942,0.168914441019297,0.225582466460764,A,1
Loc1943,0.0367327940184623,0.930699282558635,A,1
Loc1944,0.240142308874056,0.87801841692999,G,1
Loc1945,0.912195181939751,0.911954281385988,D,1
Loc1946,0.00136347976513207,0.390361216617748,A,1
Loc1947,0.227300448110327,0.370715910103172,C,1
Loc1948,0.168262931751087,0.292225106153637,C,1
Loc1949,0.149762514978647,0.641883824951947,A,1
Loc1950,0.648097161203623,0.389997333055362,E,1
Loc1951,0.485572549281642,0.0338000932242721,A,1
Loc1952,0.693244319409132,0.58398018614389,B,1
Loc1953,0.289669456658885,0.814279590034857,G,1
Loc1954,0.978671659715474,0.572280898224562,A,1
Loc1955,0.288126329425722,0.236031974665821,E,1
Loc1956,0.525764521211386,0.113631349755451,E,1
Loc1957,0.0778222696390003,0.826521859038621,A,1
Loc1958,0.678553835256025,0.939973018830642,A,1
Loc1959,0.181949716527015,0.0306616220623255,A,1
Loc1960,0.529804455116391,0.0411253825295717,A,1
Loc1961,0.801678828895092,0.874309754930437,D,1
Loc1962,0.313187195919454,0.352220267057419,E,1
Loc1963,0.691273411735892,0.307485260767862,F,1
Loc1964,0.773044522618875,0.87118188617751,D,1
Loc1965,0.261793632525951,0.923051160294563,A,1
Loc1966,0.678760153008625,0.490252809599042,B,1
Loc1967,0.992143295938149,0.492284960579127,A,1
Loc1968,0.551487519871444,0.185023497324437,F,1
Loc1969,0.930684473598376,0.261712845647708,E,1
Loc1970,0.20740434480831,0.348247224697843,C,1
Loc1971,0.229959039483219,0.690853481413797,B,1
