dataset	optimizer_seed	normalized_radius	centered_l
Xenium_reference	reference	0.0	0.0
Xenium_reference	reference	0.010416666666666666	-0.008229891693570586
Xenium_reference	reference	0.020833333333333332	-0.00329510075858859
Xenium_reference	reference	0.03125	-0.0010741411519133576
Xenium_reference	reference	0.041666666666666664	-0.0007841421551945393
Xenium_reference	reference	0.05208333333333333	-0.0009812153320533507
Xenium_reference	reference	0.0625	-0.00114194965327033
Xenium_reference	reference	0.07291666666666666	-0.0015862256960069987
Xenium_reference	reference	0.08333333333333333	-0.0022103612058653604
Xenium_reference	reference	0.09375	-0.0029111295373479007
Xenium_reference	reference	0.10416666666666666	-0.003766120528188463
Xenium_reference	reference	0.11458333333333333	-0.00465644267884123
Xenium_reference	reference	0.125	-0.005799247628596307
Xenium_reference	reference	0.13541666666666666	-0.006836481683027168
Xenium_reference	reference	0.14583333333333331	-0.008110745297645272
Xenium_reference	reference	0.15625	-0.009399025214640533
Xenium_reference	reference	0.16666666666666666	-0.01079334183413383
Xenium_reference	reference	0.17708333333333331	-0.012331511921939153
Xenium_reference	reference	0.1875	-0.01393678307590826
Xenium_reference	reference	0.19791666666666666	-0.015662470973185877
Xenium_reference	reference	0.20833333333333331	-0.017460602212224924
Xenium_reference	reference	0.21875	-0.019334547533624846
Xenium_reference	reference	0.22916666666666666	-0.02133210319910725
Xenium_reference	reference	0.23958333333333331	-0.023392083519831658
Xenium_reference	reference	0.25	-0.02559548820035959
SimSpace	0	0.0	0.0
SimSpace	0	0.010416666666666666	-0.0013952302787078163
SimSpace	0	0.020833333333333332	3.521066414537838e-05
SimSpace	0	0.03125	0.0006058851138296337
SimSpace	0	0.041666666666666664	0.000616356554733237
SimSpace	0	0.05208333333333333	0.0006414769453887414
SimSpace	0	0.0625	0.00030207160267872735
SimSpace	0	0.07291666666666666	-7.399230574263449e-05
SimSpace	0	0.08333333333333333	-0.0008000684630841137
SimSpace	0	0.09375	-0.0014337598293314158
SimSpace	0	0.10416666666666666	-0.0022919623961864116
SimSpace	0	0.11458333333333333	-0.0032075096866750336
SimSpace	0	0.125	-0.0043859583567324445
SimSpace	0	0.13541666666666666	-0.005568120894775902
SimSpace	0	0.14583333333333331	-0.006824996759787649
SimSpace	0	0.15625	-0.008159561507294188
SimSpace	0	0.16666666666666666	-0.00966299174989621
SimSpace	0	0.17708333333333331	-0.011174766401954223
SimSpace	0	0.1875	-0.012826807272551283
SimSpace	0	0.19791666666666666	-0.014534080897948748
SimSpace	0	0.20833333333333331	-0.01629104001751247
SimSpace	0	0.21875	-0.01819390089745701
SimSpace	0	0.22916666666666666	-0.020239837256482596
SimSpace	0	0.23958333333333331	-0.022337678816161555
SimSpace	0	0.25	-0.02452474395309817
SimSpace	1	0.0	0.0
SimSpace	1	0.010416666666666666	-0.001309446423947017
SimSpace	1	0.020833333333333332	4.01393041695175e-05
SimSpace	1	0.03125	0.0008924885154913825
SimSpace	1	0.041666666666666664	0.0011560358909072435
SimSpace	1	0.05208333333333333	0.0013100512224475044
SimSpace	1	0.0625	0.0011996998840285156
SimSpace	1	0.07291666666666666	0.001050302237329298
SimSpace	1	0.08333333333333333	0.0006357188400231695
SimSpace	1	0.09375	0.000234534652260171
SimSpace	1	0.10416666666666666	-0.00038955232889127667
SimSpace	1	0.11458333333333333	-0.001056953157491533
SimSpace	1	0.125	-0.001959802963504245
SimSpace	1	0.13541666666666666	-0.002820705586892125
SimSpace	1	0.14583333333333331	-0.0037769961248560746
SimSpace	1	0.15625	-0.004939501292702875
SimSpace	1	0.16666666666666666	-0.006030311043721648
SimSpace	1	0.17708333333333331	-0.00736867950073089
SimSpace	1	0.1875	-0.008677531240229824
SimSpace	1	0.19791666666666666	-0.010181697872668899
SimSpace	1	0.20833333333333331	-0.0117174509659361
SimSpace	1	0.21875	-0.013326953609442804
SimSpace	1	0.22916666666666666	-0.014929109894924075
SimSpace	1	0.23958333333333331	-0.01675207580547386
SimSpace	1	0.25	-0.01859755116237638
SimSpace	2	0.0	0.0
SimSpace	2	0.010416666666666666	-0.0014438115395230145
SimSpace	2	0.020833333333333332	-0.0001025432535039228
SimSpace	2	0.03125	0.00041409592334138573
SimSpace	2	0.041666666666666664	0.0005113748012499156
SimSpace	2	0.05208333333333333	0.0005221597576883577
SimSpace	2	0.0625	0.0003392447474596244
SimSpace	2	0.07291666666666666	8.095650415727851e-05
SimSpace	2	0.08333333333333333	-0.00044964006903289166
SimSpace	2	0.09375	-0.0009202027135162133
SimSpace	2	0.10416666666666666	-0.001637106940303945
SimSpace	2	0.11458333333333333	-0.0024091243182856464
SimSpace	2	0.125	-0.003353646884267522
SimSpace	2	0.13541666666666666	-0.004346265048087272
SimSpace	2	0.14583333333333331	-0.005347985125749938
SimSpace	2	0.15625	-0.006621721593573077
SimSpace	2	0.16666666666666666	-0.007860221643726628
SimSpace	2	0.17708333333333331	-0.009172789864015735
SimSpace	2	0.1875	-0.010492945758073163
SimSpace	2	0.19791666666666666	-0.012020593841046479
SimSpace	2	0.20833333333333331	-0.013504509852247382
SimSpace	2	0.21875	-0.015147345470120116
SimSpace	2	0.22916666666666666	-0.016776839583645314
SimSpace	2	0.23958333333333331	-0.018579650121800684
SimSpace	2	0.25	-0.020439988830945
SimSpace	3	0.0	0.0
SimSpace	3	0.010416666666666666	-0.00141328742616211
SimSpace	3	0.020833333333333332	-2.8331126800035245e-05
SimSpace	3	0.03125	0.0007392877265108705
SimSpace	3	0.041666666666666664	0.0009468216584323508
SimSpace	3	0.05208333333333333	0.0009300916761521699
SimSpace	3	0.0625	0.0007144674541485346
SimSpace	3	0.07291666666666666	0.0003994650141809636
SimSpace	3	0.08333333333333333	-0.00014038598112818546
SimSpace	3	0.09375	-0.0008029275538678493
SimSpace	3	0.10416666666666666	-0.0016465955624522521
SimSpace	3	0.11458333333333333	-0.0026244510254465753
SimSpace	3	0.125	-0.003744888011994768
SimSpace	3	0.13541666666666666	-0.0049713965628467305
SimSpace	3	0.14583333333333331	-0.006219617726514054
SimSpace	3	0.15625	-0.0076531827576515055
SimSpace	3	0.16666666666666666	-0.009040243317820773
SimSpace	3	0.17708333333333331	-0.010558390719589777
SimSpace	3	0.1875	-0.012100166933240758
SimSpace	3	0.19791666666666666	-0.013743172002350118
SimSpace	3	0.20833333333333331	-0.01535551582276451
SimSpace	3	0.21875	-0.017100593585674034
SimSpace	3	0.22916666666666666	-0.018859118780382128
SimSpace	3	0.23958333333333331	-0.020726377152858633
SimSpace	3	0.25	-0.02260787316815635
SimSpace	4	0.0	0.0
SimSpace	4	0.010416666666666666	-0.001362745938724307
SimSpace	4	0.020833333333333332	8.946916278088426e-05
SimSpace	4	0.03125	0.0007646738908754294
SimSpace	4	0.041666666666666664	0.0009040266573292904
SimSpace	4	0.05208333333333333	0.0009272271744100724
SimSpace	4	0.0625	0.000828281869611952
SimSpace	4	0.07291666666666666	0.0005443929723829427
SimSpace	4	0.08333333333333333	4.8251371685570366e-05
SimSpace	4	0.09375	-0.00044221908566562107
SimSpace	4	0.10416666666666666	-0.0012720198052193349
SimSpace	4	0.11458333333333333	-0.0020910196366582257
SimSpace	4	0.125	-0.0031645345670245073
SimSpace	4	0.13541666666666666	-0.004252805286810879
SimSpace	4	0.14583333333333331	-0.005543244373373835
SimSpace	4	0.15625	-0.006933750909683262
SimSpace	4	0.16666666666666666	-0.008373834421363802
SimSpace	4	0.17708333333333331	-0.009953523851238932
SimSpace	4	0.1875	-0.011547583095123659
SimSpace	4	0.19791666666666666	-0.013267837692743228
SimSpace	4	0.20833333333333331	-0.015020410478531282
SimSpace	4	0.21875	-0.016943797885279194
SimSpace	4	0.22916666666666666	-0.018918289874447325
SimSpace	4	0.23958333333333331	-0.02100713879639965
SimSpace	4	0.25	-0.023170880347106432
SimSpace	5	0.0	0.0
SimSpace	5	0.010416666666666666	-0.001446053681735223
SimSpace	5	0.020833333333333332	-3.173493269101324e-05
SimSpace	5	0.03125	0.0006542403613624195
SimSpace	5	0.041666666666666664	0.0006794585472784803
SimSpace	5	0.05208333333333333	0.0006552268805755448
SimSpace	5	0.0625	0.00038754402314887526
SimSpace	5	0.07291666666666666	-3.891231789454608e-06
SimSpace	5	0.08333333333333333	-0.0006049637586822698
SimSpace	5	0.09375	-0.0013227973515790442
SimSpace	5	0.10416666666666666	-0.0022431208840659883
SimSpace	5	0.11458333333333333	-0.0032454445959670536
SimSpace	5	0.125	-0.00441987669816464
SimSpace	5	0.13541666666666666	-0.0056783874924364874
SimSpace	5	0.14583333333333331	-0.007118579544365733
SimSpace	5	0.15625	-0.008612988464372473
SimSpace	5	0.16666666666666666	-0.010218212487708489
SimSpace	5	0.17708333333333331	-0.011957702353827177
SimSpace	5	0.1875	-0.013694491010707466
SimSpace	5	0.19791666666666666	-0.015638961986635974
SimSpace	5	0.20833333333333331	-0.017616582596408803
SimSpace	5	0.21875	-0.019773230238635586
SimSpace	5	0.22916666666666666	-0.021920786345589
SimSpace	5	0.23958333333333331	-0.024223257351787514
SimSpace	5	0.25	-0.026599106679991102
SimSpace	6	0.0	0.0
SimSpace	6	0.010416666666666666	-0.0009713827745218961
SimSpace	6	0.020833333333333332	0.00045116654656220806
SimSpace	6	0.03125	0.0010962085052597381
SimSpace	6	0.041666666666666664	0.0013963097978735226
SimSpace	6	0.05208333333333333	0.0014936687382221606
SimSpace	6	0.0625	0.0012675677546550995
SimSpace	6	0.07291666666666666	0.0009989264549478127
SimSpace	6	0.08333333333333333	0.00043447897316731265
SimSpace	6	0.09375	-0.0001883001108148874
SimSpace	6	0.10416666666666666	-0.001001621187368712
SimSpace	6	0.11458333333333333	-0.0019223486066898138
SimSpace	6	0.125	-0.003043471260467029
SimSpace	6	0.13541666666666666	-0.004381788970753336
SimSpace	6	0.14583333333333331	-0.005850249768373589
SimSpace	6	0.15625	-0.007463103380486946
SimSpace	6	0.16666666666666666	-0.009116281836275358
SimSpace	6	0.17708333333333331	-0.01088613325676216
SimSpace	6	0.1875	-0.012810383857130486
SimSpace	6	0.19791666666666666	-0.014843769901717513
SimSpace	6	0.20833333333333331	-0.016859636863974153
SimSpace	6	0.21875	-0.01903247925335605
SimSpace	6	0.22916666666666666	-0.02129420257123879
SimSpace	6	0.23958333333333331	-0.02364239528721135
SimSpace	6	0.25	-0.02607917678574606
SimSpace	7	0.0	0.0
SimSpace	7	0.010416666666666666	-0.0015217044667056277
SimSpace	7	0.020833333333333332	9.554055750716356e-05
SimSpace	7	0.03125	0.0006617302209365322
SimSpace	7	0.041666666666666664	0.0008161150203047848
SimSpace	7	0.05208333333333333	0.0007787491520694287
SimSpace	7	0.0625	0.0006160797670480139
SimSpace	7	0.07291666666666666	0.00020997596467688118
SimSpace	7	0.08333333333333333	-0.00039091699477893094
SimSpace	7	0.09375	-0.0011564996452772397
SimSpace	7	0.10416666666666666	-0.00208454752992486
SimSpace	7	0.11458333333333333	-0.003046216526019968
SimSpace	7	0.125	-0.004364593140560272
SimSpace	7	0.13541666666666666	-0.005803247224146185
SimSpace	7	0.14583333333333331	-0.0072191708611056005
SimSpace	7	0.15625	-0.008904743080650618
SimSpace	7	0.16666666666666666	-0.010564312490661365
SimSpace	7	0.17708333333333331	-0.012351443534099421
SimSpace	7	0.1875	-0.014252478580007055
SimSpace	7	0.19791666666666666	-0.01620991262212307
SimSpace	7	0.20833333333333331	-0.01815244846623698
SimSpace	7	0.21875	-0.020291127115273477
SimSpace	7	0.22916666666666666	-0.022471633346580866
SimSpace	7	0.23958333333333331	-0.024749295467666188
SimSpace	7	0.25	-0.026992305365135777
SimSpace	8	0.0	0.0
SimSpace	8	0.010416666666666666	-0.0015428603650928917
SimSpace	8	0.020833333333333332	-2.952649887805192e-05
SimSpace	8	0.03125	0.0006496536371570841
SimSpace	8	0.041666666666666664	0.0008697399758021487
SimSpace	8	0.05208333333333333	0.0009326485750825245
SimSpace	8	0.0625	0.0006470292791106724
SimSpace	8	0.07291666666666666	0.0003031018442792577
SimSpace	8	0.08333333333333333	-0.0003873811687525458
SimSpace	8	0.09375	-0.0010372086218002063
SimSpace	8	0.10416666666666666	-0.00193850782327451
SimSpace	8	0.11458333333333333	-0.0029378599710756376
SimSpace	8	0.125	-0.004096985185094701
SimSpace	8	0.13541666666666666	-0.005301124821205927
SimSpace	8	0.14583333333333331	-0.006669528880558662
SimSpace	8	0.15625	-0.008104126386916405
SimSpace	8	0.16666666666666666	-0.009610524299780987
SimSpace	8	0.17708333333333331	-0.011282972883663006
SimSpace	8	0.1875	-0.0129367695555819
SimSpace	8	0.19791666666666666	-0.014685571237288114
SimSpace	8	0.20833333333333331	-0.01654714622905848
SimSpace	8	0.21875	-0.018568718121064476
SimSpace	8	0.22916666666666666	-0.02058188019808907
SimSpace	8	0.23958333333333331	-0.022763276293330303
SimSpace	8	0.25	-0.02494479865467883
SimSpace	9	0.0	0.0
SimSpace	9	0.010416666666666666	-0.0011957230648120733
SimSpace	9	0.020833333333333332	0.00035947824275659596
SimSpace	9	0.03125	0.0012866305592680455
SimSpace	9	0.041666666666666664	0.0017656726958237626
SimSpace	9	0.05208333333333333	0.0017889753580908954
SimSpace	9	0.0625	0.0016171287837995901
SimSpace	9	0.07291666666666666	0.001360933263316863
SimSpace	9	0.08333333333333333	0.0008566707115680028
SimSpace	9	0.09375	0.0003477198941549131
SimSpace	9	0.10416666666666666	-0.0005307664686973468
SimSpace	9	0.11458333333333333	-0.0014541317897229372
SimSpace	9	0.125	-0.0025095464007105633
SimSpace	9	0.13541666666666666	-0.003691389441065618
SimSpace	9	0.14583333333333331	-0.004988117412768445
SimSpace	9	0.15625	-0.006482762935263675
SimSpace	9	0.16666666666666666	-0.008024654932678954
SimSpace	9	0.17708333333333331	-0.009748380092177655
SimSpace	9	0.1875	-0.011652289675613797
SimSpace	9	0.19791666666666666	-0.013653830913440052
SimSpace	9	0.20833333333333331	-0.015818409561451474
SimSpace	9	0.21875	-0.018098278208359797
SimSpace	9	0.22916666666666666	-0.02049668379823591
SimSpace	9	0.23958333333333331	-0.023041374884557347
SimSpace	9	0.25	-0.025663630955692435
