genes,FSV,M,g,l,max_delta,max_ll,max_mu_hat,max_s2_t_hat,model,n,s2_FSV,s2_logdelta,time,BIC,max_ll_null,LLR,pval,qval
ABCC11,0.9999546021308008,4,1,0.056048419074703135,4.5399929762484854e-05,-13315.21494500113,-4.163535576318566,20.146706701370405,SE,6877,155.25519655877383,54554806377.91645,0.004350185394287109,26665.77364115954,-13315.300779437955,0.08583443682618963,0.7695411483240217,0.9951891000992836
ACTA2,0.9999546021308008,4,8,0.056048419074703135,4.5399929762484854e-05,-11082.471007838061,-3.664848988536976,14.899426641265338,SE,6877,4836.270366946829,1699407165158.2917,0.0036270618438720703,22200.285766833404,-11082.49477125148,0.023763413419146673,0.8774884194099527,0.9951891000992836
ACTG2,2.061153595635627e-09,4,21,0.056048419074703135,485165195.4097903,-8385.108522286078,-2.741761632951447,1.687684586914068e-08,SE,6877,115.32977588666088,1.9656051957834113e+19,0.0029349327087402344,16805.560795729438,-8385.108558642458,3.63563794962829e-05,0.9951890843335555,0.9951891000992836
ADAM9,0.9999546021308009,4,22,0.056048419074703135,4.5399929762484854e-05,-10507.162602137896,-4.078625927249028,17.87669089618636,SE,6877,258.18324867473723,90722484359.09605,0.0030541419982910156,21049.668955433073,-10507.226482366972,0.06388022907594859,0.8004649748907529,0.9951891000992836
ADGRE5,0.9999546021308008,4,33,0.056048419074703135,4.5399929762484854e-05,-6582.49645014181,-1.6404217716444982,3.0877820080471783,SE,6877,1241.0805071250031,436100744234.861,0.003386259078979492,13200.336651440899,-6582.5145179067185,0.018067764908664685,0.8930733248171974,0.9951891000992836
AIF1,0.9999546021308008,4,40,0.056048419074703135,4.5399929762484854e-05,-8079.119766166212,-2.309253746231482,5.945716371008707,SE,6877,789.3090062184044,277353679368.082,0.004294157028198242,16193.583283489703,-8079.146845245037,0.027079078825408942,0.869292505152456,0.9951891000992836
AKR1C1,0.9999546021308008,4,44,0.056048419074703135,4.5399929762484854e-05,-11818.699567965623,-9.885654576680087,99.53596683998461,SE,6877,480.3015439774556,168772178422.57855,0.0038661956787109375,23672.742887088527,-11818.742463739201,0.04289577357849339,0.8359216496348799,0.9951891000992836
ANGPT2,0.9999546021308008,4,54,0.056048419074703135,4.5399929762484854e-05,-9922.238408599253,-8.580566595799745,74.66674134700483,SE,6877,1706.493357488504,599641215022.0214,0.0029299259185791016,19879.820568355786,-9922.30232055946,0.06391196020740608,0.8004164702145675,0.9951891000992836
ANKRD28,0.9999546021308009,4,56,0.056048419074703135,4.5399929762484854e-05,-11028.377249639954,-4.370321493176511,20.544441462306068,SE,6877,131.03636147696298,46044599390.31035,0.003469228744506836,22092.09825043719,-11028.470907435254,0.093657795299805,0.7595775319360343,0.9951891000992836
ANKRD29,2.061153595635627e-09,4,67,0.056048419074703135,485165195.4097903,-11098.724768411914,-3.1476411442075207,2.346516956176909e-08,SE,6877,915.9662365874474,1.5611128868990563e+20,0.004143953323364258,22232.79328798111,-11098.724804768397,3.63564831786789e-05,0.9951890774736746,0.9951891000992836
ANKRD30A,2.061153595635627e-09,4,79,0.056048419074703135,485165195.4097903,-12476.213176578873,-4.3920124825953835,4.430304765334701e-08,SE,6877,30.78664295196697,5.247073869855161e+18,0.0034029483795166016,24987.770104315026,-12476.213212935076,3.6356203054310754e-05,0.9951890960074102,0.9951891000992836
APOBEC3B,0.9999546021308009,4,94,0.056048419074703135,4.5399929762484854e-05,-7171.775665926858,-1.3419880425764061,2.2720630972391147,SE,6877,1704.6248137198454,598984631244.0398,0.0033152103424072266,14378.895083010995,-7171.78945426578,0.013788338921585819,0.9065242582142675,0.9951891000992836
APOC1,0.9999546021308009,4,96,0.056048419074703135,4.5399929762484854e-05,-12017.842391108228,-5.977826998853127,37.659725450537906,SE,6877,1838.638970770588,646075592137.1039,0.0037689208984375,24071.028533373737,-12017.874240138846,0.031849030618104734,0.8583594022856316,0.9951891000992836
AQP1,2.0611535956356267e-09,4,109,0.056048419074703135,485165195.4097903,-11817.62198241875,-2.5617254826868026,1.7278017576076716e-08,SE,6877,23.279125105457073,3.9675416785294223e+18,0.00374603271484375,23670.58771599478,-11817.622018774891,3.635614120867103e-05,0.9951891000992836,0.9951891000992836
AR,2.0611535956356267e-09,4,112,0.056048419074703135,485165195.4097903,-7894.521817306049,-2.0219814818497888,9.625624817872009e-09,SE,6877,209.51212594911362,3.5707875106764804e+19,0.003222227096557617,15824.387385769378,-7894.521853662486,3.635643679444911e-05,0.9951890805425675,0.9951891000992836
AVPR1A,2.061153595635627e-09,4,121,0.056048419074703135,485165195.4097903,-9937.485208414866,-3.0199154393946293,2.0969067964591147e-08,SE,6877,80.95830140765604,1.3798002871788591e+19,0.0031440258026123047,19910.314167987013,-9937.485244771227,3.635636130638886e-05,0.9951890855370443,0.9951891000992836
BACE2,0.9999546021308008,4,128,0.056048419074703135,4.5399929762484854e-05,-10469.416865810654,-3.2089857909162243,11.526227110102292,SE,6877,30.50778617960083,10720068667.182674,0.004359006881713867,20974.17748277859,-10469.662736960883,0.24587115022950456,0.6199974505474932,0.9951891000992836
BASP1,0.9999546021308009,4,131,0.056048419074703135,4.5399929762484854e-05,-11645.968175132135,-5.103383581997017,27.77315108187356,SE,6877,14.276547428264951,5016606838.015179,0.0034050941467285156,23327.28010142155,-11646.278818197246,0.31064306511143513,0.5772858427677476,0.9951891000992836
BTNL9,0.9999546021308009,4,136,0.056048419074703135,4.5399929762484854e-05,-6344.0738426869475,-2.0969697598455315,4.767287763329567,SE,6877,861.901150683132,302861684725.80304,0.003621816635131836,12723.491436531174,-6344.09779852009,0.023955833142281335,0.8769973445453016,0.9951891000992836
C1QA,2.0611535956356267e-09,4,137,0.056048419074703135,485165195.4097903,-8020.681429138502,-1.9236373264928814,8.870639027153841e-09,SE,6877,177.3310634033298,3.022314549036573e+19,0.0031838417053222656,16076.706609434283,-8020.68146549492,3.6356418604555074e-05,0.9951890817460554,0.9951891000992836
C1QC,0.9999546021308009,4,143,0.056048419074703135,4.5399929762484854e-05,-8488.121263855068,-2.6825156730687727,7.886257179426935,SE,6877,362.89170422548824,127515774666.64856,0.004086971282958984,17011.586278867417,-8488.16745213942,0.0461882843519561,0.8298339034092,0.9951891000992836
C2orf42,0.9999546021308009,4,150,0.056048419074703135,4.5399929762484854e-05,-13060.003010468847,-1.1399832382736428,3.9117662626515575,SE,6877,199.91185414047388,70246618065.23082,0.004932880401611328,26155.349772094974,-13060.07344855833,0.0704380894840142,0.7906999873396452,0.9951891000992836
C6orf132,2.0611535956356267e-09,4,153,0.056048419074703135,485165195.4097903,-11172.093499925097,-3.175570964931041,2.38948308682818e-08,SE,6877,1108.3191462708114,1.888946593147858e+20,0.003329038619995117,22379.530751007474,-11172.093536281614,3.635651773947757e-05,0.9951890751870498,0.9951891000992836
CAV1,0.9999546021308008,4,158,0.056048419074703135,4.5399929762484854e-05,-9440.087548423708,-1.290021790664497,2.575610008944692,SE,6877,501.95203009990473,176379898515.89844,0.004230022430419922,18915.518848004696,-9440.124653068757,0.03710464504911215,0.847252147170809,0.9951891000992836
CAVIN2,2.0611535956356267e-09,4,172,0.056048419074703135,485165195.4097903,-10586.513377155563,-1.1796732606524443,5.491065803760076e-09,SE,6877,108.23429162800892,1.8446744073709552e+19,0.003734111785888672,21208.370505468407,-10586.513413511955,3.635639222920872e-05,0.9951890834911135,0.9951891000992836
CCDC6,0.9999546021308009,4,174,0.056048419074703135,4.5399929762484854e-05,-11250.171564161421,-4.8944175196554145,25.495913923068457,SE,6877,71.30524289420943,25055803644.880074,0.003309011459350586,22535.686879480123,-11250.302334921347,0.13077075992623577,0.7176342234710507,0.9951891000992836
CCDC80,2.061153595635627e-09,4,175,0.056048419074703135,485165195.4097903,-12233.69065751283,-7.098667698954658,1.0809817994705794e-07,SE,6877,192.41651844979359,3.2794211686594757e+19,0.003131866455078125,24502.725066182942,-12233.690693869252,3.635642133303918e-05,0.9951890815655322,0.9951891000992836
CCL5,0.9999546021308008,4,177,0.056048419074703135,4.5399929762484854e-05,-4964.152423427236,-2.0771114108957804,4.56193447437321,SE,6877,2208.690644001029,776107293686.1482,0.003422260284423828,9963.64859801175,-4964.163732889225,0.011309461989185365,0.9153078720536796,0.9951891000992836
CCL8,2.061153595635627e-09,4,178,0.056048419074703135,485165195.4097903,-12745.427134271995,-9.411442864893164,1.8748112655129954e-07,SE,6877,95.8753586739456,1.6340368452836143e+19,0.0033059120178222656,25526.19801970127,-12745.427170628354,3.635635948739946e-05,0.9951890856573933,0.9951891000992836
CCND1,0.9999546021308008,4,179,0.056048419074703135,4.5399929762484854e-05,-8592.002811990427,-2.2879255823149984,5.946389936076429,SE,6877,1875.9344406640237,659180771120.5868,0.003929853439331055,17219.349375138136,-8592.017204497773,0.014392507346201455,0.9045078819888619,0.9951891000992836
CCPG1,0.9999546021308008,4,183,0.056048419074703135,4.5399929762484854e-05,-5037.857008200728,-2.2243164596369467,5.200429277491844,SE,6877,1785.4594712762384,627388956439.9572,0.0030879974365234375,10111.057767558736,-5037.8703188217605,0.013310621032360359,0.9081505372016752,0.9951891000992836
CD14,0.9999546021308009,4,186,0.056048419074703135,4.5399929762484854e-05,-12096.55863008283,-6.993381586788,50.8758962824767,SE,6877,617.945242526139,217138516489.7583,0.0037660598754882812,24228.461011322943,-12096.638368817145,0.07973873431365064,0.7776517825120324,0.9951891000992836
CD163,0.9999546021308008,4,188,0.056048419074703135,4.5399929762484854e-05,-11560.70589223969,-8.285626338768067,70.33304878267197,SE,6877,1675513.6841407716,588755330885530.9,0.0036809444427490234,23156.75553563666,-11560.711701614393,0.005809374702948844,0.9392446646506862,0.9951891000992836
CD247,0.9999546021308008,4,190,0.056048419074703135,4.5399929762484854e-05,-4642.75835800328,-2.241443080528473,5.249397868977791,SE,6877,1194.3366912530378,419675530259.52924,0.003593921661376953,9320.860467163839,-4642.776305713204,0.017947709924555966,0.8934270377716634,0.9951891000992836
CD3D,0.9999546021308008,4,192,0.056048419074703135,4.5399929762484854e-05,-12238.876161825885,-6.343814115921256,42.296875221950046,SE,6877,1189.973116177051,418142222525.3431,0.0035140514373779297,24513.09607480905,-12238.925710154988,0.04954832910334517,0.8238510865296573,0.9951891000992836
CD3E,2.061153595635627e-09,4,193,0.056048419074703135,485165195.4097903,-9993.02326143816,-3.748832588797029,3.117386387548005e-08,SE,6877,32.94646689271139,5.615180122318246e+18,0.0037508010864257812,20021.3902740336,-9993.023297794358,3.635619759734254e-05,0.9951890963684578,0.9951891000992836
CD3G,0.9999546021308008,4,195,0.056048419074703135,4.5399929762484854e-05,-11802.019754145138,-9.903710800286142,99.88443712078113,SE,6877,7708.481594615695,2708667601357.343,0.0032210350036621094,23639.383259447557,-11802.032602763415,0.012848618276620982,0.9097516943349395,0.9951891000992836
CD4,0.9999546021308008,4,201,0.056048419074703135,4.5399929762484854e-05,-9400.652597268963,-2.9030241441712046,9.327849582748906,SE,6877,471.65110321465966,165732517713.6065,0.0033218860626220703,18836.648945695208,-9400.693573119812,0.04097585084855382,0.83958454324871,0.9951891000992836
CD68,0.9999546021308008,4,203,0.056048419074703135,4.5399929762484854e-05,-8859.250765971177,-6.017536491126882,36.97663675491256,SE,6877,393.66778439657406,138330118611.47565,0.0032241344451904297,17753.845283099636,-8859.304228762434,0.05346279125660658,0.8171437204107372,0.9951891000992836
CD69,0.9999546021308009,4,204,0.056048419074703135,4.5399929762484854e-05,-13002.514799324312,-6.13801572952074,40.24005297613716,SE,6877,76.42661668571363,26855392720.01083,0.0038840770721435547,26040.373349805905,-13002.66107330269,0.14627397837830358,0.7021218153901077,0.9951891000992836
CD83,2.0611535956356267e-09,4,206,0.056048419074703135,485165195.4097903,-9850.494648480053,-1.082149885271354,4.531036283729536e-09,SE,6877,383.5014346957824,6.536147381134457e+19,0.0035881996154785156,19736.333048117387,-9850.494684836547,3.635649409261532e-05,0.9951890767515824,0.9951891000992836
CD86,0.9999546021308008,4,216,0.056048419074703135,4.5399929762484854e-05,-12160.47661169873,-5.6674546810073725,34.12747134087051,SE,6877,87.15470272983508,30625112960.718605,0.0030961036682128906,24356.29697455474,-12160.610061230436,0.13344953170599183,0.7148819191914448,0.9951891000992836
CD8A,0.9999546021178166,4,0,0.1510379888971798,4.5399929762484854e-05,-12742.420189101469,-9.608170630309553,94.54703020098961,SE,6877,0.6498891683661246,228363096.7228713,0.0020029544830322266,25520.18412936022,-12743.239235372981,0.8190462715119793,0.3654591612408554,0.9951891000992836
CD8B,0.9999546021178166,4,3,0.1510379888971798,4.5399929762484854e-05,-11762.653044773135,-7.692373831481256,60.86674478915021,SE,6877,0.08620043605290159,30289777.817642618,0.0037949085235595703,23560.64984070355,-11764.880218480283,2.227173707147813,0.13560169319763382,0.9951891000992836
CD9,0.9999546021178166,4,4,0.1510379888971798,4.5399929762484854e-05,-8126.694858699496,-1.6051591020462894,3.1947410652735098,SE,6877,0.0847497207206001,29780014.2119795,0.0040209293365478516,16288.733468556271,-8128.441865679757,1.747006980261176,0.1862534394722679,0.9951891000992836
CD93,0.9999546021178165,4,6,0.1510379888971798,4.5399929762484854e-05,-6895.417845124062,-2.2554652466270624,5.513818851265432,SE,6877,0.21340093632182744,74986476.20875315,0.004072904586791992,13826.179441405404,-6896.073285226611,0.6554401025487095,0.4181743893336769,0.9951891000992836
CDC42EP1,0.9999546021178166,4,7,0.1510379888971798,4.5399929762484854e-05,-5874.291394132847,-2.4518078101930385,6.324732238095088,SE,6877,0.11425590527839932,40148126.201204374,0.0032646656036376953,11783.926539422973,-5875.353532746929,1.0621386140819595,0.3027279230532638,0.9951891000992836
CDH1,0.9999546021178165,4,9,0.1510379888971798,4.5399929762484854e-05,-6653.494776872199,-2.6216247651667066,7.267095061483519,SE,6877,0.10817421180522972,38011093.5769301,0.003576993942260742,13342.333304901676,-6654.774761862405,1.2799849902066853,0.2579018261277677,0.9951891000992836
CEACAM6,0.9999546021178166,4,11,0.1510379888971798,4.5399929762484854e-05,-6726.6787983393515,-2.5977543347128793,7.151436610999544,SE,6877,0.06488792645801691,22800822.889790915,0.004293203353881836,13488.701347835982,-6728.614936540724,1.9361382013721595,0.16408845636034985,0.9951891000992836
CENPF,0.9999546021178165,4,12,0.1510379888971798,4.5399929762484854e-05,-11114.743808525704,-2.29495258986216,6.742381678152606,SE,6877,0.06447654686998266,22656269.13935919,0.0034880638122558594,22264.83136820869,-11117.155295052122,2.41148652641823,0.1204479410596142,0.9951891000992836
CLDN4,0.5321709959714936,4,13,0.1510379888971798,0.8790950063811236,-10095.537334242523,-2.2890549158973634,3.3729415926897137,SE,6877,4.787188291935876,90.25502658684621,0.0040357112884521484,20226.418419642327,-10096.050824803619,0.5134905610957503,0.47363171047320884,0.9951891000992836
CLEC14A,0.9999546021178165,4,16,0.1510379888971798,4.5399929762484854e-05,-11377.344268876373,-3.376951159338321,12.98701401025355,SE,6877,0.09020477076230893,31696852.00669876,0.0035200119018554688,22790.032288910028,-11380.029649284046,2.68538040767271,0.10127303826090328,0.9951891000992836
CRISPLD2,0.5227073563256937,4,17,0.1510379888971798,0.9131160986328989,-12382.726215914678,-5.556130881764148,17.242849324043508,SE,6877,0.6984289045441772,13.12467826350091,0.0038340091705322266,24800.796182986636,-12383.314251006806,0.5880350921288482,0.4431799438233287,0.9951891000992836
CTLA4,0.9999546021178165,4,18,0.1510379888971798,4.5399929762484854e-05,-6225.503347815344,-2.2411096325533855,5.372349147836971,SE,6877,0.33409407678420344,117396568.03817733,0.0044291019439697266,12486.350446787967,-6225.824757972943,0.32141015759953007,0.5707614218001906,0.9951891000992836
CTTN,0.9999546021178165,4,24,0.1510379888971798,4.5399929762484854e-05,-4303.077705946235,-2.387787551785623,5.8968237424299605,SE,6877,0.19523038481530444,68601566.88394602,0.0042307376861572266,8641.49916304975,-4303.774963552298,0.6972576060625215,0.4037067154679259,0.9951891000992836
CXCL12,0.9999546021178165,4,27,0.1510379888971798,4.5399929762484854e-05,-8573.0972524254,-1.1316452980397862,1.987263296618572,SE,6877,0.2266977661415151,79658819.4051399,0.003859996795654297,17181.53825600808,-8573.792020114985,0.6947676895852055,0.4045474315118307,0.9951891000992836
CXCL16,0.9999546021178165,4,28,0.1510379888971798,4.5399929762484854e-05,-4638.896402386303,-2.415552160134489,6.050969676451083,SE,6877,0.07758186216247558,27261316.475743618,0.003901958465576172,9313.136555929885,-4640.3831829649935,1.486780578690741,0.22271664384355283,0.9951891000992836
CXCR4,0.9999546021178166,4,31,0.1510379888971798,4.5399929762484854e-05,-10364.181068364196,-2.1524943852051424,5.81878356732183,SE,6877,0.04133492386931835,14524586.155687727,0.0039899349212646484,20763.705887885673,-10367.696644348945,3.5155759847493755,0.06079452173298461,0.9951891000992836
CYTIP,0.5330213047118626,4,32,0.1510379888971798,0.8760973576168575,-9557.448225594133,-2.0557731547305234,2.7533981660051667,SE,6877,0.3248665395392365,6.127003418639622,0.0035371780395507812,19150.240202345547,-9558.295641705641,0.8474161115082097,0.357284336426805,0.9951891000992836
DAPK3,0.9999546021178166,4,34,0.1510379888971798,4.5399929762484854e-05,-5796.242195267128,-1.8181546645556486,3.616278650440385,SE,6877,0.16924395180146998,59470252.49269354,0.0034742355346679688,11627.828141691536,-5797.132830917082,0.8906356499537651,0.34530511093465754,0.9951891000992836
DMKN,0.9999546021178165,4,35,0.1510379888971798,4.5399929762484854e-05,-9248.562036405956,-0.5617693344225169,1.1776709901557696,SE,6877,0.2416840200692398,84924805.54830715,0.003743886947631836,18532.467823969193,-9249.856186378001,1.2941499720454885,0.25528456991919823,0.9951891000992836
DNTTIP1,0.9999546021178165,4,36,0.1510379888971798,4.5399929762484854e-05,-6701.459693356121,-1.678610030060937,3.224318334378026,SE,6877,0.14325058802082724,50336502.71473804,0.004034996032714844,13438.26313786952,-6702.5065438791125,1.0468505229919174,0.3062335563347969,0.9951891000992836
DPT,0.47864358090701226,4,37,0.1510379888971798,1.0892369292410458,-10990.209215716492,-1.483248386413738,1.7370988217798604,SE,6877,0.5145525504697388,9.665696622193682,0.003763914108276367,22015.762182590264,-10990.53725918812,0.32804347162891645,0.566813440344337,0.9951891000992836
DSC2,0.5338563616121504,4,38,0.1510379888971798,0.8731627708838721,-12145.91709847275,-1.8924000900072933,2.979243592014482,SE,6877,1.6034563237119712,30.25197289672208,0.0039789676666259766,24327.17794810278,-12146.419766964533,0.5026684917829698,0.47832995087534147,0.9951891000992836
DSP,0.9999546021178165,4,42,0.1510379888971798,4.5399929762484854e-05,-9632.797983603788,-1.2825028831639023,2.606684432075969,SE,6877,0.17286947620733603,60744217.37886807,0.0039370059967041016,19300.939718364858,-9633.635615667672,0.837632063883575,0.36007488104580854,0.9951891000992836
DST,0.9999546021178165,4,43,0.1510379888971798,4.5399929762484854e-05,-6844.930245960366,-1.9293816853911756,4.145125321479233,SE,6877,0.10732026223007121,37711026.15179106,0.0040531158447265625,13725.204243078011,-6846.0991050240045,1.1688590636385925,0.27963579626304025,0.9951891000992836
DUSP2,0.49618025874681804,4,48,0.1510379888971798,1.0153962854317335,-10682.50660833568,-3.5777146014109706,6.99479809604009,SE,6877,1.2272367141187583,22.989208155563418,0.004060983657836914,21400.35696782864,-10682.914821260063,0.40821292438340606,0.5228779507545962,0.9951891000992836
DUSP5,0.9999546021178165,4,49,0.1510379888971798,4.5399929762484854e-05,-12450.71381786207,-5.824382609549073,36.05634529768435,SE,6877,14.641611963120825,5144883176.515967,0.0036749839782714844,24936.77138688142,-12452.123395053997,1.409577191927383,0.23512659445602302,0.9951891000992836
EDNRB,0.5484127605271366,4,50,0.1510379888971798,0.8234438325850464,-11707.481630638771,-5.774637744757054,19.236818900183966,SE,6877,2.7831578061872424,52.909601516888046,0.003918886184692383,23450.307012434823,-11708.051930847538,0.5703002087666391,0.45013964608090473,0.9951891000992836
EGFL7,0.9999546021178165,4,51,0.1510379888971798,4.5399929762484854e-05,-8685.506540692197,-1.4114475752402826,2.7212021475457298,SE,6877,0.2850639914823552,100167996.37198888,0.004196882247924805,17406.356832541675,-8685.97051300303,0.463972310833924,0.49577333645665933,0.9951891000992836
EGFR,0.9999546021178166,4,52,0.1510379888971798,4.5399929762484854e-05,-11214.683156030738,-2.4089504805560025,7.321502936227737,SE,6877,0.06697828429157816,23535349.038765274,0.003654956817626953,22464.710063218758,-11216.862115431442,2.178959400704116,0.13990903088839501,0.9951891000992836
EIF4EBP1,0.9999546021178165,4,53,0.1510379888971798,4.5399929762484854e-05,-4810.558270618609,-2.08600483853558,4.581504198239431,SE,6877,0.1011267938795049,35534717.20429902,0.0036821365356445312,9656.460292394497,-4811.747858535431,1.1895879168223473,0.2754126941010937,0.9951891000992836
ELF3,0.9999546021178166,4,59,0.1510379888971798,4.5399929762484854e-05,-9040.181760338279,-2.9539053469371064,9.523001398029235,SE,6877,0.25696846400979717,90295572.01085006,0.0037689208984375,18115.70727183384,-9042.826359329143,2.644598990864324,0.10390237249661505,0.9951891000992836
ENAH,0.481246233839218,4,65,0.1510379888971798,1.0779380193177734,-11417.013913723187,-8.532396355021302,35.78512026178961,SE,6877,1.2544352409836892,23.54864200956107,0.003551006317138672,22869.371578603656,-11417.269571308005,0.2556575848175271,0.6131192723528083,0.9951891000992836
EPCAM,0.22432968403691728,4,66,0.1510379888971798,3.457723791417952,-7443.059664139666,-2.431811672571035,1.440472581796578,SE,6877,0.1405740658537142,4.752427477356287,0.00351715087890625,14921.463079436611,-7443.098781493732,0.03911735406563821,0.8432163527780943,0.9951891000992836
ERBB2,0.9999546021178165,4,68,0.1510379888971798,4.5399929762484854e-05,-8855.334201432976,-2.0604555199740755,5.007842862387589,SE,6877,0.17287371610108973,60745707.22587401,0.0038177967071533203,17746.012154023232,-8856.121400384856,0.7871989518807823,0.3749484470292984,0.9951891000992836
ERN1,0.9999546021178166,4,71,0.1510379888971798,4.5399929762484854e-05,-11243.640676178515,-4.5649315389145855,22.34510014223946,SE,6877,0.433616844048699,152367649.9291642,0.003259897232055664,22522.62510351431,-11244.878998896893,1.2383227183781855,0.2657945519061806,0.9951891000992836
ESM1,0.529127655145976,4,73,0.1510379888971798,0.8899028437499735,-10680.112411753766,-7.538239544344417,30.731473693692514,SE,6877,4.489946381158393,84.5512373881527,0.003270864486694336,21395.568574664812,-10680.508008202774,0.39559644900873536,0.5293722419823141,0.9951891000992836
ESR1,0.9999546021178165,4,77,0.1510379888971798,4.5399929762484854e-05,-5631.443197056049,-2.2029476392451883,5.146218987567853,SE,6877,0.5543355753489232,194786734.06512052,0.0033271312713623047,11298.230145269377,-5631.698834912946,0.25563785689701035,0.6131329703545005,0.9951891000992836
FAM107B,0.9999546021178165,4,78,0.1510379888971798,4.5399929762484854e-05,-7058.153508938303,-2.769361119160173,8.112870831068271,SE,6877,0.08488841869854653,29828750.9833791,0.0035047531127929688,14151.650769033886,-7059.659983805499,1.5064748671957204,0.21967777933088772,0.9951891000992836
FAM49A,0.9999546021178165,4,80,0.1510379888971798,4.5399929762484854e-05,-6872.03011172786,-1.9953233548114624,4.406891252217994,SE,6877,0.1201367568359487,42214585.43495362,0.0031890869140625,13779.403974612998,-6873.074114552497,1.0440028246375732,0.30689234474684235,0.9951891000992836
FASN,0.45633181891655983,4,82,0.1510379888971798,1.1913874884366316,-9879.271507967533,-1.7660157097453821,1.8947850021451713,SE,6877,0.4519905314957573,8.568796426345292,0.0034270286560058594,19793.886767092346,-9879.454736977146,0.18322900961356936,0.6686128412533008,0.9951891000992836
FBLIM1,0.5310943748028458,4,84,0.1510379888971798,0.8829042599489134,-12281.43090897789,-1.8132070819285768,2.8508870063669858,SE,6877,3.1891744335082866,60.10106158288612,0.004154205322265625,24598.205569113063,-12281.880265097097,0.44935611920664087,0.5026408817601531,0.9951891000992836
FBLN1,0.9999546021178165,4,85,0.1510379888971798,4.5399929762484854e-05,-9451.520611161068,-2.050678008842264,5.113377594231458,SE,6877,0.06993490698980569,24574270.05490192,0.003476858139038086,18938.384973479417,-9453.661443088047,2.1408319269794447,0.14342409476136342,0.9951891000992836
FCER1G,0.9999546021178165,4,86,0.1510379888971798,4.5399929762484854e-05,-9199.500624199738,-1.9317853033332653,4.57600641720419,SE,6877,4.6726332920242,1641906128.5475812,0.003565073013305664,18434.344999556757,-9200.245147847705,0.7445236479670712,0.3882156345539203,0.9951891000992836
FCGR3A,0.9999546021178165,4,87,0.1510379888971798,4.5399929762484854e-05,-12064.917954875753,-7.8790469142265565,63.9333635171348,SE,6877,0.16241274044914347,57069848.46271459,0.003796815872192383,24165.179660908787,-12067.27571866057,2.3577637848175073,0.12466077456392499,0.9951891000992836
FGL2,0.9999546021178166,4,89,0.1510379888971798,4.5399929762484854e-05,-7852.807819961719,-2.576209943822538,7.200684968257151,SE,6877,0.03410890819759757,11985452.721740289,0.003507852554321289,15740.959391080718,-7857.222329487033,4.414509525313406,0.03563452155731128,0.9951891000992836
FLNB,0.9999546021178166,4,91,0.1510379888971798,4.5399929762484854e-05,-9994.5026033024,-2.3628709264894,6.645508965440673,SE,6877,0.08860425496271007,31134450.350872923,0.003165006637573242,20024.348957762082,-9996.279149793969,1.776546491568297,0.182573969835229,0.9951891000992836
FOXA1,0.9999546021178166,4,92,0.1510379888971798,4.5399929762484854e-05,-10403.201137663667,-1.7083675307438626,4.120526665523278,SE,6877,0.096714914727803,33984436.88799409,0.003445148468017578,20841.746026484616,-10404.70313575106,1.5019980873930763,0.22036417932628594,0.9951891000992836
FSTL3,0.9999546021178166,4,93,0.1510379888971798,4.5399929762484854e-05,-9368.63333711557,-1.8166065492170993,4.187860461508086,SE,6877,0.05009393549054852,17602395.59680234,0.004045963287353516,18772.610425388422,-9371.61096670333,2.9776295877600205,0.08442283039279708,0.9951891000992836
GATA3,0.5409276228975775,4,97,0.1510379888971798,0.8486759066113827,-12228.066765374386,-7.116864501221368,28.481260315965915,SE,6877,4.58319898292768,86.76012590548625,0.0031609535217285156,24491.477281906053,-12228.647510370236,0.580744995850182,0.4460204544292814,0.9951891000992836
GJB2,2.0611530060985878e-09,4,99,0.1510379888971798,485165195.4097903,-11576.43510252206,-3.7524538494089805,3.2520597258014777e-08,SE,6877,59.94150958689496,1.021604431123774e+19,0.0040700435638427734,23188.2139562014,-11576.43513887893,3.635686880443245e-05,0.9951890519598177,0.9951891000992836
GLIPR1,0.9999546021178166,4,100,0.1510379888971798,4.5399929762484854e-05,-5308.363761699318,-2.150971857082983,4.893276953980294,SE,6877,0.08150600553166884,28640212.40962965,0.0036039352416992188,10652.071274555916,-5309.825697982915,1.4619362835965148,0.2266222889215077,0.9951891000992836
GPR183,0.9999546021178167,4,101,0.1510379888971798,4.5399929762484854e-05,-7090.695564543923,-2.775561372155538,8.151531862148532,SE,6877,0.09715936426594284,34140611.01392337,0.0034089088439941406,14216.734880245125,-7092.051847815154,1.3562832712314048,0.24418266315614634,0.9951891000992836
GZMA,0.9999546021178165,4,102,0.1510379888971798,4.5399929762484854e-05,-11547.25125345845,-1.603974747122632,4.251717619433582,SE,6877,3.356709635835221,1179506667.5181077,0.0032472610473632812,23129.84625807418,-11547.62109759562,0.3698441371707304,0.5430892389854864,0.9951891000992836
HAVCR2,0.9999546021178166,4,104,0.1510379888971798,4.5399929762484854e-05,-8350.043116295692,-1.158820305211521,2.0048861481502547,SE,6877,0.1971229181218672,69266579.91642673,0.004560947418212891,16735.429983748665,-8351.60212229799,1.5590060022987018,0.21181082000276674,0.9951891000992836
HDC,0.9999546021178165,4,111,0.1510379888971798,4.5399929762484854e-05,-11910.01064337025,-5.561276240133587,32.747135686246814,SE,6877,1.2768858274824444,448682045.98506296,0.0038700103759765625,23855.36503789778,-11910.65604276795,0.6453993977011123,0.4217623332449071,0.9951891000992836
HMGA1,0.9999546021178165,4,114,0.1510379888971798,4.5399929762484854e-05,-8139.749063681032,-1.5793223700234844,3.114968321666003,SE,6877,0.1752779521747166,61590526.34555545,0.003280162811279297,16314.841878519343,-8140.535940235388,0.7868765543562404,0.3750462610044547,0.9951891000992836
HOOK2,0.9999546021178165,4,118,0.1510379888971798,4.5399929762484854e-05,-6860.820370217922,-2.62541885028575,7.312175057918514,SE,6877,0.10676297018195323,37515200.54931454,0.004827976226806641,13756.984491593123,-6862.070917831925,1.2505476140031533,0.2634479117530054,0.9951891000992836
HOXD8,0.9999546021178165,4,119,0.1510379888971798,4.5399929762484854e-05,-12046.28703265631,-7.24804923441886,54.39342437915376,SE,6877,6.455113857442696,2268247975.0928917,0.003428220748901367,24127.9178164699,-12047.678837878797,1.3918052224871644,0.2381004772298979,0.9951891000992836
HOXD9,0.9999546021178165,4,122,0.1510379888971798,4.5399929762484854e-05,-8271.526903024987,-1.9797857088961472,4.562312992403,SE,6877,0.18701921830025034,65716263.5055267,0.0040667057037353516,16578.397557207256,-8272.287414703393,0.760511678405237,0.3831684416348994,0.9951891000992836
HPX,0.9999546021178165,4,124,0.1510379888971798,4.5399929762484854e-05,-8455.324016574325,-2.337018530795597,6.137513357386258,SE,6877,0.0333553406634861,11720658.316725131,0.003325939178466797,16945.99178430593,-8459.220698581616,3.8966820072910195,0.048381569927979706,0.9951891000992836
IGF1,2.0611530060985874e-09,4,129,0.1510379888971798,485165195.4097903,-10684.376907778067,-7.403088910371029,1.1566144136647725e-07,SE,6877,7.5699645670493005,1.2901759395859968e+18,0.0033578872680664062,21404.097566713415,-10684.376944135483,3.635741632024292e-05,0.9951890157351871,0.9951891000992836
IGSF6,0.9999546021178166,4,130,0.1510379888971798,4.5399929762484854e-05,-7585.987230333826,-2.2719845826579133,5.685264740867889,SE,6877,0.13432034520246547,47198524.72758792,0.003823995590209961,15207.318211824931,-7586.887368906786,0.9001385729598042,0.34274455736610454,0.9951891000992836
IL2RG,0.9999546021178166,4,133,0.1510379888971798,4.5399929762484854e-05,-6916.685942782793,-2.338029957634471,5.8951514379216094,SE,6877,0.28566341454150296,100378626.29582378,0.0036029815673828125,13868.715636722865,-6917.179530674683,0.4935878918895469,0.48233117854909957,0.9951891000992836
IL3RA,0.9999546021178166,4,142,0.1510379888971798,4.5399929762484854e-05,-7243.039460415999,-2.2684004323281566,5.618528181865012,SE,6877,0.16692325064391614,58654786.52011693,0.003255128860473633,14521.422671989278,-7243.7691609066715,0.7297004906722577,0.39298028834506615,0.9951891000992836
IL7R,0.49969876936192187,4,144,0.1510379888971798,1.001205351585507,-11542.251655854678,-5.147908767556267,14.070354011995915,SE,6877,3.049602489084532,57.121458319321086,0.0035369396209716797,23119.847062866636,-11542.54639329576,0.29473744108145183,0.5872005386915631,0.9951891000992836
ITGAM,0.9999546021178166,4,145,0.1510379888971798,4.5399929762484854e-05,-7077.941930523528,-2.664085458582098,7.544440804823213,SE,6877,0.03645356528892682,12809336.516432308,0.003383159637451172,14191.227612204335,-7082.04469922387,4.102768700342494,0.042813049170766115,0.9951891000992836
ITGAX,0.9999546021178166,4,146,0.1510379888971798,4.5399929762484854e-05,-12709.28856909995,-6.238181312686289,41.210522195219866,SE,6877,0.36920616483870106,129734525.87852053,0.004917144775390625,25453.92088935718,-12710.942524048905,1.6539549489552883,0.19842149507111528,0.9951891000992836
ITM2C,0.9999546021178166,4,149,0.1510379888971798,4.5399929762484854e-05,-12585.846169640783,-1.426926577975323,4.309546660395693,SE,6877,0.07253688114156562,25488571.914171755,0.003763914108276367,25207.036090438847,-12588.012171912225,2.1660022714422666,0.14109260266930346,0.9951891000992836
JUP,0.4790549673055256,4,151,0.1510379888971798,1.0874428062437869,-12511.964688154874,-2.634257494405052,4.3886699467716435,SE,6877,0.7838848776388762,14.723398188513354,0.003773927688598633,25059.27312746703,-12512.194976790342,0.2302886354682414,0.6313098922026235,0.9951891000992836
KARS,0.9999546021178165,4,152,0.1510379888971798,4.5399929762484854e-05,-11190.356507411165,-1.2859026905170658,3.16810095243636,SE,6877,0.8560658665302141,300811064.09432197,0.0033440589904785156,22416.05676597961,-11191.623006200021,1.266498788856552,0.2604245337567226,0.9951891000992836
KDR,0.564212413369485,4,155,0.1510379888971798,0.7723819024365052,-8754.886702239237,-6.355570844740361,23.189295852758026,SE,6877,0.1911216270362449,3.674904108725879,0.0039288997650146484,17545.117155635755,-8756.359366374902,1.4726641356646724,0.22492582309444065,0.9951891000992836
KLF5,2.0611530060985874e-09,4,157,0.1510379888971798,485165195.4097903,-11024.468354374061,-3.1851597280375126,2.3889862915778796e-08,SE,6877,17.317476754088872,2.9514790517935283e+18,0.0034186840057373047,22084.280459905403,-11024.46839073121,3.63571489288006e-05,0.9951890334262516,0.9951891000992836
KLRB1,0.48838933945613155,4,163,0.1510379888971798,1.0475464292133299,-12036.086050363152,-7.637436256666137,29.41048373743011,SE,6877,3.2572475625208783,61.0625646987734,0.003431081771850586,24107.515851883585,-12036.204997922807,0.11894755965477088,0.7301787608054513,0.9951891000992836
KRT15,0.9999546021178166,4,165,0.1510379888971798,4.5399929762484854e-05,-8100.9947109589075,-1.752696775361478,3.6846962838956725,SE,6877,0.03895624560692728,13688747.738111058,0.0037069320678710938,16237.333173075094,-8104.665362112385,3.6706511534775927,0.055378545037744975,0.9951891000992836
KRT7,0.9999546021178165,4,168,0.1510379888971798,4.5399929762484854e-05,-7775.711736191739,-2.9781276578847886,9.416632439303303,SE,6877,0.2532637183891456,88993769.7596949,0.003805875778198242,15586.767223540757,-7776.368374659962,0.656638468222809,0.4177492048045095,0.9951891000992836
KRT8,0.9999546021178165,4,173,0.1510379888971798,4.5399929762484854e-05,-11401.625219432553,-8.032413103774266,66.02632332734102,SE,6877,0.2099835358815646,73785643.53563362,0.004370927810668945,22838.594190022388,-11402.83196315064,1.2067437180867273,0.271977980381632,0.9951891000992836
LAG3,0.9999546021178165,4,180,0.1510379888971798,4.5399929762484854e-05,-11378.699695109708,-2.829371338058322,9.594813033466204,SE,6877,0.4198899974826551,147544204.11308923,0.003329753875732422,22792.743141376697,-11380.412920467072,1.7132253573636262,0.19056743107694618,0.9951891000992836
LARS,0.9999546021178165,4,182,0.1510379888971798,4.5399929762484854e-05,-12133.915349890267,-7.901065170335179,64.31989948557873,SE,6877,1.1991810744143376,421377547.1479646,0.0033593177795410156,24303.174450937815,-12135.783795113031,1.8684452227644215,0.17165325633770956,0.9951891000992836
LDHB,2.0611530060985878e-09,4,187,0.1510379888971798,485165195.4097903,-11046.511376883827,-3.874952473037869,3.394686866669628e-08,SE,6877,8.380480243944712,1.428315004270592e+18,0.0041408538818359375,22128.366504924936,-11046.511413241216,3.6357389035401866e-05,0.9951890175403949,0.9951891000992836
LGALSL,0.9999546021178165,4,189,0.1510379888971798,4.5399929762484854e-05,-5916.322986421097,-2.367529367899616,5.923214649473787,SE,6877,0.2187344979455837,76860624.46087031,0.004065990447998047,11867.989723999473,-5917.0215052260455,0.698518804948435,0.4032818452507202,0.9951891000992836
LPL,0.5405598216748895,4,191,0.1510379888971798,0.8499337602703443,-12229.518958902881,-6.924955197991285,27.007092199126216,SE,6877,0.7798774996734571,14.760303708146965,0.0035462379455566406,24494.381668963044,-12230.257400190912,0.7384412880310265,0.39016064706458475,0.9951891000992836
LPXN,0.5193314354059237,4,199,0.1510379888971798,0.9255523334079866,-12106.570602310307,-7.643125062621206,31.338298835914546,SE,6877,3.367534117829215,63.225146789915016,0.0037610530853271484,24248.484955777894,-12106.965098279601,0.3944959692944394,0.5299455461541085,0.9951891000992836
LRRC15,0.44319369443409734,4,200,0.1510379888971798,1.2563494183385968,-9984.797726159788,-3.283995011339453,5.24928891657158,SE,6877,0.48767940756478206,9.323462697076787,0.0036928653717041016,20004.939203476857,-9984.951671698622,0.15394553883379558,0.6947930188576289,0.9951891000992836
LUM,0.9999546021178166,4,202,0.1510379888971798,4.5399929762484854e-05,-11911.133480988135,-7.4434558141204965,57.18447861756811,SE,6877,4.100919613285329,1441012941.72333,0.003818988800048828,23857.610713133552,-11911.743434767708,0.6099537795726064,0.43480521347936674,0.9951891000992836
LYPD3,0.9999546021178165,4,205,0.1510379888971798,4.5399929762484854e-05,-11692.787877258257,-8.770491022154658,78.55022404229315,SE,6877,3.9006405088104046,1370637316.5659475,0.004251241683959961,23420.919505673795,-11693.973824883109,1.1859476248519059,0.27614849499172,0.9951891000992836
LYZ,2.0611530060985878e-09,4,208,0.1510379888971798,485165195.4097903,-12177.272781419124,-5.1445425224708385,5.8716653149231496e-08,SE,6877,1731.7476754088877,2.9514790517935283e+20,0.004072904586791992,24389.88931399553,-12177.27281777564,3.6356515920488164e-05,0.9951890753073985,0.9951891000992836
MAP3K8,0.9999546021178165,4,211,0.1510379888971798,4.5399929762484854e-05,-9822.681891659331,-2.714063385503529,8.373308096548707,SE,6877,0.1489079779991918,52324440.28591559,0.003938913345336914,19680.707534475943,-9824.570658014967,1.8887663556361076,0.16934113014142005,0.9951891000992836
MDM2,0.9999546021178165,4,212,0.1510379888971798,4.5399929762484854e-05,-5035.946840663635,-2.328839351711666,5.66788155168871,SE,6877,0.2484042603976804,87286215.71900566,0.0035610198974609375,10107.23743248455,-5036.4679396480315,0.5210989843963034,0.4703732626920696,0.9951891000992836
MEDAG,0.9999546021178165,4,213,0.1510379888971798,4.5399929762484854e-05,-12274.313780717055,-7.485648747507928,58.02178618321499,SE,6877,58591.48529542362,20588330556876.77,0.003921031951904297,24583.97131259139,-12275.393679951445,1.0798992343898135,0.29872009903997254,0.9951891000992836
MKI67,0.5152215445321678,4,214,0.1510379888971798,0.9409123446992511,-11900.71469853901,-7.197761548741506,27.628917129954495,SE,6877,5.364249716202855,100.62322505085655,0.0036249160766601562,23836.7731482353,-11900.969208842467,0.2545103034572094,0.6139169877860103,0.9951891000992836
MLPH,0.9999546021178166,4,218,0.1510379888971798,4.5399929762484854e-05,-12947.194666163106,-0.3089103339726482,2.6243552125305567,SE,6877,0.6043920439149147,212375964.24380893,0.006227970123291016,25929.733083483494,-12948.012400392596,0.8177342294893606,0.3658434577718417,0.9951891000992836
MMP1,0.5183795544620146,4,219,0.1510379888971798,0.9290881524313608,-12045.228898014058,-7.773181330709143,32.301143661879934,SE,6877,1.9943917234457287,37.43605289619639,0.0036580562591552734,24125.801547185398,-12045.701312836987,0.4724148229288403,0.4918783297667685,0.9951891000992836
MMP2,0.028542650222382258,4,2,0.40701369399374854,34.034705436519936,-11933.83777712602,-6.832927873541319,1.3819462544848464,SE,6877,0.14051143735304622,140.41849273860865,0.013936281204223633,23903.01930540932,-11933.8910925768,0.05331545077933697,0.8173914127413203,0.9951891000992836
MMRN2,0.053867592800648026,4,14,0.40701369399374854,17.563736101097174,-12142.208821472497,-9.002651842844566,4.44643082962181,SE,6877,0.025495765984433094,7.915594981402012,0.016980886459350586,24319.761394102276,-12142.356896936795,0.14807546429801732,0.700381339587548,0.9951891000992836
MNDA,0.17447422277268854,4,15,0.40701369399374854,4.731424557973087,-7311.607960792927,-2.1242633049148574,0.8576746964507412,SE,6877,0.002887359367023764,0.13477242960651298,0.01201319694519043,14658.559672743133,-7313.092447040256,1.4844862473291869,0.2230739243075408,0.9951891000992836
MRC1,0.0784364710007338,4,20,0.40701369399374854,11.748969779800488,-9918.422268767434,-1.8617230781533511,0.3516042718157523,SE,6877,0.016753042165782873,2.700429102517738,0.017189979553222656,19872.18828869215,-9918.778596563172,0.35632779573825246,0.5505527909608936,0.9951891000992836
MYLK,7.170626256967168e-07,4,26,0.40701369399374854,1394553.4192228336,-13249.469529694405,-0.5310436424179308,2.181668675599709e-06,SE,6877,0.17291091097368783,243492212701.22958,0.003222942352294922,26534.28281054609,-13249.469567916884,3.822247890639119e-05,0.9950671635139017,0.9951891000992836
MYO5B,0.1387253688259103,4,41,0.40701369399374854,6.208380418294543,-8235.692117377377,-2.192590835234861,0.745608079438871,SE,6877,0.005000650744975236,0.3237360755314314,0.014395952224731445,16506.727985912035,-8236.390156701957,0.6980393245794403,0.4034432948695442,0.9951891000992836
MZB1,0.13837031749758233,4,46,0.40701369399374854,6.22687671866453,-7734.3826731895815,-2.4305790267057503,0.8815323527495027,SE,6877,0.0078006199155946565,0.5069291216107414,0.0123138427734375,15504.109097536442,-7735.130594675991,0.747921486409723,0.38713509939177404,0.9951891000992836
NARS,0.034506662365997066,4,55,0.40701369399374854,27.979431118960598,-13633.76412240395,-0.21102711963266088,0.1080514339003448,SE,6877,0.1640250562658026,114.88336119551019,0.013392925262451172,27302.871995965183,-13633.880995057349,0.116872653397877,0.7324514169352316,0.9951891000992836
NOSTRIN,0.11833296684968587,4,57,0.40701369399374854,7.450602643788704,-13007.595245197777,-2.982979421411161,1.3433397197420915,SE,6877,0.005471920121309548,0.45116377905506905,0.016223907470703125,26050.534241552836,-13008.302616090172,0.707370892394465,0.40031799596335804,0.9951891000992836
NPM3,7.51185443833742e-07,4,61,0.40701369399374854,1331205.3775117479,-11065.183753697558,-3.5869705500801734,1.0763815283622685e-05,SE,6877,0.2210098172417557,283592114842.38574,0.003919839859008789,22165.711258552397,-11065.183791783093,3.8085534470155835e-05,0.9950760080747142,0.9951891000992836
OCIAD2,1.6963388121142582e-07,4,62,0.40701369399374854,5894946.674215829,-9365.142599976032,-1.9640947696315882,8.057222284802188e-07,SE,6877,0.21217679838837156,5338860261384.857,0.0036683082580566406,18765.628951109346,-9365.142636731092,3.675506013678387e-05,0.9951627785513891,0.9951891000992836
OXTR,0.14051941519556463,4,64,0.40701369399374854,6.116349449186559,-12217.13572059918,-8.568743302117834,10.441373029041783,SE,6877,0.005139831540906889,0.3264696799548222,0.012976884841918945,24469.615192355643,-12218.085416695905,0.9496960967244377,0.32979666533564245,0.9951891000992836
PCLAF,0.15802986699375995,4,72,0.40701369399374854,5.32782639252111,-12560.560164319633,-8.464725341634852,11.479595269309707,SE,6877,0.004527765353938914,0.24256887603190513,0.015340089797973633,25156.464079796548,-12561.690492223479,1.1303279038456822,0.2877054072206754,0.9951891000992836
PCOLCE,0.18294874086574836,4,81,0.40701369399374854,4.46593535275918,-11368.929276545103,-8.54756613497578,13.386584046845098,SE,6877,0.0027152662060838926,0.1188803693612844,0.015220165252685547,22773.202304247487,-11370.689293102318,1.7600165572148398,0.18462245043796754,0.9951891000992836
PDE4A,0.20495229111167962,4,83,0.40701369399374854,3.8791177805354278,-11458.224726201515,-2.0400701589935473,1.1698979301001173,SE,6877,0.002397338594495362,0.09056408391982973,0.010119199752807617,22951.79320356031,-11460.264182314302,2.0394561127868656,0.15326443750173568,0.9951891000992836
PDGFRA,0.13320983760826866,4,90,0.40701369399374854,6.506841503208333,-10422.947719529273,-7.808370086563948,8.16134863232497,SE,6877,0.004538827593572201,0.31220726210028793,0.013898134231567383,20881.239190215827,-10423.70281906216,0.7550995328874706,0.3848664757139898,0.9951891000992836
PDGFRB,0.1573729583085518,4,98,0.40701369399374854,5.354240033700238,-10841.053029531693,-4.371048405935768,3.1694197483689783,SE,6877,0.0033319482015542012,0.17956402961358703,0.014261007308959961,21717.449810220667,-10842.342463567427,1.2894340357343026,0.25615227685497743,0.9951891000992836
PDK4,0.0384052748715656,4,106,0.40701369399374854,25.03766059147561,-10046.180646539167,-0.679980391800324,0.05944228276285783,SE,6877,0.07251740545213405,41.649745364301566,0.01354527473449707,20127.705044235616,-10046.231289839565,0.050643300397496205,0.8219476402879206,0.9951891000992836
PECAM1,0.24837091728618343,4,108,0.40701369399374854,3.0261843984300665,-7709.699047511948,-2.0899072463026847,1.1923942719614051,SE,6877,0.0036020483538621705,0.108262965995373,0.003980159759521484,15454.741846181176,-7716.241742023739,6.542694511790614,0.010531571667205197,0.9951891000992836
PELI1,4.3321224647947295e-07,4,110,0.40701369399374854,2308296.7493052026,-11876.850594162512,-5.74444745361259,1.5097946505125971e-05,SE,6877,1.545026754926724,5960887030136.155,0.004021883010864258,23789.044939482304,-11876.850630896235,3.6733723391080275e-05,0.9951641827700536,0.9951891000992836
PIM1,2.702104350528643e-09,4,115,0.40701369399374854,370075585.9465214,-7911.753339044204,-2.933132378647309,2.482681072555877e-08,SE,6877,0.09009891111658203,8934924068252916.0,0.0037000179290771484,15858.850429245687,-7911.753375410529,3.6366324820846785e-05,0.9951884263710897,0.9951891000992836
POLR2J3,0.08377056519502134,4,117,0.40701369399374854,10.937179694986261,-11470.84263629161,-8.531901281594122,6.177263958780246,SE,6877,0.06497601864326608,9.373199068151601,0.004724025726318359,22977.029023740502,-11472.602322710649,1.7596864190381893,0.18466363371589156,0.9951891000992836
POSTN,0.09689000668534685,4,123,0.40701369399374854,9.320822023300595,-8697.285665334937,-1.8194286900927255,0.38837042554032436,SE,6877,0.006948478530852093,0.7879293476068543,0.015609979629516602,17429.915081827156,-8697.570994227777,0.28532889283997065,0.5932295540867926,0.9951891000992836
PPARG,9.591415291088946e-07,4,125,0.40701369399374854,1042580.1240371229,-15056.355650669175,-0.19473655475613796,4.514390699239329e-06,SE,6877,0.013565728198026362,10677141796.936203,0.003162860870361328,30148.05505249563,-15056.355695936007,4.5266831875778735e-05,0.994631822899756,0.9951891000992836
PRDM1,0.1382136681333798,4,127,0.40701369399374854,6.235067536348857,-11300.81923593201,-2.1654953316882923,0.8545692561507734,SE,6877,0.004807237789706948,0.31292845604502806,0.014458894729614258,22636.9822230213,-11301.604314278595,0.7850783465855784,0.3755924867684143,0.9951891000992836
PTGDS,0.15642605530586975,4,132,0.40701369399374854,5.392704423279378,-12751.462747478832,-10.038034715277345,15.858931483841888,SE,6877,0.003811867548450007,0.207199836599962,0.014378786087036133,25538.269246114945,-12752.536530687625,1.0737832087925199,0.3000924694491077,0.9951891000992836
PTN,0.050933657291511,4,135,0.40701369399374854,18.633063479471925,-6822.340642852677,-2.132459734481922,0.25193935322298056,SE,6877,0.055558252634924074,19.070808605790965,0.012440204620361328,13680.025036862633,-6822.535050992305,0.19440813962773973,0.6592728079074552,0.9951891000992836
PTPRC,2.3887632354490654e-08,4,138,0.40701369399374854,41861948.25781383,-9691.199882157904,-1.4821939486275373,7.590778353727979e-08,SE,6877,0.03131538726356065,39736276552644.99,0.003577709197998047,19417.74351547309,-9691.199918660557,3.650265352916904e-05,0.9951794161941085,0.9951891000992836
PTRHD1,0.08843680999537974,4,139,0.40701369399374854,10.307331980263443,-12063.43863053905,-8.963686860417546,7.20669706776411,SE,6877,0.0095837734211887,1.2629326738627362,0.012274980545043945,24162.221012235383,-12063.844299013412,0.40566847436093667,0.5241762448470583,0.9951891000992836
QARS,0.08929279508177033,4,147,0.40701369399374854,10.198936976433945,-7436.099762993993,-2.2488498374950954,0.4924259690413839,SE,6877,0.011539648689545948,1.496566160924944,0.01714015007019043,14907.543277145265,-7436.370370740964,0.270607746971109,0.6029243816237869,0.9951891000992836
RAB30,1.028173226764806e-06,4,148,0.40701369399374854,972581.0780966174,-9019.73208102183,-2.5155815345185095,7.336057985004607e-06,SE,6877,0.45934967677881244,314621392408.35596,0.0032439231872558594,18074.80791320094,-9019.732119019985,3.79981556761777e-05,0.9950816597491532,0.9951891000992836
RAMP2,0.10919653250944188,4,156,0.40701369399374854,8.157660072796675,-14956.187565165219,-2.4729729208052578,1.154766730741509,SE,6877,0.007795498355427828,0.7292496964929178,0.015600919723510742,29947.71888148772,-14956.78267670219,0.5951115369716717,0.440449298303769,0.9951891000992836
RAPGEF3,0.1270175128344178,4,159,0.40701369399374854,6.8728122532234766,-9686.993723701964,-1.8975890077468742,0.5752466736842066,SE,6877,0.00686692089080875,0.5076623611177221,0.013785123825073242,19409.33119856121,-9687.59560548738,0.6018817854164809,0.4378609391111893,0.9951891000992836
RHOH,0.10970158229846491,4,160,0.40701369399374854,8.115499645107516,-9042.500703494203,-2.0315827904892996,0.53623333003662,SE,6877,0.007325780796560171,0.6803107712733213,0.016399860382080078,18120.345158145687,-9043.067611438266,0.5669079440631322,0.45149023980327985,0.9951891000992836
RORC,0.07750750901939077,4,164,0.40701369399374854,11.901771649556462,-8826.482945457316,-2.276941371948589,0.4573779427954073,SE,6877,0.014580850743702007,2.398331522413869,0.015312910079956055,17688.309642071912,-8826.792641497792,0.3096960404764104,0.5778667669488926,0.9951891000992836
RTKN2,0.10590674527339777,4,169,0.40701369399374854,8.442124454488795,-10557.946648826524,-4.303488210081177,2.0714092181870916,SE,6877,0.00730854325430421,0.7178368153698638,0.012525796890258789,21151.23704881033,-10558.41936280945,0.472713982926507,0.4917412519950308,0.9951891000992836
RUNX1,0.0006753019884192182,4,170,0.40701369399374854,1479.7936038104353,-12786.585370117176,-5.546470303643755,0.022402617759303863,SE,6877,0.0018381109232189822,2926.674369792567,0.0033049583435058594,25608.514491391634,-12786.602565644334,0.017195527158037294,0.8956711113897589,0.9951891000992836
S100A14,0.0935907183158662,4,181,0.40701369399374854,9.684654165060923,-8828.282346422031,-1.9611253662946049,0.4275280847894463,SE,6877,0.01248582198788887,1.498427082626422,0.010085821151733398,17691.908444001343,-8828.531789735453,0.24944331342157966,0.6174673305877085,0.9951891000992836
S100A4,0.07496955833002301,4,185,0.40701369399374854,12.338535817099979,-10500.19651509111,-3.8990219289081516,1.2229360672221583,SE,6877,0.011561618832587396,2.012756282144964,0.016933679580688477,21035.7367813395,-10500.49247158609,0.29595649498151033,0.5864285103925684,0.9951891000992836
SCD,4.606629103933174e-07,4,194,0.40701369399374854,2170746.483592061,-12278.669595380816,-5.362269924338996,1.4204958891357672e-05,SE,6877,0.10860899093088626,370574619672.95654,0.004247903823852539,24592.682941918913,-12278.669633249861,3.786904562730342e-05,0.995090022516166,0.9951891000992836
SDC4,0.10472207201741963,4,197,0.40701369399374854,8.548938727663261,-12581.500249231838,-8.032624790557659,6.9144660185192635,SE,6877,0.005814482380204343,0.581468644842464,0.012343883514404297,25198.344249620957,-12581.882181423836,0.38193219199820305,0.536570969692292,0.9951891000992836
SEC11C,0.11035078695113572,4,207,0.40701369399374854,8.061872355144791,-12046.071252197664,-8.618428936954853,8.30840453693101,SE,6877,0.004735409286465957,0.43566357044067333,0.016345739364624023,24127.48625555261,-12046.413568406784,0.3423162091203267,0.558495303595326,0.9951891000992836
SEC24A,0.054107848812588254,4,209,0.40701369399374854,17.48130730045751,-11864.873977057103,-5.263789826734835,1.589676027756194,SE,6877,0.030556916655939154,9.411780444969082,0.014296293258666992,23765.091705271487,-11865.05321446346,0.17923740635706054,0.6720294221269253,0.9951891000992836
SELL,0.15246692760018574,4,210,0.40701369399374854,5.558704130295771,-12344.40681032776,-5.113307197503239,4.24170772078693,SE,6877,0.003975900835112268,0.22419520454175834,0.010033130645751953,24724.157371812802,-12345.585933101142,1.1791227733810956,0.27753465381932063,0.9951891000992836
SERHL2,0.13964576530938613,4,217,0.40701369399374854,6.160870547928701,-11026.116110025167,-1.4499644362039712,0.49095292736937307,SE,6877,0.006917204477820448,0.4434397167644278,0.01084589958190918,22087.575971207614,-11027.409252568874,1.2931425437072903,0.25546962659851513,0.9951891000992836
SERPINA3,2.0605530929969285e-09,4,69,1.096811128829391,485165195.4097903,-5702.590094322135,-2.6544015427670997,1.515628756647886e-08,SE,6877,0.0033224479236745896,566586366445146.2,0.004087924957275391,11440.52393980155,-5702.590130717385,3.639525039034197e-05,0.9951865132253975,0.9951891000992836
SERPINB9,2.060553092996928e-09,4,198,1.096811128829391,485165195.4097903,-12314.01037904001,-8.227801942300458,1.4386784115405794e-07,SE,6877,0.0011946738790887628,203731088579772.88,0.0041408538818359375,24663.3645092373,-12314.010415461085,3.642107549239881e-05,0.99518480578784,0.9951891000992836
SFRP4,2.0563466175476217e-09,4,5,2.9556613698174004,485165195.4097903,-11207.77559463228,-2.0593955149562677,1.1883656688676785e-08,SE,6877,0.0005301577589692409,90779552067755.38,0.003760099411010742,22450.89494042184,-11207.7756310855,3.6453220673138276e-05,0.9951826813411022,0.9951891000992836
SH3YL1,2.0563466175476217e-09,4,25,2.9556613698174004,485165195.4097903,-11608.136136441863,-8.66403259077106,1.5825151550152222e-07,SE,6877,1.3417488017998588e-05,2297492645427.9346,0.003834962844848633,23251.616024041006,-11608.136173405837,3.696397470775992e-05,0.9951490508947863,0.9951891000992836
SLAMF1,2.056346617547622e-09,4,58,2.9556613698174004,485165195.4097903,-8405.143868050327,-1.6596451755280628,7.067991369143633e-09,SE,6877,5.586345038000892e-05,9565565940817.846,0.003905057907104492,16845.631487257935,-8405.14390470461,3.665428266685922e-05,0.9951694145300156,0.9951891000992836
SLAMF7,2.056346617547622e-09,4,60,2.9556613698174004,485165195.4097903,-9873.834911444246,-4.359831960259194,4.131043117867129e-08,SE,6877,0.00010091419292223751,17279658886009.582,0.0043561458587646484,19783.013574045774,-9873.834948022302,3.6578056096914224e-05,0.9951744399469292,0.9951891000992836
SLC25A37,2.0563466175476217e-09,4,63,2.9556613698174004,485165195.4097903,-11276.174939020108,-4.3277804801572,4.1809961078419296e-08,SE,6877,0.0001620896161676747,27754800343098.676,0.004364013671875,22587.693629197496,-11276.174975551454,3.653134626802057e-05,0.995177521990738,0.9951891000992836
SLC5A6,2.0563466175476217e-09,4,76,2.9556613698174004,485165195.4097903,-11293.067023949297,-3.0496553346274182,2.239053904354481e-08,SE,6877,2.5661565350796097e-06,439406076491.63153,0.004179954528808594,22621.477799055876,-11293.067061694794,3.774549622903578e-05,0.9950980384656353,0.9951891000992836
SMAP2,2.0563466175476217e-09,4,103,2.9556613698174004,485165195.4097903,-9922.473086931604,-2.418853640900856,1.4221621318835857e-08,SE,6877,8.734264883327178e-05,14955787033866.08,0.005200862884521484,19880.28992502049,-9922.473123526242,3.659463800431695e-05,0.9951733463001338,0.9951891000992836
SMS,2.0563466175476217e-09,4,120,2.9556613698174004,485165195.4097903,-12139.00717564379,-0.8935697134636298,5.765170106199954e-09,SE,6877,1.4100394740138846e-05,2414427586567.8765,0.003779172897338867,24313.35810244486,-12139.007212592882,3.6949091736460105e-05,0.9951500275607993,0.9951891000992836
SNAI1,2.056346617547622e-09,4,161,2.9556613698174004,485165195.4097903,-10840.012217026677,-0.2649185163345377,2.9680214373643313e-09,SE,6877,9.09608510895522e-05,15575336167230.229,0.005012989044189453,21715.368185210635,-10840.012253616529,3.658985224319622e-05,0.9951736619158413,0.9951891000992836
SOX17,2.0563466175476217e-09,4,171,2.9556613698174004,485165195.4097903,-12453.978049765174,-8.018976657335362,1.370549630674621e-07,SE,6877,0.07686402618367771,1.316151984768617e+16,0.004936933517456055,24943.29985068763,-12453.978086129784,3.636461042333394e-05,0.9951885397857272,0.9951891000992836
SQLE,2.0563466175476217e-09,4,196,2.9556613698174004,485165195.4097903,-10354.509775484294,-1.4835234096834968,6.987855276189553e-09,SE,6877,0.0011312603271005951,193707069318158.8,0.003892183303833008,20744.36330212587,-10354.509811907008,3.642271440185141e-05,0.9951846974510787,0.9951891000992836
SRPK1,2.027663698551759e-09,4,70,7.964848188907962,485165195.4097903,-10673.940010845741,-1.9710706485803737,1.0698070287675439e-08,SE,6877,1.0967208213485e-05,1931433645468.9565,0.004631757736206055,21383.223772848763,-10673.940047864799,3.701905734487809e-05,0.995145437913415,0.9951891000992836
STC1,2.027663698551759e-09,4,75,7.964848188907962,485165195.4097903,-8183.821878249051,-5.217867550452443,5.742125827717732e-08,SE,6877,2.0940462454278432e-06,368782218305.49854,0.005108833312988281,16402.987507655384,-8183.821916121711,3.787265995924827e-05,0.9950897882134428,0.9951891000992836
SVIL,2.0276636985517585e-09,4,95,7.964848188907962,485165195.4097903,-8226.598576427634,-2.122641328625673,1.0607078862547096e-08,SE,6877,4.1753565307856726e-06,735321508300.7341,0.005028963088989258,16488.54090401255,-8226.598613857852,3.743021807167679e-05,0.9951185535335191,0.9951891000992836
TACSTD2,2.027663698551759e-09,4,105,7.964848188907962,485165195.4097903,-5062.997371398291,-2.2795385498631497,1.123651253020592e-08,SE,6877,1.2150039567267083e-05,2139741924945.3396,0.0038509368896484375,10161.338493953861,-5062.997408384307,3.6986016311857384e-05,0.9951476048186005,0.9951891000992836
TCF4,2.0276636985517593e-09,4,126,7.964848188907962,485165195.4097903,-12312.715200972125,-8.645017373591715,1.5837587211658382e-07,SE,6877,4.4793970936480795e-06,788866053208.5007,0.004966259002685547,24660.77415310153,-12312.715238365286,3.7393161619547755e-05,0.9951209704527053,0.9951891000992836
TCIM,2.027663698551759e-09,4,134,7.964848188907962,485165195.4097903,-13410.783833586684,-0.75859437938021,7.149118763504451e-09,SE,6877,1.9025475700738682e-06,335057410912.2528,0.0048389434814453125,26856.91141833065,-13410.7838715338,3.794711665250361e-05,0.9950849639681886,0.9951891000992836
TENT5C,2.027663698551759e-09,4,140,7.964848188907962,485165195.4097903,-8797.768356999797,-2.8295516024521854,1.806126183043012e-08,SE,6877,6.047311852606516e-05,10649913222588.44,0.00421905517578125,17630.880465156875,-8797.768393638464,3.6638666642829776e-05,0.9951704436274086,0.9951891000992836
TFAP2A,2.027663698551759e-09,4,154,7.964848188907962,485165195.4097903,-9902.66895168431,-1.9975285343457574,1.0373946937315201e-08,SE,6877,1.5725032800334334e-05,2769333529140.462,0.005735874176025391,19840.681654525903,-9902.668988594125,3.690981429826934e-05,0.9951526060111802,0.9951891000992836
THAP2,2.0276636985517585e-09,4,166,7.964848188907962,485165195.4097903,-8938.018791216782,-3.2526194335454126,2.3429861486482012e-08,SE,6877,4.641917005757024e-06,817487414287.4225,0.003297090530395508,17911.381333590845,-8938.01882859165,3.7374868043116294e-05,0.9951221640493803,0.9951891000992836
TIFA,2.0276636985517585e-09,4,167,7.964848188907962,485165195.4097903,-12112.714510908241,-6.74930510830078,9.797998356832879e-08,SE,6877,1.762570730460148e-05,3104061074671.3994,0.0043621063232421875,24260.772772973763,-12112.714547787367,3.687912612804212e-05,0.9951546215558094,0.9951891000992836
TMEM147,2.0276636985517585e-09,4,176,7.964848188907962,485165195.4097903,-12293.48814995621,-6.131918958111097,8.180894438963484e-08,SE,6877,0.00014998513085704148,26413862344763.664,0.004148960113525391,24622.320051069702,-12293.488186491926,3.653571548056789e-05,0.9951772336144938,0.9951891000992836
TOMM7,2.0276636985517585e-09,4,184,7.964848188907962,485165195.4097903,-6655.619596796023,-1.8597398766614979,7.964881916224012e-09,SE,6877,4.879708084625437e-06,859364770983.7327,0.004446983337402344,13346.582944749325,-6655.619634145771,3.7349747799453326e-05,0.9951238035400854,0.9951891000992836
TOP2A,1.852682150872686e-09,4,23,21.463489464718226,485165195.4097903,-11523.265866996466,-1.7551455282996538,9.793459038002866e-09,SE,6877,8.567962094301413e-07,180738742833.72113,0.0043299198150634766,23081.875485150213,-11523.265905518683,3.8522217437275685e-05,0.995047860018892,0.9951891000992836
TPD52,1.852682150872686e-09,4,29,21.463489464718226,485165195.4097903,-8890.247538758042,-6.526987540804828,8.940966631602713e-08,SE,6877,4.502500209175686e-06,949789714821.715,0.0041921138763427734,17815.838828673364,-8890.247576059333,3.730129174073227e-05,0.9951269676177749,0.9951891000992836
TRAC,1.8526821508726862e-09,4,39,21.463489464718226,485165195.4097903,-7501.071923040676,-1.5636364861908998,6.108600615187799e-09,SE,6877,1.3803536082114802e-05,2911816988313.549,0.0037288665771484375,15037.48759723863,-7501.0719599367985,3.689612276502885e-05,0.9951535051432496,0.9951891000992836
TRAF4,1.8526821508726858e-09,4,45,21.463489464718226,485165195.4097903,-9864.861254848736,-1.4227179291382355,6.298220003209754e-09,SE,6877,0.0001393995485681445,29405941439157.312,0.0038230419158935547,19765.066260854754,-9864.861291375117,3.652638042694889e-05,0.9951778497665265,0.9951891000992836
TRAPPC3,1.8526821508726862e-09,4,47,21.463489464718226,485165195.4097903,-11794.803463192402,-9.334147046705565,1.8330744381861023e-07,SE,6877,2.0115038348890767e-05,4243210582886.027,0.00467681884765625,23624.950677542085,-11794.803499995967,3.680356530821882e-05,0.9951595878339793,0.9951891000992836
TRIB1,1.8526821508726862e-09,4,113,21.463489464718226,485165195.4097903,-12235.240955972382,-7.766519609381725,1.2856251624721655e-07,SE,6877,1.2204526544886793e-06,257451043821.81198,0.0043451786041259766,24505.825663102045,-12235.240994143462,3.817107972281519e-05,0.9950704812714356,0.9951891000992836
TUBA4A,1.8526821508726858e-09,4,162,21.463489464718226,485165195.4097903,-11823.647338519404,-5.128767565578753,5.797544229154384e-08,SE,6877,5.038083446494851e-07,106276948752.66653,0.004433155059814453,23682.63842819609,-11823.647377700145,3.918074071407318e-05,0.9950057124158929,0.9951891000992836
TUBB2B,1.8526821508726858e-09,4,215,21.463489464718226,485165195.4097903,-10746.54710263144,-2.303363527922651,1.3683055924455072e-08,SE,6877,1.5408729416268295e-06,325042799292.21387,0.003398895263671875,21528.437956420163,-10746.547140602901,3.7971460187691264e-05,0.9950833877133075,0.9951891000992836
TYROBP,0.0005791465548427826,4,10,57.839317093780465,949.2150627701577,-11987.923889194491,-9.574560444804831,0.026326400839888894,SE,6877,4.398565259921479e-06,9.518285308393272,0.007040977478027344,24011.191529546264,-11988.40288194416,0.47899274966766825,0.4888789141863359,0.9951891000992836
USP53,0.0008245133933457668,4,19,57.839317093780465,666.574579661572,-8695.877918046594,-2.0276312384151542,0.002305072724298423,SE,6877,1.3040745808669387e-06,1.3937211513987608,0.007796049118041992,17427.099587250468,-8697.103071981353,1.2251539347598737,0.2683515566304181,0.9951891000992836
VOPP1,0.0005699286869792817,4,30,57.839317093780465,964.5762992552519,-12134.296640511719,-4.1348256641664465,0.006580023497798832,SE,6877,1.8611632767313048e-06,4.1586405200698495,0.004939079284667969,24303.93703218072,-12134.885785334813,0.5891448230941023,0.442750000970618,0.9951891000992836
VWF,0.0008137586468894754,4,74,57.839317093780465,675.391390774476,-12293.017679674424,-9.199679406753424,0.027801041547428802,SE,6877,2.616072259766888e-06,2.8701720033827445,0.004739999771118164,24621.37911050613,-12293.729773788858,0.7120941144348762,0.3987494920296859,0.9951891000992836
WARS,0.0003297199400812453,4,88,57.839317093780465,1667.6935922620976,-11449.381607523825,-8.570801798265396,0.017000851296361016,SE,6877,5.147193822966779e-06,34.3283553478383,0.006343841552734375,22934.10696620493,-11449.585436259498,0.20382873567359638,0.6516479894148226,0.9951891000992836
ZEB1,0.0009344476778603613,4,107,57.839317093780465,588.0898544781802,-6358.400238001279,-2.250188140490299,0.002163418507812305,SE,6877,3.699566310935518e-06,3.079702277132648,0.0050067901611328125,12752.144227159837,-6359.537228592546,1.136990591267022,0.286289129956686,0.9951891000992836
ZEB2,0.0009041681046148928,4,116,57.839317093780465,607.8027431640536,-11118.948460565785,-7.672218668068725,0.020098163622495262,SE,6877,1.9202024568462086e-06,1.7071109238753512,0.004526853561401367,22273.24067228885,-11121.868106865277,2.9196462994914327,0.0875070433828059,0.9951891000992836
ZNF562,0.00012190989457103453,4,141,57.839317093780465,4511.4150892282005,-10416.715994322753,-8.068227030071727,0.008910907282798855,SE,6877,5.4133514159969385e-06,263.8667994266323,0.005198001861572266,20868.775739802786,-10416.768734217774,0.05273989502165932,0.8183624435924133,0.9951891000992836
