Unnamed: 0.1,Unnamed: 0,cell_label,centroid_x,centroid_y,area,perimeter,axis_ratio,tile_h,tile_w,slide_id,tissue_type,cluster_label,cell_type,necrosis_annotation,IFNG,Ki67,CD44,PD1,TIM3,necrosis_2clusters,necrosis_3clusters,peri_intra_tumoral,kmeans_tumor_cells_PD1,kmeans_tumor_cells_IFNG,kmeans_cytotoxic_t_cells_PD1,kmeans_cytotoxic_t_cells_IFNG,kmeans_cd4+_t_cells_PD1,kmeans_cd4+_t_cells_IFNG,kmeans_t_cells_(other)_PD1,kmeans_t_cells_(other)_IFNG,kmeans_macrophages_(cd163+)_PD1,kmeans_macrophages_(cd163+)_IFNG,kmeans_macrophages_(cd163-)_PD1,kmeans_macrophages_(cd163-)_IFNG,kmeans_endothelial_cells_PD1,kmeans_endothelial_cells_IFNG,Ki67_kmeans,TIM3_kmeans,CD44_kmeans
876849,3790987,1,39.84285714285714,2.2285714285714286,70.0,32.86396103067892,2.1113659217835803,37888,26880,20230812_4475_1Q_Scan1,ecad-_,4,Cytotoxic T cells,,N,N,N,N,N,0,0,peri,,,0.0,0.0,,,,,,,,,,,0.0,0.0,0.0
876850,3790988,2,81.0,1.5,28.0,18.0,1.7888543819998317,37888,26880,20230812_4475_1Q_Scan1,ecad-_,1,Stromal cells (undefined),,N,N,N,N,N,0,0,peri,,,,,,,,,,,,,,,,,
876851,3790989,3,94.69411764705882,3.0588235294117645,85.0,34.48528137423857,1.467059950279928,37888,26880,20230812_4475_1Q_Scan1,ecad-_,1,Stromal cells (undefined),,N,N,N,N,N,0,0,peri,,,,,,,,,,,,,,,,,
876852,3790990,4,220.4367816091954,2.7011494252873565,87.0,35.07106781186548,1.9546994287461577,37888,26880,20230812_4475_1Q_Scan1,ecad-_,4,Stromal cells (undefined),,N,N,N,N,N,0,0,peri,,,,,,,,,,,,,,,,,
876853,3790991,5,248.2876712328767,2.191780821917808,73.0,33.07106781186548,2.3241865690169927,37888,26880,20230812_4475_1Q_Scan1,ecad-_,1,Stromal cells (undefined),,N,N,N,N,N,0,0,peri,,,,,,,,,,,,,,,,,
876854,3790992,6,128.46540880503144,4.490566037735849,159.0,48.14213562373095,1.505727770739004,37888,26880,20230812_4475_1Q_Scan1,ecad-_,1,Stromal cells (undefined),,N,N,N,N,N,0,0,peri,,,,,,,,,,,,,,,,,
876855,3790993,7,67.63878326996198,5.661596958174905,263.0,72.97056274847714,1.81883872554009,37888,26880,20230812_4475_1Q_Scan1,ecad-_,14,Stromal cells (undefined),,N,N,N,N,N,0,0,peri,,,,,,,,,,,,,,,,,
876856,3790994,8,190.26315789473685,4.690789473684211,152.0,47.55634918610404,1.3510089206987328,37888,26880,20230812_4475_1Q_Scan1,ecad-_,1,Stromal cells (undefined),,N,N,N,N,N,0,0,peri,,,,,,,,,,,,,,,,,
876857,3790995,9,28.786127167630056,6.410404624277457,173.0,48.14213562373095,1.2084506873494014,37888,26880,20230812_4475_1Q_Scan1,ecad-_,22,T cells (other),,N,N,L,N,L,0,0,peri,,,,,,,0.0,0.0,,,,,,,0.0,0.0,1.0
876858,3790996,10,141.7479674796748,6.317073170731708,123.0,40.38477631085024,1.2134312010007573,37888,26880,20230812_4475_1Q_Scan1,ecad-_,1,Stromal cells (undefined),,N,N,N,N,N,0,0,peri,,,,,,,,,,,,,,,,,
876859,3790997,11,14.90625,5.729166666666667,192.0,52.935028842544405,1.4181029526210924,37888,26880,20230812_4475_1Q_Scan1,ecad-_,22,T cells (other),,N,N,L,L,L,0,0,peri,,,,,,,1.0,0.0,,,,,,,0.0,1.0,1.0
876860,3790998,12,106.46090534979425,7.683127572016461,243.0,57.45584412271571,1.4006063403540696,37888,26880,20230812_4475_1Q_Scan1,ecad-_,4,Stromal cells (undefined),,N,N,N,N,N,0,0,peri,,,,,,,,,,,,,,,,,
876861,3790999,13,151.63783783783785,11.448648648648648,185.0,49.79898987322333,1.1911573433732905,37888,26880,20230812_4475_1Q_Scan1,ecad-_,1,Stromal cells (undefined),,N,N,N,N,N,0,0,peri,,,,,,,,,,,,,,,,,
876862,3791000,14,174.61479591836735,10.107142857142858,392.0,78.28427124746189,1.653043871492529,37888,26880,20230812_4475_1Q_Scan1,ecad-_,4,Stromal cells (undefined),,N,N,N,N,N,0,0,peri,,,,,,,,,,,,,,,,,
876863,3791001,15,46.534188034188034,13.106837606837606,234.0,54.38477631085023,1.0763320054705534,37888,26880,20230812_4475_1Q_Scan1,ecad-_,21,Endothelial cells,,N,N,N,N,N,0,0,peri,,,,,,,,,,,,,0.0,0.0,0.0,0.0,0.0
876864,3791002,16,214.47272727272727,14.36969696969697,165.0,44.970562748477136,1.0804795044220186,37888,26880,20230812_4475_1Q_Scan1,ecad-_,1,Stromal cells (undefined),,N,N,N,N,N,0,0,peri,,,,,,,,,,,,,,,,,
876865,3791003,17,131.4,15.775757575757575,165.0,46.970562748477136,1.1555015088775655,37888,26880,20230812_4475_1Q_Scan1,ecad-_,4,Stromal cells (undefined),,N,N,N,N,N,0,0,peri,,,,,,,,,,,,,,,,,
876866,3791004,18,167.74380165289256,19.99173553719008,121.0,40.55634918610404,1.344876290241679,37888,26880,20230812_4475_1Q_Scan1,ecad-_,1,Stromal cells (undefined),,N,N,N,N,N,0,0,peri,,,,,,,,,,,,,,,,,
876867,3791005,19,115.86194029850746,17.432835820895523,268.0,61.698484809834994,1.406561304580814,37888,26880,20230812_4475_1Q_Scan1,ecad-_,4,Stromal cells (undefined),,N,N,N,N,N,0,0,peri,,,,,,,,,,,,,,,,,
876868,3791006,20,246.58947368421053,16.657894736842106,190.0,50.04163056034262,1.207185775573652,37888,26880,20230812_4475_1Q_Scan1,ecad-_,4,Stromal cells (undefined),,N,N,N,N,N,0,0,peri,,,,,,,,,,,,,,,,,
876869,3791007,21,11.21680216802168,15.986449864498644,369.0,83.94112549695429,1.873744057775474,37888,26880,20230812_4475_1Q_Scan1,ecad-_,22,T cells (other),,N,N,L,L,L,0,0,peri,,,,,,,1.0,0.0,,,,,,,0.0,1.0,1.0
876870,3791008,22,101.71153846153848,22.048076923076923,104.0,37.89949493661167,1.267771883751413,37888,26880,20230812_4475_1Q_Scan1,ecad-_,1,Stromal cells (undefined),,N,N,N,N,N,0,0,peri,,,,,,,,,,,,,,,,,
876871,3791009,23,225.6769230769231,22.01025641025641,195.0,51.79898987322333,1.245588820177332,37888,26880,20230812_4475_1Q_Scan1,ecad-_,4,Stromal cells (undefined),,N,N,N,N,N,0,0,peri,,,,,,,,,,,,,,,,,
876872,3791010,24,1.893617021276596,25.70212765957447,47.0,26.48528137423857,1.84791457263431,37888,26880,20230812_4475_1Q_Scan1,ecad-_,4,T cells (other),,N,N,N,N,N,0,0,peri,,,,,,,0.0,0.0,,,,,,,0.0,0.0,0.0
876873,3791011,25,148.68595041322314,23.8099173553719,121.0,41.10660171779821,1.095400157530556,37888,26880,20230812_4475_1Q_Scan1,ecad-_,4,Stromal cells (undefined),,N,N,N,N,N,0,0,peri,,,,,,,,,,,,,,,,,
876874,3791012,26,192.0196078431373,22.91176470588235,102.0,36.72792206135786,1.67326427596217,37888,26880,20230812_4475_1Q_Scan1,ecad-_,1,Stromal cells (undefined),,N,N,N,N,N,0,0,peri,,,,,,,,,,,,,,,,,
876875,3791013,27,236.45967741935485,25.120967741935484,124.0,40.970562748477136,1.2996483672478245,37888,26880,20230812_4475_1Q_Scan1,ecad-_,4,Stromal cells (undefined),,N,N,N,N,N,0,0,peri,,,,,,,,,,,,,,,,,
876876,3791014,28,87.3037037037037,25.71851851851852,135.0,41.31370849898475,1.036450065100846,37888,26880,20230812_4475_1Q_Scan1,ecad-_,1,Stromal cells (undefined),,N,N,N,N,N,0,0,peri,,,,,,,,,,,,,,,,,
876877,3791015,29,135.90526315789472,27.32631578947369,190.0,51.55634918610404,1.4182721835037138,37888,26880,20230812_4475_1Q_Scan1,ecad-_,1,Stromal cells (undefined),,N,N,N,N,N,0,0,peri,,,,,,,,,,,,,,,,,
876878,3791016,30,73.91441441441441,26.96846846846847,222.0,54.38477631085024,1.1279510067464045,37888,26880,20230812_4475_1Q_Scan1,ecad-_,22,T cells (other),,N,N,N,N,N,0,0,peri,,,,,,,0.0,0.0,,,,,,,0.0,0.0,0.0
876879,3791017,31,28.547738693467338,27.22110552763819,199.0,51.69848480983499,1.3321097900198977,37888,26880,20230812_4475_1Q_Scan1,ecad-_,7,Cytotoxic T cells,,N,N,L,L,L,0,0,peri,,,1.0,0.0,,,,,,,,,,,0.0,1.0,1.0
876880,3791018,32,13.14792899408284,29.68639053254438,169.0,48.38477631085024,1.4002441586180017,37888,26880,20230812_4475_1Q_Scan1,ecad-_,11,CD4+ T cells,,N,N,L,H,L,0,0,peri,,,,,1.0,0.0,,,,,,,,,0.0,1.0,0.0
876881,3791019,33,181.5735735735736,30.69369369369369,333.0,75.14823227814084,1.56869915020161,37888,26880,20230812_4475_1Q_Scan1,ecad-_,14,Stromal cells (undefined),,N,N,N,N,N,0,0,peri,,,,,,,,,,,,,,,,,
876882,3791020,34,104.4963503649635,34.54014598540146,137.0,42.14213562373095,1.1365203760679548,37888,26880,20230812_4475_1Q_Scan1,ecad-_,2,Stromal cells (undefined),,N,N,N,N,N,0,0,peri,,,,,,,,,,,,,,,,,
876883,3791021,35,149.64502164502164,38.142857142857146,231.0,59.79898987322333,1.467759948787516,37888,26880,20230812_4475_1Q_Scan1,ecad-_,18,Stromal cells (undefined),,N,N,N,N,N,0,0,peri,,,,,,,,,,,,,,,,,
876884,3791022,36,5.954081632653061,39.53061224489796,196.0,53.89949493661167,1.3418524010220123,37888,26880,20230812_4475_1Q_Scan1,ecad-_,17,Endothelial cells,,N,N,L,L,H,0,0,peri,,,,,,,,,,,,,2.0,0.0,0.0,2.0,1.0
876885,3791023,37,36.79228486646884,38.61721068249258,337.0,72.18376618407356,1.4881488076539235,37888,26880,20230812_4475_1Q_Scan1,ecad-_,7,Cytotoxic T cells,,N,H,L,H,L,0,0,peri,,,2.0,0.0,,,,,,,,,,,2.0,1.0,0.0
876886,3791024,38,91.6589861751152,40.096774193548384,217.0,62.00609665440987,1.3326888529754777,37888,26880,20230812_4475_1Q_Scan1,ecad-_,14,Stromal cells (undefined),,N,N,N,N,N,0,0,peri,,,,,,,,,,,,,,,,,
876887,3791025,39,20.68888888888889,41.75555555555555,180.0,49.31370849898475,1.0263479453198268,37888,26880,20230812_4475_1Q_Scan1,ecad-_,11,CD4+ T cells,,N,N,L,H,L,0,0,peri,,,,,1.0,0.0,,,,,,,,,0.0,1.0,1.0
876888,3791026,40,76.5421686746988,41.95582329317269,249.0,58.97056274847714,1.1680035041086516,37888,26880,20230812_4475_1Q_Scan1,ecad-_,16,Stromal cells (undefined),,N,N,N,N,N,0,0,peri,,,,,,,,,,,,,,,,,
876889,3791027,41,195.17307692307693,40.55288461538461,208.0,53.45584412271571,1.336065120255319,37888,26880,20230812_4475_1Q_Scan1,ecad-_,2,Stromal cells (undefined),,N,N,N,L,N,0,0,peri,,,,,,,,,,,,,,,,,
876890,3791028,42,164.14102564102564,43.1025641025641,234.0,56.284271247461895,1.06262083658034,37888,26880,20230812_4475_1Q_Scan1,ecad-_,14,Stromal cells (undefined),,N,N,N,N,N,0,0,peri,,,,,,,,,,,,,,,,,
876891,3791029,43,245.2699115044248,43.45132743362832,226.0,52.97056274847714,1.0703257778168385,37888,26880,20230812_4475_1Q_Scan1,ecad-_,5,Endothelial cells,,N,N,N,N,N,0,0,intra,,,,,,,,,,,,,1.0,0.0,0.0,0.0,0.0
876892,3791030,44,108.38888888888889,44.59027777777778,144.0,44.55634918610404,1.1960718713706322,37888,26880,20230812_4475_1Q_Scan1,ecad-_,1,Stromal cells (undefined),,N,N,N,N,N,0,0,peri,,,,,,,,,,,,,,,,,
876893,3791031,45,230.34756097560967,44.65853658536585,164.0,45.89949493661166,1.27592637116642,37888,26880,20230812_4475_1Q_Scan1,ecad-_,1,Stromal cells (undefined),,N,N,N,N,N,0,0,peri,,,,,,,,,,,,,,,,,
876894,3791032,46,138.88105726872246,44.118942731277535,227.0,74.87005768508881,2.4312107419260744,37888,26880,20230812_4475_1Q_Scan1,ecad-_,21,Endothelial cells,,N,N,N,N,N,0,0,peri,,,,,,,,,,,,,0.0,0.0,0.0,0.0,0.0
876895,3791033,47,122.93532338308458,46.42786069651741,201.0,52.62741699796952,1.2682802657071233,37888,26880,20230812_4475_1Q_Scan1,ecad-_,7,Cytotoxic T cells,,N,L,N,L,N,0,0,peri,,,1.0,0.0,,,,,,,,,,,1.0,0.0,0.0
876896,3791034,48,96.91891891891892,49.45945945945946,37.0,20.242640687119284,1.3744566182483788,37888,26880,20230812_4475_1Q_Scan1,ecad-_,1,Stromal cells (undefined),,N,N,N,N,N,0,0,peri,,,,,,,,,,,,,,,,,
876897,3791035,49,45.73295454545455,49.85227272727273,176.0,48.04163056034261,1.1923595122993629,37888,26880,20230812_4475_1Q_Scan1,ecad-_,14,Stromal cells (undefined),,N,N,N,N,N,0,0,peri,,,,,,,,,,,,,,,,,
876898,3791036,50,188.78488372093025,50.02906976744186,172.0,51.00609665440989,1.6301839011453665,37888,26880,20230812_4475_1Q_Scan1,ecad-_,14,Stromal cells (undefined),,N,N,N,N,N,0,0,peri,,,,,,,,,,,,,,,,,
876899,3791037,51,6.077348066298343,53.28729281767956,181.0,49.07106781186548,1.0682689547375432,37888,26880,20230812_4475_1Q_Scan1,ecad-_,11,CD4+ T cells,,N,N,L,N,L,0,0,peri,,,,,0.0,0.0,,,,,,,,,0.0,1.0,1.0
876900,3791038,52,84.68235294117648,52.61176470588235,85.0,31.899494936611664,1.213997166701586,37888,26880,20230812_4475_1Q_Scan1,ecad-_,1,Stromal cells (undefined),,N,N,N,N,N,0,0,peri,,,,,,,,,,,,,,,,,
876901,3791039,53,207.0625,56.9375,48.0,23.414213562373096,1.0504514628777806,37888,26880,20230812_4475_1Q_Scan1,ecad-_,1,Stromal cells (undefined),,N,N,N,N,N,0,0,peri,,,,,,,,,,,,,,,,,
876902,3791040,54,115.52995391705068,57.54377880184332,217.0,54.04163056034262,1.3516612923104123,37888,26880,20230812_4475_1Q_Scan1,ecad-_,14,Stromal cells (undefined),,N,N,N,N,N,0,0,peri,,,,,,,,,,,,,,,,,
876903,3791041,55,99.04950495049503,58.37623762376238,101.0,34.48528137423857,1.0953068936867998,37888,26880,20230812_4475_1Q_Scan1,ecad-_,21,Endothelial cells,,N,N,N,N,N,0,0,peri,,,,,,,,,,,,,1.0,0.0,0.0,0.0,0.0
876904,3791042,56,159.28571428571428,58.125541125541126,231.0,56.970562748477136,1.6315845016708093,37888,26880,20230812_4475_1Q_Scan1,ecad-_,1,Stromal cells (undefined),,N,N,N,N,N,0,0,peri,,,,,,,,,,,,,,,,,
876905,3791043,57,239.19741100323623,58.89320388349515,309.0,68.62741699796952,1.768375062297073,37888,26880,20230812_4475_1Q_Scan1,ecad-_,14,Stromal cells (undefined),,N,N,N,N,N,0,0,peri,,,,,,,,,,,,,,,,,
876906,3791044,58,252.859375,61.53125,64.0,31.31370849898476,2.195306089073284,37888,26880,20230812_4475_1Q_Scan1,ecad-_,1,Stromal cells (undefined),,N,N,N,N,N,0,0,peri,,,,,,,,,,,,,,,,,
876907,3791045,59,130.13953488372093,65.30232558139535,215.0,52.38477631085024,1.4608705396674149,37888,26880,20230812_4475_1Q_Scan1,ecad-_,14,Stromal cells (undefined),,N,N,N,N,N,0,0,peri,,,,,,,,,,,,,,,,,
876908,3791046,60,82.51960784313725,65.80392156862744,204.0,52.72792206135785,1.4824704227656378,37888,26880,20230812_4475_1Q_Scan1,ecad-_,21,Endothelial cells,,N,N,N,N,N,0,0,peri,,,,,,,,,,,,,0.0,0.0,0.0,0.0,0.0
876909,3791047,61,8.386440677966101,68.09491525423729,295.0,64.97056274847714,1.122043340507345,37888,26880,20230812_4475_1Q_Scan1,ecad-_,11,CD4+ T cells,,N,H,L,L,L,0,0,peri,,,,,1.0,0.0,,,,,,,,,1.0,1.0,0.0
876910,3791048,62,221.06914893617025,68.13829787234043,188.0,50.698484809834994,1.1780313804535023,37888,26880,20230812_4475_1Q_Scan1,ecad-_,2,Stromal cells (undefined),,N,N,N,N,N,0,0,peri,,,,,,,,,,,,,,,,,
876911,3791049,63,36.26754385964912,69.49561403508773,228.0,54.72792206135786,1.0909302056707602,37888,26880,20230812_4475_1Q_Scan1,ecad-_,22,Cytotoxic T cells,,N,N,L,N,L,0,0,peri,,,0.0,0.0,,,,,,,,,,,0.0,1.0,0.0
876912,3791050,64,22.78969957081545,71.5922746781116,233.0,58.38477631085024,1.420374430236722,37888,26880,20230812_4475_1Q_Scan1,ecad-_,2,Stromal cells (undefined),,N,N,H,L,H,0,0,peri,,,,,,,,,,,,,,,,,
876913,3791051,65,180.1406844106464,72.04562737642586,263.0,57.21320343559643,1.079728439653426,37888,26880,20230812_4475_1Q_Scan1,ecad-_,4,Stromal cells (undefined),,N,N,N,N,N,0,0,peri,,,,,,,,,,,,,,,,,
876914,3791052,66,243.81621621621625,72.44324324324324,185.0,50.38477631085024,1.4119859864524824,37888,26880,20230812_4475_1Q_Scan1,ecad-_,14,Stromal cells (undefined),,N,N,N,N,N,0,0,peri,,,,,,,,,,,,,,,,,
876915,3791053,67,107.37057220708446,76.2316076294278,367.0,78.2842712474619,1.1189191960148428,37888,26880,20230812_4475_1Q_Scan1,ecad-_,2,Stromal cells (undefined),,N,L,N,N,N,0,0,peri,,,,,,,,,,,,,,,,,
876916,3791054,68,145.21912350597609,75.98804780876495,251.0,58.14213562373095,1.6009753956236688,37888,26880,20230812_4475_1Q_Scan1,ecad-_,16,Stromal cells (undefined),,N,N,N,N,N,0,0,peri,,,,,,,,,,,,,,,,,
876917,3791055,69,80.86607142857143,77.96875,224.0,57.21320343559642,1.3882719576836782,37888,26880,20230812_4475_1Q_Scan1,ecad-_,9,Stromal cells (undefined),,N,N,N,N,N,0,0,peri,,,,,,,,,,,,,,,,,
876918,3791056,70,208.95666666666668,77.06666666666666,300.0,62.2842712474619,1.3333934227989184,37888,26880,20230812_4475_1Q_Scan1,ecad-_,1,Stromal cells (undefined),,N,N,N,N,N,0,0,peri,,,,,,,,,,,,,,,,,
876919,3791057,71,228.9020618556701,78.54123711340206,194.0,52.62741699796952,1.4498975785883588,37888,26880,20230812_4475_1Q_Scan1,ecad-_,2,Stromal cells (undefined),,N,N,N,N,N,0,0,peri,,,,,,,,,,,,,,,,,
876920,3791058,72,41.85889570552147,84.34355828220859,326.0,77.11269837220809,1.797243899912925,37888,26880,20230812_4475_1Q_Scan1,ecad-_,15,Stromal cells (undefined),,N,N,N,N,L,0,0,peri,,,,,,,,,,,,,,,,,
876921,3791059,73,110.54347826086956,88.15217391304348,46.0,24.242640687119287,1.6687295847054946,37888,26880,20230812_4475_1Q_Scan1,ecad-_,1,Stromal cells (undefined),,N,N,N,N,N,0,0,peri,,,,,,,,,,,,,,,,,
876922,3791060,74,17.84313725490196,86.56372549019608,204.0,53.55634918610404,1.337562432661035,37888,26880,20230812_4475_1Q_Scan1,ecad-_,11,CD4+ T cells,,N,N,L,L,L,0,0,peri,,,,,0.0,0.0,,,,,,,,,0.0,1.0,1.0
876923,3791061,75,70.11842105263158,87.92434210526316,304.0,67.59797974644665,1.6509375451346562,37888,26880,20230812_4475_1Q_Scan1,ecad-_,4,Stromal cells (undefined),,N,N,N,N,N,0,0,peri,,,,,,,,,,,,,,,,,
876924,3791062,76,124.2157894736842,87.60526315789474,190.0,51.55634918610404,1.5986443579077143,37888,26880,20230812_4475_1Q_Scan1,ecad-_,4,Stromal cells (undefined),,N,N,N,N,N,0,0,peri,,,,,,,,,,,,,,,,,
876925,3791063,77,183.3248730964467,89.2741116751269,394.0,73.21320343559643,1.2892251446587577,37888,26880,20230812_4475_1Q_Scan1,ecad-_,1,Stromal cells (undefined),,N,N,N,N,N,0,0,peri,,,,,,,,,,,,,,,,,
876926,3791064,78,244.7823129251701,89.10884353741497,294.0,64.14213562373095,1.5465296418388397,37888,26880,20230812_4475_1Q_Scan1,ecad-_,14,Stromal cells (undefined),,N,N,N,N,N,0,0,peri,,,,,,,,,,,,,,,,,
876927,3791065,79,95.78297872340426,91.87234042553192,235.0,55.4558441227157,1.191463086332557,37888,26880,20230812_4475_1Q_Scan1,ecad-_,21,Endothelial cells,,N,N,N,N,N,0,0,peri,,,,,,,,,,,,,0.0,0.0,0.0,0.0,0.0
876928,3791066,80,4.892215568862276,92.76047904191616,167.0,47.31370849898476,1.4005574795493687,37888,26880,20230812_4475_1Q_Scan1,ecad-_,24,CD4+ T cells,,N,N,L,N,L,0,0,peri,,,,,0.0,0.0,,,,,,,,,0.0,1.0,1.0
876929,3791067,81,158.72305140961856,91.6832504145937,603.0,92.52691193458118,1.2588230853936078,37888,26880,20230812_4475_1Q_Scan1,ecad-_,4,Stromal cells (undefined),,N,N,N,N,N,0,0,peri,,,,,,,,,,,,,,,,,
876930,3791068,82,60.56521739130435,95.14285714285714,161.0,52.76955262170047,2.095461438316945,37888,26880,20230812_4475_1Q_Scan1,ecad-_,4,Stromal cells (undefined),,N,N,N,N,N,0,0,peri,,,,,,,,,,,,,,,,,
876931,3791069,83,19.7125,99.71666666666668,240.0,59.89949493661167,1.3268999318566532,37888,26880,20230812_4475_1Q_Scan1,ecad-_,11,CD4+ T cells,,N,N,L,N,L,0,0,peri,,,,,0.0,0.0,,,,,,,,,0.0,1.0,1.0
876932,3791070,84,36.68852459016394,98.27868852459017,305.0,65.79898987322333,1.1715684416683063,37888,26880,20230812_4475_1Q_Scan1,ecad-_,18,Stromal cells (undefined),,N,N,L,N,H,0,0,peri,,,,,,,,,,,,,,,,,
876933,3791071,85,84.06134969325153,99.88957055214723,163.0,50.38477631085024,1.6589850138314846,37888,26880,20230812_4475_1Q_Scan1,ecad-_,21,Endothelial cells,,N,N,L,N,N,0,0,peri,,,,,,,,,,,,,0.0,0.0,0.0,0.0,1.0
876934,3791072,86,117.06666666666666,101.35714285714286,210.0,53.79898987322333,1.259494517096283,37888,26880,20230812_4475_1Q_Scan1,ecad-_,4,Stromal cells (undefined),,N,N,N,N,N,0,0,peri,,,,,,,,,,,,,,,,,
876935,3791073,87,52.51980198019802,102.7871287128713,202.0,54.8700576850888,1.5171813540423174,37888,26880,20230812_4475_1Q_Scan1,ecad-_,14,Stromal cells (undefined),,N,N,L,N,N,0,0,peri,,,,,,,,,,,,,,,,,
876936,3791074,88,185.8636363636364,103.79545454545456,44.0,23.65685424949238,1.3278615862229517,37888,26880,20230812_4475_1Q_Scan1,ecad-_,1,Stromal cells (undefined),,N,N,N,N,N,0,0,peri,,,,,,,,,,,,,,,,,
876937,3791075,89,248.01809954751133,107.77828054298642,221.0,54.48528137423857,1.1080692618211383,37888,26880,20230812_4475_1Q_Scan1,ecad-_,14,Stromal cells (undefined),,N,N,N,N,N,0,0,peri,,,,,,,,,,,,,,,,,
876938,3791076,90,122.22093023255816,110.9186046511628,86.0,34.970562748477136,1.353306636075641,37888,26880,20230812_4475_1Q_Scan1,ecad-_,4,Stromal cells (undefined),,N,N,N,N,N,0,0,peri,,,,,,,,,,,,,,,,,
876939,3791077,91,219.03018867924527,110.39622641509432,265.0,59.55634918610404,1.4976921332113045,37888,26880,20230812_4475_1Q_Scan1,ecad-_,2,Stromal cells (undefined),,N,N,N,N,N,0,0,peri,,,,,,,,,,,,,,,,,
876940,3791078,92,5.236363636363636,110.86363636363636,110.0,38.48528137423857,1.2384502856598334,37888,26880,20230812_4475_1Q_Scan1,ecad-_,12,Macrophages (CD163-),,N,N,H,N,L,0,0,peri,,,,,,,,,,,0.0,0.0,,,0.0,0.0,1.0
876941,3791079,93,18.31313131313131,112.15656565656566,198.0,55.21320343559643,1.2188223820734416,37888,26880,20230812_4475_1Q_Scan1,ecad-_,11,CD4+ T cells,,N,N,L,H,L,0,0,peri,,,,,1.0,0.0,,,,,,,,,0.0,1.0,1.0
876942,3791080,94,48.50185873605948,115.13011152416357,269.0,61.21320343559642,1.2473442587066883,37888,26880,20230812_4475_1Q_Scan1,ecad-_,16,Stromal cells (undefined),,L,N,L,N,H,0,0,peri,,,,,,,,,,,,,,,,,
876943,3791081,95,167.54857142857142,112.21714285714286,350.0,71.94112549695429,1.6104993489623065,37888,26880,20230812_4475_1Q_Scan1,ecad-_,21,Endothelial cells,,N,N,N,N,N,0,0,peri,,,,,,,,,,,,,0.0,0.0,0.0,0.0,0.0
876944,3791082,96,187.26865671641792,112.41293532338308,201.0,58.970562748477136,1.3750870838510585,37888,26880,20230812_4475_1Q_Scan1,ecad-_,14,Stromal cells (undefined),,N,N,N,N,N,0,0,peri,,,,,,,,,,,,,,,,,
876945,3791083,97,83.53185595567867,116.38504155124652,361.0,69.4558441227157,1.3626941274063364,37888,26880,20230812_4475_1Q_Scan1,ecad-_,4,T cells (other),,N,N,L,N,L,0,0,peri,,,,,,,0.0,0.0,,,,,,,0.0,1.0,1.0
876946,3791084,98,32.0377358490566,118.5056603773585,265.0,70.04163056034263,1.1341738090462483,37888,26880,20230812_4475_1Q_Scan1,ecad-_,11,CD4+ T cells,,N,N,L,L,L,0,0,peri,,,,,0.0,0.0,,,,,,,,,0.0,1.0,0.0
876947,3791085,99,107.76751592356688,120.28980891719743,314.0,70.52691193458118,1.749082653993676,37888,26880,20230812_4475_1Q_Scan1,ecad-_,4,Stromal cells (undefined),,L,N,L,N,H,0,0,peri,,,,,,,,,,,,,,,,,
876948,3791086,100,247.9304347826087,122.75652173913043,230.0,58.72792206135785,1.2557587855167398,37888,26880,20230812_4475_1Q_Scan1,ecad-_,4,Stromal cells (undefined),,N,N,N,N,N,0,0,peri,,,,,,,,,,,,,,,,,
876949,3791087,101,8.461059190031152,125.66978193146416,321.0,70.21320343559643,1.3392209953450394,37888,26880,20230812_4475_1Q_Scan1,ecad-_,12,Macrophages (CD163+),,N,N,L,N,H,0,0,peri,,,,,,,,,1.0,0.0,,,,,0.0,1.0,1.0
876950,3791088,102,22.528735632183903,126.0919540229885,87.0,35.31370849898476,1.4439412503745266,37888,26880,20230812_4475_1Q_Scan1,ecad-_,24,Macrophages (CD163-),,N,N,H,N,L,0,0,peri,,,,,,,,,,,1.0,1.0,,,0.0,0.0,1.0
876951,3791089,103,122.23875432525952,126.80622837370242,289.0,69.52691193458118,1.359891198455074,37888,26880,20230812_4475_1Q_Scan1,ecad-_,24,CD4+ T cells,,N,N,L,L,L,0,0,peri,,,,,0.0,0.0,,,,,,,,,0.0,1.0,1.0
876952,3791090,104,165.0952380952381,125.42857142857144,210.0,54.38477631085024,1.596255480978878,37888,26880,20230812_4475_1Q_Scan1,ecad-_,24,CD4+ T cells,,N,N,L,N,N,0,0,peri,,,,,0.0,0.0,,,,,,,,,0.0,0.0,0.0
876953,3791091,105,142.87234042553192,126.69300911854104,329.0,66.38477631085024,1.4707055824613413,37888,26880,20230812_4475_1Q_Scan1,ecad-_,5,Endothelial cells,,N,N,L,N,N,0,0,intra,,,,,,,,,,,,,0.0,0.0,0.0,0.0,1.0
876954,3791092,106,75.52348993288591,128.7986577181208,149.0,47.21320343559643,1.834896375663694,37888,26880,20230812_4475_1Q_Scan1,ecad-_,4,T cells (other),,N,N,L,N,N,0,0,peri,,,,,,,0.0,0.0,,,,,,,0.0,0.0,1.0
876955,3791093,107,49.28191489361702,131.5212765957447,188.0,51.45584412271571,1.4189654240313625,37888,26880,20230812_4475_1Q_Scan1,ecad-_,1,Stromal cells (undefined),,N,N,N,L,N,0,0,peri,,,,,,,,,,,,,,,,,
876956,3791094,108,219.99411764705883,132.1705882352941,170.0,46.14213562373095,1.2253187953456408,37888,26880,20230812_4475_1Q_Scan1,ecad-_,1,Stromal cells (undefined),,N,N,N,N,N,0,0,peri,,,,,,,,,,,,,,,,,
876957,3791095,109,113.5,135.5,34.0,18.82842712474619,1.14564392373896,37888,26880,20230812_4475_1Q_Scan1,ecad-_,24,CD4+ T cells,,N,N,L,H,N,0,0,peri,,,,,1.0,0.0,,,,,,,,,0.0,0.0,1.0
876958,3791096,110,87.21951219512195,136.78048780487805,164.0,46.04163056034262,1.1350812263880818,37888,26880,20230812_4475_1Q_Scan1,ecad-_,14,Stromal cells (undefined),,N,N,L,N,N,0,0,peri,,,,,,,,,,,,,,,,,
876959,3791097,111,238.8941798941799,138.05291005291005,189.0,49.55634918610404,1.329013791329303,37888,26880,20230812_4475_1Q_Scan1,ecad-_,4,Stromal cells (undefined),,N,N,N,N,N,0,0,peri,,,,,,,,,,,,,,,,,
876960,3791098,112,70.94972067039106,138.64804469273744,179.0,51.21320343559643,1.1468284421289952,37888,26880,20230812_4475_1Q_Scan1,ecad-_,7,Cytotoxic T cells,,N,N,L,N,N,0,0,peri,,,0.0,0.0,,,,,,,,,,,0.0,0.0,1.0
876961,3791099,113,44.03409090909091,141.22727272727272,176.0,51.21320343559643,1.3493765716949868,37888,26880,20230812_4475_1Q_Scan1,ecad-_,7,Cytotoxic T cells,,N,L,L,L,L,0,0,peri,,,1.0,0.0,,,,,,,,,,,1.0,1.0,1.0
876962,3791100,114,253.1818181818182,138.56363636363636,55.0,28.82842712474619,2.4769101743951154,37888,26880,20230812_4475_1Q_Scan1,ecad-_,4,Stromal cells (undefined),,N,N,N,N,N,0,0,peri,,,,,,,,,,,,,,,,,
876963,3791101,115,30.731517509727627,141.33073929961088,257.0,58.142135623730944,1.162545841501536,37888,26880,20230812_4475_1Q_Scan1,ecad-_,16,T cells (other),,N,N,L,N,H,0,0,peri,,,,,,,0.0,0.0,,,,,,,0.0,2.0,1.0
876964,3791102,116,183.4113475177305,141.45744680851064,282.0,64.4558441227157,1.36390151518673,37888,26880,20230812_4475_1Q_Scan1,ecad-_,14,Stromal cells (undefined),,N,N,N,N,L,0,0,peri,,,,,,,,,,,,,,,,,
876965,3791103,117,138.3181818181818,139.76136363636363,88.0,38.48528137423857,2.606746556259054,37888,26880,20230812_4475_1Q_Scan1,ecad-_,1,Stromal cells (undefined),,N,N,N,N,N,0,0,peri,,,,,,,,,,,,,,,,,
876966,3791104,118,164.00436681222706,143.68995633187774,229.0,54.38477631085024,1.2349622707301668,37888,26880,20230812_4475_1Q_Scan1,ecad-_,21,Endothelial cells,,N,N,L,N,L,0,0,peri,,,,,,,,,,,,,1.0,0.0,0.0,1.0,1.0
876967,3791105,119,79.4375,149.16517857142858,224.0,56.04163056034261,1.2133219716060102,37888,26880,20230812_4475_1Q_Scan1,ecad-_,7,Cytotoxic T cells,,N,N,L,N,L,0,0,peri,,,0.0,0.0,,,,,,,,,,,0.0,1.0,0.0
876968,3791106,120,218.1036269430052,147.2020725388601,193.0,50.970562748477136,1.1612332577896438,37888,26880,20230812_4475_1Q_Scan1,ecad-_,1,Stromal cells (undefined),,N,N,N,N,N,0,0,peri,,,,,,,,,,,,,,,,,
876969,3791107,121,97.14012738853503,149.45859872611464,314.0,65.4558441227157,1.3261703177817097,37888,26880,20230812_4475_1Q_Scan1,ecad-_,14,Stromal cells (undefined),,N,N,L,N,N,0,0,peri,,,,,,,,,,,,,,,,,
876970,3791108,122,200.931330472103,149.61802575107296,233.0,56.04163056034262,1.2470642199878723,37888,26880,20230812_4475_1Q_Scan1,ecad-_,21,Endothelial cells,,N,H,N,N,L,0,0,peri,,,,,,,,,,,,,1.0,0.0,2.0,1.0,0.0
876971,3791109,123,232.21556886227543,149.92215568862275,167.0,46.970562748477136,1.0897633441934456,37888,26880,20230812_4475_1Q_Scan1,ecad-_,21,Endothelial cells,,N,N,N,N,N,0,0,peri,,,,,,,,,,,,,0.0,0.0,0.0,0.0,0.0
876972,3791110,124,137.57575757575756,150.17316017316017,231.0,58.970562748477136,1.1246744187940991,37888,26880,20230812_4475_1Q_Scan1,ecad-_,14,Stromal cells (undefined),,N,L,L,N,L,0,0,peri,,,,,,,,,,,,,,,,,
876973,3791111,125,4.677966101694915,151.33050847457628,118.0,40.27817459305202,1.0799275987780153,37888,26880,20230812_4475_1Q_Scan1,ecad-_,19,Cytotoxic T cells,,N,N,L,N,N,0,0,peri,,,0.0,0.0,,,,,,,,,,,0.0,0.0,0.0
876974,3791112,126,115.3225806451613,152.68709677419355,310.0,64.04163056034261,1.221987588554227,37888,26880,20230812_4475_1Q_Scan1,ecad-_,4,T cells (other),,N,N,L,N,N,0,0,peri,,,,,,,0.0,0.0,,,,,,,0.0,0.0,0.0
876975,3791113,127,150.3684210526316,154.7017543859649,228.0,57.21320343559642,1.2966126111310017,37888,26880,20230812_4475_1Q_Scan1,ecad-_,2,Stromal cells (undefined),,N,N,N,N,N,0,0,peri,,,,,,,,,,,,,,,,,
876976,3791114,128,182.1358024691358,155.24279835390948,243.0,58.04163056034262,1.507748135103679,37888,26880,20230812_4475_1Q_Scan1,ecad-_,22,T cells (other),,N,N,L,N,N,0,0,peri,,,,,,,1.0,0.0,,,,,,,0.0,0.0,0.0
876977,3791115,129,162.82467532467533,157.24025974025977,154.0,44.72792206135786,1.2376746284711742,37888,26880,20230812_4475_1Q_Scan1,ecad-_,7,Cytotoxic T cells,,N,N,L,N,N,0,0,peri,,,0.0,0.0,,,,,,,,,,,0.0,0.0,1.0
876978,3791116,130,245.9560975609756,157.0,205.0,53.21320343559643,1.4615113105244484,37888,26880,20230812_4475_1Q_Scan1,ecad-_,16,Stromal cells (undefined),,L,N,N,N,N,0,0,peri,,,,,,,,,,,,,,,,,
876979,3791117,131,210.27513227513228,160.23280423280423,189.0,52.627416997969526,1.1615923992076314,37888,26880,20230812_4475_1Q_Scan1,ecad-_,14,Stromal cells (undefined),,N,N,N,N,N,0,0,peri,,,,,,,,,,,,,,,,,
876980,3791118,132,223.45569620253164,160.91772151898735,158.0,46.142135623730944,1.0435735935190669,37888,26880,20230812_4475_1Q_Scan1,ecad-_,1,Stromal cells (undefined),,N,N,N,N,N,0,0,peri,,,,,,,,,,,,,,,,,
876981,3791119,133,7.214953271028038,163.6448598130841,214.0,52.72792206135785,1.0664615520464522,37888,26880,20230812_4475_1Q_Scan1,ecad-_,19,Cytotoxic T cells,,N,N,H,N,N,0,0,peri,,,0.0,0.0,,,,,,,,,,,0.0,0.0,1.0
876982,3791120,134,19.950704225352112,163.57042253521126,142.0,42.72792206135786,1.2138899688165363,37888,26880,20230812_4475_1Q_Scan1,ecad-_,19,Cytotoxic T cells,,N,N,H,N,N,0,0,peri,,,0.0,0.0,,,,,,,,,,,0.0,0.0,2.0
876983,3791121,135,174.23722627737226,167.492700729927,274.0,64.2842712474619,1.2564741400540662,37888,26880,20230812_4475_1Q_Scan1,ecad-_,19,Cytotoxic T cells,,N,H,L,L,L,0,0,peri,,,1.0,0.0,,,,,,,,,,,2.0,1.0,0.0
876984,3791122,136,252.07070707070707,167.35353535353536,99.0,38.520815280171306,1.861632777043408,37888,26880,20230812_4475_1Q_Scan1,ecad-_,14,Stromal cells (undefined),,N,N,N,N,N,0,0,peri,,,,,,,,,,,,,,,,,
876985,3791123,137,192.6206896551724,169.30689655172415,290.0,62.284271247461895,1.160884977110051,37888,26880,20230812_4475_1Q_Scan1,ecad-_,16,T cells (other),,N,N,L,N,L,0,0,peri,,,,,,,0.0,0.0,,,,,,,0.0,0.0,1.0
876986,3791124,138,239.41884816753927,168.4764397905759,191.0,54.04163056034262,1.5086882795406775,37888,26880,20230812_4475_1Q_Scan1,ecad-_,4,Stromal cells (undefined),,N,N,N,N,N,0,0,peri,,,,,,,,,,,,,,,,,
876987,3791125,139,78.28195488721805,170.14285714285714,266.0,58.87005768508881,1.092539866305147,37888,26880,20230812_4475_1Q_Scan1,ecad-_,7,Cytotoxic T cells,,N,N,L,N,N,0,0,peri,,,0.0,0.0,,,,,,,,,,,0.0,0.0,1.0
876988,3791126,140,121.8565573770492,169.29098360655738,244.0,58.04163056034262,1.2311106955973965,37888,26880,20230812_4475_1Q_Scan1,ecad-_,7,Cytotoxic T cells,,N,N,N,N,N,0,0,peri,,,0.0,0.0,,,,,,,,,,,0.0,0.0,0.0
876989,3791127,141,136.95220588235293,171.46691176470588,272.0,60.38477631085024,1.0821310031192817,37888,26880,20230812_4475_1Q_Scan1,ecad-_,19,Cytotoxic T cells,,N,N,N,N,N,0,0,peri,,,0.0,0.0,,,,,,,,,,,0.0,0.0,0.0
876990,3791128,142,211.5042735042735,171.36752136752136,117.0,39.89949493661166,1.3221059354818707,37888,26880,20230812_4475_1Q_Scan1,ecad-_,4,Stromal cells (undefined),,N,N,N,N,N,0,0,peri,,,,,,,,,,,,,,,,,
876991,3791129,143,28.416666666666668,173.3125,96.0,35.48528137423857,1.0438655932413443,37888,26880,20230812_4475_1Q_Scan1,ecad-_,1,Cytotoxic T cells,,N,N,N,N,N,0,0,peri,,,0.0,0.0,,,,,,,,,,,0.0,0.0,0.0
876992,3791130,144,111.11309523809524,176.61309523809524,168.0,50.284271247461895,1.2201213340953334,37888,26880,20230812_4475_1Q_Scan1,ecad-_,7,Cytotoxic T cells,,N,N,L,N,L,0,0,peri,,,0.0,0.0,,,,,,,,,,,0.0,1.0,1.0
876993,3791131,145,171.69683257918552,181.2579185520362,221.0,54.142135623730944,1.2159555603439025,37888,26880,20230812_4475_1Q_Scan1,ecad-_,19,Cytotoxic T cells,,N,N,L,N,N,0,0,peri,,,0.0,0.0,,,,,,,,,,,0.0,0.0,1.0
876994,3791132,146,229.9520383693045,180.1750599520384,417.0,79.1126983722081,1.3841370927970482,37888,26880,20230812_4475_1Q_Scan1,ecad-_,21,Endothelial cells,,N,N,N,N,N,0,0,peri,,,,,,,,,,,,,1.0,0.0,0.0,0.0,1.0
876995,3791133,147,98.91555555555556,180.16,225.0,55.79898987322333,1.3443689540152564,37888,26880,20230812_4475_1Q_Scan1,ecad-_,17,Endothelial cells,,N,N,L,N,N,0,0,peri,,,,,,,,,,,,,1.0,0.0,0.0,0.0,1.0
876996,3791134,148,203.34193548387097,182.64193548387087,310.0,64.04163056034261,1.331871700056729,37888,26880,20230812_4475_1Q_Scan1,ecad-_,21,Endothelial cells,,N,N,L,N,N,0,0,peri,,,,,,,,,,,,,1.0,0.0,0.0,0.0,1.0
876997,3791135,149,248.84166666666667,180.45,120.0,38.97056274847714,1.1722495272944298,37888,26880,20230812_4475_1Q_Scan1,ecad-_,16,Stromal cells (undefined),,N,N,N,N,N,0,0,peri,,,,,,,,,,,,,,,,,
876998,3791136,150,130.82051282051282,183.948717948718,117.0,39.55634918610404,1.1810490899470745,37888,26880,20230812_4475_1Q_Scan1,ecad-_,19,Cytotoxic T cells,,N,N,L,N,N,0,0,peri,,,0.0,0.0,,,,,,,,,,,0.0,0.0,0.0
876999,3791137,151,85.48760330578513,184.53305785123968,242.0,59.698484809834994,1.1835132186481914,37888,26880,20230812_4475_1Q_Scan1,ecad-_,5,Endothelial cells,,N,N,N,N,N,0,0,intra,,,,,,,,,,,,,0.0,0.0,0.0,0.0,1.0
877000,3791138,152,4.517241379310345,185.20114942528733,174.0,49.31370849898477,1.5804585716096082,37888,26880,20230812_4475_1Q_Scan1,ecad-_,24,CD4+ T cells,,N,N,H,N,N,0,0,intra,,,,,0.0,0.0,,,,,,,,,0.0,0.0,1.0
877001,3791139,153,253.48888888888888,188.0222222222222,45.0,27.935028842544405,2.2372994811838205,37888,26880,20230812_4475_1Q_Scan1,ecad-_,15,Stromal cells (undefined),,N,N,L,N,L,0,0,peri,,,,,,,,,,,,,,,,,
877002,3791140,154,116.80876494023904,188.70517928286853,251.0,61.35533905932738,1.259171365087583,37888,26880,20230812_4475_1Q_Scan1,ecad-_,15,T cells (other),,N,N,L,N,L,0,0,peri,,,,,,,0.0,0.0,,,,,,,0.0,1.0,1.0
877003,3791141,155,143.9132075471698,192.045283018868,265.0,59.45584412271571,1.05231424829333,37888,26880,20230812_4475_1Q_Scan1,ecad-_,19,Cytotoxic T cells,,N,N,H,N,L,0,0,peri,,,0.0,0.0,,,,,,,,,,,0.0,1.0,1.0
877004,3791142,156,244.3877551020408,195.36054421768708,294.0,62.04163056034262,1.2282841542693312,37888,26880,20230812_4475_1Q_Scan1,ecad-_,22,T cells (other),,N,N,L,N,L,0,0,peri,,,,,,,0.0,0.0,,,,,,,0.0,1.0,1.0
877005,3791143,157,65.67832167832168,198.03846153846155,286.0,60.04163056034262,1.1886201529464118,37888,26880,20230812_4475_1Q_Scan1,ecad-_,22,Cytotoxic T cells,,N,N,L,L,N,0,0,peri,,,0.0,0.0,,,,,,,,,,,0.0,0.0,1.0
877006,3791144,158,129.8095238095238,198.1082251082251,231.0,57.45584412271571,1.1302696808642074,37888,26880,20230812_4475_1Q_Scan1,ecad-_,4,Stromal cells (undefined),,N,N,L,N,N,0,0,peri,,,,,,,,,,,,,,,,,
877007,3791145,159,93.59701492537312,198.91044776119404,67.0,29.07106781186548,1.2961301568336652,37888,26880,20230812_4475_1Q_Scan1,ecad-_,22,T cells (other),,N,N,H,N,N,0,0,peri,,,,,,,0.0,0.0,,,,,,,0.0,0.0,2.0
877008,3791146,160,158.12571428571428,198.3942857142857,175.0,48.04163056034261,1.2003243585894583,37888,26880,20230812_4475_1Q_Scan1,ecad-_,6,Neutrophils,,N,N,L,N,N,0,0,peri,,,,,,,,,,,,,,,,,
877009,3791147,161,107.6734693877551,198.6326530612245,245.0,65.698484809835,2.166401082738468,37888,26880,20230812_4475_1Q_Scan1,ecad-_,18,Stromal cells (undefined),,N,N,L,N,N,0,0,peri,,,,,,,,,,,,,,,,,
877010,3791148,162,187.67768595041323,200.8223140495868,484.0,101.84062043356596,1.1232292935248265,37888,26880,20230812_4475_1Q_Scan1,ecad-_,6,Neutrophils,,N,N,L,N,L,0,0,peri,,,,,,,,,,,,,,,,,
877011,3791149,163,84.22857142857143,203.18857142857144,175.0,49.59188309203679,1.0888390202210667,37888,26880,20230812_4475_1Q_Scan1,ecad-_,1,Stromal cells (undefined),,N,N,L,N,N,0,0,peri,,,,,,,,,,,,,,,,,
877012,3791150,164,204.6686046511628,204.7674418604651,172.0,49.31370849898477,1.2505170936933228,37888,26880,20230812_4475_1Q_Scan1,ecad-_,11,CD4+ T cells,,N,N,L,H,N,0,0,peri,,,,,1.0,0.0,,,,,,,,,0.0,0.0,0.0
877013,3791151,165,35.16271186440678,205.57627118644064,295.0,62.87005768508881,1.229270334227975,37888,26880,20230812_4475_1Q_Scan1,ecad-_,14,Stromal cells (undefined),,N,N,N,N,N,0,0,peri,,,,,,,,,,,,,,,,,
877014,3791152,166,221.8840579710145,206.44057971014493,345.0,69.698484809835,1.4493300594955858,37888,26880,20230812_4475_1Q_Scan1,ecad-_,21,Endothelial cells,,N,N,N,N,N,0,0,peri,,,,,,,,,,,,,1.0,0.0,0.0,0.0,1.0
877015,3791153,167,52.46739130434783,207.7336956521739,184.0,48.38477631085024,1.085848328219319,37888,26880,20230812_4475_1Q_Scan1,ecad-_,14,Stromal cells (undefined),,N,N,L,N,N,0,0,peri,,,,,,,,,,,,,,,,,
877016,3791154,168,103.63562753036436,209.7894736842105,247.0,58.87005768508881,1.4293664890118238,37888,26880,20230812_4475_1Q_Scan1,ecad-_,9,Macrophages (CD163+),,N,N,N,N,L,0,0,peri,,,,,,,,,0.0,0.0,,,,,0.0,0.0,0.0
877017,3791155,169,168.20967741935485,208.8935483870968,310.0,65.94112549695427,1.473742729502936,37888,26880,20230812_4475_1Q_Scan1,ecad-_,7,Cytotoxic T cells,,N,N,L,H,L,0,0,peri,,,2.0,0.0,,,,,,,,,,,0.0,0.0,1.0
877018,3791156,170,131.08262108262107,211.3903133903134,351.0,77.1126983722081,1.8530966732028435,37888,26880,20230812_4475_1Q_Scan1,ecad-_,12,Macrophages (CD163-),,N,N,H,N,L,0,0,peri,,,,,,,,,,,1.0,0.0,,,0.0,1.0,1.0
877019,3791157,171,183.84615384615384,212.80769230769232,26.0,16.82842712474619,1.285062737885296,37888,26880,20230812_4475_1Q_Scan1,ecad-_,9,Macrophages (CD163+),,N,N,L,L,H,0,0,peri,,,,,,,,,2.0,1.0,,,,,0.0,1.0,0.0
877020,3791158,172,23.68586387434555,215.8115183246073,191.0,51.45584412271571,1.3251942634277176,37888,26880,20230812_4475_1Q_Scan1,ecad-_,21,Endothelial cells,,N,N,L,N,N,0,0,peri,,,,,,,,,,,,,1.0,0.0,0.0,0.0,1.0
877021,3791159,173,209.5521235521236,217.5907335907336,259.0,61.698484809834994,1.471550022430703,37888,26880,20230812_4475_1Q_Scan1,ecad-_,7,Cytotoxic T cells,,N,N,L,H,L,0,0,peri,,,1.0,0.0,,,,,,,,,,,0.0,0.0,1.0
877022,3791160,174,9.546666666666669,217.34,150.0,44.97056274847714,1.3259250062302268,37888,26880,20230812_4475_1Q_Scan1,ecad-_,1,Cytotoxic T cells,,N,N,L,N,N,0,0,peri,,,0.0,0.0,,,,,,,,,,,0.0,0.0,1.0
877023,3791161,175,150.0787878787879,219.4060606060606,330.0,69.52691193458118,1.2232932711990818,37888,26880,20230812_4475_1Q_Scan1,ecad-_,22,T cells (other),,N,N,L,H,L,0,0,peri,,,,,,,1.0,0.0,,,,,,,0.0,1.0,1.0
877024,3791162,176,238.2891156462585,220.94557823129253,294.0,61.79898987322333,1.0968994777712464,37888,26880,20230812_4475_1Q_Scan1,ecad-_,16,Stromal cells (undefined),,N,N,L,N,L,0,0,peri,,,,,,,,,,,,,,,,,
877025,3791163,177,40.957317073170735,222.4176829268293,328.0,66.62741699796952,1.0668841885869018,37888,26880,20230812_4475_1Q_Scan1,ecad-_,19,Cytotoxic T cells,,N,N,N,H,L,0,0,intra,,,1.0,0.0,,,,,,,,,,,0.0,1.0,0.0
877026,3791164,178,174.6439393939394,224.73232323232324,396.0,80.87005768508881,1.6452330040689285,37888,26880,20230812_4475_1Q_Scan1,ecad-_,25,Neutrophils,,N,N,L,L,N,0,0,peri,,,,,,,,,,,,,,,,,
877027,3791165,179,250.9431818181818,226.32954545454547,176.0,53.89949493661167,1.9762680019304293,37888,26880,20230812_4475_1Q_Scan1,ecad-_,2,Stromal cells (undefined),,N,N,L,N,L,0,0,peri,,,,,,,,,,,,,,,,,
877028,3791166,180,15.753846153846156,228.08205128205128,195.0,50.04163056034262,1.120575176043768,37888,26880,20230812_4475_1Q_Scan1,ecad-_,5,Endothelial cells,,N,N,N,N,N,0,0,intra,,,,,,,,,,,,,0.0,0.0,0.0,0.0,0.0
877029,3791167,181,215.10731707317072,229.65853658536585,205.0,54.8700576850888,1.2853811171505294,37888,26880,20230812_4475_1Q_Scan1,ecad-_,7,Cytotoxic T cells,,N,N,L,N,N,0,0,peri,,,0.0,0.0,,,,,,,,,,,0.0,0.0,1.0
877030,3791168,182,197.86852589641435,231.53386454183263,251.0,56.04163056034262,1.086699409671612,37888,26880,20230812_4475_1Q_Scan1,ecad-_,7,Cytotoxic T cells,,N,N,L,L,N,0,0,peri,,,1.0,0.0,,,,,,,,,,,0.0,0.0,1.0
877031,3791169,183,92.16463414634148,230.6341463414634,164.0,48.48528137423857,1.60914420139514,37888,26880,20230812_4475_1Q_Scan1,ecad-_,10,Tumor cells,,N,L,N,N,L,0,0,intra,1.0,0.0,,,,,,,,,,,,,1.0,0.0,0.0
877032,3791170,184,105.17615176151762,231.91056910569105,369.0,77.698484809835,1.659354309141828,37888,26880,20230812_4475_1Q_Scan1,ecad-_,27,Tumor cells,,N,N,N,N,L,0,0,intra,1.0,0.0,,,,,,,,,,,,,0.0,0.0,1.0
877033,3791171,185,120.6518105849582,231.4623955431755,359.0,74.04163056034261,1.5640975367430925,37888,26880,20230812_4475_1Q_Scan1,ecad-_,27,Tumor cells,,N,H,N,N,L,0,0,intra,1.0,0.0,,,,,,,,,,,,,2.0,0.0,1.0
877034,3791172,186,153.38235294117646,233.8781512605042,238.0,58.38477631085023,1.2620900674626696,37888,26880,20230812_4475_1Q_Scan1,ecad-_,7,Cytotoxic T cells,,N,N,L,H,L,0,0,intra,,,2.0,0.0,,,,,,,,,,,0.0,1.0,1.0
877035,3791173,187,169.47345132743362,237.3849557522124,226.0,53.79898987322333,1.1049219893799302,37888,26880,20230812_4475_1Q_Scan1,ecad-_,7,Cytotoxic T cells,,N,N,L,H,L,0,0,intra,,,2.0,0.0,,,,,,,,,,,0.0,1.0,1.0
877036,3791174,188,224.31632653061223,237.4897959183673,98.0,36.970562748477136,1.2713462193330216,37888,26880,20230812_4475_1Q_Scan1,ecad-_,12,Macrophages (CD163-),,N,N,L,N,N,0,0,peri,,,,,,,,,,,0.0,0.0,,,0.0,0.0,0.0
877037,3791175,189,240.27403846153845,237.16826923076923,208.0,66.2842712474619,1.6948398643739286,37888,26880,20230812_4475_1Q_Scan1,ecad-_,6,Neutrophils,,N,N,L,N,L,0,0,peri,,,,,,,,,,,,,,,,,
877038,3791176,190,41.50253807106599,238.4263959390863,197.0,53.21320343559643,1.164710384454278,37888,26880,20230812_4475_1Q_Scan1,ecad-_,10,Tumor cells,,N,N,N,N,L,0,0,intra,1.0,0.0,,,,,,,,,,,,,0.0,0.0,1.0
877039,3791177,191,134.15762273901808,239.34625322997417,387.0,77.59797974644665,1.6739665511582422,37888,26880,20230812_4475_1Q_Scan1,ecad-_,27,Tumor cells,,N,N,N,N,L,0,0,intra,1.0,0.0,,,,,,,,,,,,,0.0,0.0,1.0
877040,3791178,192,209.4158415841584,239.3366336633664,101.0,38.38477631085023,1.4368183884091656,37888,26880,20230812_4475_1Q_Scan1,ecad-_,16,T cells (other),,N,N,L,L,N,0,0,peri,,,,,,,1.0,0.0,,,,,,,0.0,0.0,0.0
877041,3791179,193,63.80530973451327,238.1504424778761,226.0,57.21320343559642,1.5964702825521853,37888,26880,20230812_4475_1Q_Scan1,ecad-_,10,Tumor cells,,N,L,N,N,L,0,0,intra,1.0,0.0,,,,,,,,,,,,,1.0,0.0,1.0
877042,3791180,194,79.06701940035273,237.7407407407408,567.0,96.76955262170048,1.9542981646827284,37888,26880,20230812_4475_1Q_Scan1,ecad-_,3,Tumor cells,,N,H,N,N,L,0,0,intra,1.0,0.0,,,,,,,,,,,,,2.0,0.0,0.0
877043,3791181,195,186.5445544554456,245.4224422442244,303.0,64.2842712474619,1.0968684120904717,37888,26880,20230812_4475_1Q_Scan1,ecad-_,7,Cytotoxic T cells,,N,L,L,H,L,0,0,peri,,,2.0,0.0,,,,,,,,,,,1.0,1.0,1.0
877044,3791182,196,246.55244755244755,247.7902097902098,286.0,66.17766952966369,1.2439327346234617,37888,26880,20230812_4475_1Q_Scan1,ecad-_,6,Neutrophils,,N,N,L,N,L,0,0,peri,,,,,,,,,,,,,,,,,
877045,3791183,197,170.95833333333334,249.0,72.0,33.07106781186548,1.5077104276113404,37888,26880,20230812_4475_1Q_Scan1,ecad-_,26,T cells (other),,N,L,L,L,H,0,0,intra,,,,,,,1.0,0.0,,,,,,,1.0,2.0,0.0
877046,3791184,198,214.0833333333333,249.1282051282052,156.0,46.14213562373095,1.10169717637973,37888,26880,20230812_4475_1Q_Scan1,ecad-_,25,Neutrophils,,N,N,L,N,N,0,0,peri,,,,,,,,,,,,,,,,,
877047,3791185,199,50.66860465116279,247.3168604651163,344.0,82.04163056034263,1.2839811926168672,37888,26880,20230812_4475_1Q_Scan1,ecad-_,8,Tumor cells,,N,H,N,L,L,0,0,intra,2.0,0.0,,,,,,,,,,,,,2.0,0.0,1.0
877048,3791186,200,96.48339483394834,248.6309963099631,271.0,63.55634918610404,1.3677979091159045,37888,26880,20230812_4475_1Q_Scan1,ecad-_,8,Tumor cells,,N,H,N,N,L,0,0,intra,1.0,0.0,,,,,,,,,,,,,2.0,0.0,0.0
877049,3791187,201,151.59203980099502,248.59203980099505,402.0,82.87005768508881,1.974905665399272,37888,26880,20230812_4475_1Q_Scan1,ecad-_,8,Tumor cells,,N,H,N,N,L,0,0,intra,2.0,0.0,,,,,,,,,,,,,2.0,1.0,1.0
877050,3791188,202,24.11764705882353,247.58117647058825,425.0,80.87005768508881,1.5625633260094005,37888,26880,20230812_4475_1Q_Scan1,ecad-_,3,Tumor cells,,N,N,N,N,L,0,0,intra,1.0,0.0,,,,,,,,,,,,,0.0,1.0,1.0
877051,3791189,203,117.304932735426,249.81614349775785,223.0,58.14213562373095,1.6431985329399557,37888,26880,20230812_4475_1Q_Scan1,ecad-_,3,Tumor cells,,N,L,N,N,L,0,0,intra,1.0,0.0,,,,,,,,,,,,,2.0,0.0,0.0
877052,3791190,204,201.09316770186336,249.9503105590062,161.0,50.76345596729059,1.1423713117757142,37888,26880,20230812_4475_1Q_Scan1,ecad-_,7,Cytotoxic T cells,,N,N,L,H,L,0,0,peri,,,1.0,0.0,,,,,,,,,,,0.0,1.0,1.0
877053,3791191,205,68.31868131868131,252.16483516483515,91.0,37.55634918610404,1.7732633323516345,37888,26880,20230812_4475_1Q_Scan1,ecad-_,27,Tumor cells,,N,H,N,N,L,0,0,intra,1.0,0.0,,,,,,,,,,,,,2.0,1.0,0.0
877054,3791192,206,177.21428571428572,253.0,56.0,29.899494936611667,1.9932464287599123,37888,26880,20230812_4475_1Q_Scan1,ecad-_,3,Tumor cells,,N,L,N,N,L,0,0,intra,1.0,0.0,,,,,,,,,,,,,1.0,1.0,1.0
