gene	reference_mean_count	simulated_mean_count	reference_variance	simulated_variance	reference_zero_fraction	simulated_zero_fraction	reference_log1p_mean_count	simulated_log1p_mean_count	reference_log1p_variance	simulated_log1p_variance
ABCC11	2.9753937007874014	2.7542638357117997	12.140211563288709	12.108812767413832	0.2780511811023622	0.328576400974591	1.3801237874249856	1.3228922169178827	2.575677113633753	2.5732847343624203
ACTA2	1.8125	1.7918552036199096	8.990429591334317	8.417663444207767	0.359744094488189	0.37312913331012876	1.0340737675305385	1.026706322387635	2.3016275938714643	2.2425870158046024
ACTG2	1.7746062992125984	1.7365123564218587	3.14759708766094	3.149561230435706	0.2706692913385827	0.2822833275321963	1.0205088629756853	1.0066842470025161	1.4225291515272145	1.4230026010471957
ADAM9	1.9271653543307086	1.8061260006961364	3.649049961812381	3.5010488100235895	0.25393700787401574	0.292725374173338	1.0740344988816732	1.0318048846978216	1.5366628894376193	1.5043104385140698
ADGRE5	0.12549212598425197	0.1461886529759833	0.18759207674742281	0.21399748111075453	0.9030511811023622	0.888966237382527	0.11822038532440862	0.13644222339707474	0.17192779223433877	0.19391861776757122
AIF1	0.43208661417322836	0.4323007309432649	1.3090241027847884	1.2044159095294098	0.7849409448818898	0.7793247476505395	0.3591325514671657	0.35928205413188063	0.8368249689427305	0.7904625801708369
AKR1C1	0.056594488188976375	0.05429864253393665	0.06523467939845774	0.06529575618548256	0.9493110236220472	0.951618517229377	0.055050989180408516	0.05287575204794775	0.06319513112920093	0.06325246594687961
ANGPT2	0.06496062992125984	0.07309432648799165	0.15825957501250304	0.2592793145673822	0.9601377952755905	0.9578837452140619	0.06293783126799962	0.0705463689068608	0.14691851207302858	0.23053958475910818
ANKRD28	0.3361220472440945	0.33031674208144796	0.39755226082337936	0.3877191545141733	0.7362204724409449	0.7389488339714584	0.2897714236696633	0.2854170658209288	0.33472232128592394	0.3276615033651953
ANKRD29	0.08169291338582677	0.08214410024364775	0.11050663534118797	0.12068732323903174	0.9320866141732284	0.9342151061608075	0.07852732626519415	0.07894435107946425	0.10481633942786481	0.11394217854495814
ANKRD30A	7.798228346456693	7.2979463974939085	53.2059446686594	58.06161486202827	0.13385826771653545	0.15140967629655414	2.1745503769494254	2.1160080621999966	3.992790582664732	4.07858121867865
APOBEC3B	0.07923228346456693	0.08945353289244692	0.08382255163082458	0.09540753553156028	0.9261811023622047	0.916811695092238	0.07624993971951569	0.08567622455490935	0.08049419185997228	0.09112647259483554
APOC1	0.43996062992125984	0.4556213017751479	1.8634540604876384	1.7042450264541547	0.8125	0.8029933867037939	0.3646157728816971	0.3754328210092893	1.0520286095897275	0.9948227703675264
AQP1	0.4389763779527559	0.4813783501566307	2.9888887596583666	4.366035425394631	0.8459645669291339	0.8478941872607031	0.3639320121712966	0.3929729720421908	1.3835126857603892	1.6800893538069537
AR	1.5733267716535433	1.470936303515489	3.2511444170475734	3.292417542250537	0.3617125984251969	0.4006265227984685	0.945199525489758	0.9045971490600964	1.4471882212878564	1.4568501038788426
AVPR1A	0.10580708661417323	0.13261399234249913	0.3753084571038664	1.069106569957349	0.9458661417322834	0.9460494256874348	0.10057546348695666	0.12452822879969355	0.3186780383989511	0.7271169053911696
BACE2	0.36515748031496065	0.3752175426383571	0.490917355788429	0.5276864516141543	0.7322834645669292	0.7281587191089454	0.3112697921764044	0.31861193143210115	0.39939160553304615	0.42375446786435655
BASP1	1.1648622047244095	1.1079011486251304	1.8374057909489527	1.6861248760188754	0.3922244094488189	0.40271493212669685	0.7723567126503472	0.7456927361379951	1.0428901808286597	0.9880995884644607
BTNL9	0.1343503937007874	0.16394013226592413	0.5191148904577475	0.8251337735733809	0.937992125984252	0.9293421510616081	0.1260601467323764	0.1518109152253027	0.4181278563411295	0.6016532849362519
C1QA	0.16830708661417323	0.16637660981552385	0.35767551766516636	0.3211949792855779	0.8941929133858267	0.8854855551688131	0.15555576647124084	0.15390202875802086	0.30577405924907336	0.2785366144103969
C1QC	0.266240157480315	0.2631395753567699	0.8118976242260707	0.6939646521693182	0.8646653543307087	0.8565958927949878	0.23605200358337167	0.23360034823378076	0.5943747072531878	0.5270717295241487
C2orf42	0.1264763779527559	0.13261399234249913	0.15090870057417122	0.14501186243645814	0.889763779527559	0.8809606682909851	0.11909451125419418	0.12452822879969355	0.14055180476403836	0.13541499715905006
C6orf132	0.2937992125984252	0.27184128089105464	0.36317177256461847	0.3442520750780245	0.7682086614173228	0.788722589627567	0.2575830160315087	0.24046567795866247	0.30981417013308826	0.29583778037618147
CAV1	0.6860236220472441	0.7542638357117996	5.7910797985554625	5.966751486076785	0.8139763779527559	0.805777932474765	0.5223728701856927	0.5620493020861248	1.9156099566966116	1.9411490452634859
CAVIN2	0.08316929133858268	0.09084580577793247	0.20824440657990131	0.2142372021907937	0.9537401574803149	0.9463974939088061	0.07989127282808917	0.08695336393667658	0.18916840237575186	0.1941160625058961
CCDC6	2.21751968503937	2.0675252349460496	4.491312801187887	4.526775802374814	0.2298228346456693	0.26522798468499825	1.1686107785857833	1.120871124120371	1.7031673528348314	1.7096046079565188
CCDC80	0.6692913385826772	0.6369648451096415	3.289888616212486	2.9263072191676027	0.7426181102362205	0.7473024712843718	0.5123991882134212	0.4928438229657584	1.4562607690160327	1.3676993452551611
CCL5	0.17864173228346455	0.342847198050818	0.6637878144663232	1.4802560967687828	0.9207677165354331	0.8746954403063001	0.1643627011466431	0.29479213448638486	0.5090968189234863	0.9083618196715678
CCL8	0.05167322834645669	0.06091193873999304	0.16719562334988777	0.199282872813545	0.9704724409448819	0.9676296554124608	0.05038244662077511	0.05912885782724734	0.15460396851917546	0.18172377216760977
CCND1	9.38533464566929	8.981552384267317	45.19019348716935	46.3732668093197	0.0344488188976378	0.04907761921336582	2.34039468075394	2.3007386277525828	3.832767513374406	3.858058078233513
CCPG1	0.6181102362204725	0.6091193873999304	0.8142065698213131	0.7945825459784545	0.5816929133858267	0.5861468847894187	0.48125894747769804	0.4756870650089359	0.59564822052459	0.5847724299783188
CD14	0.3671259842519685	0.3672119735468152	1.63964747205713	1.5694956016393142	0.8302165354330708	0.8197006613296206	0.3127107146159166	0.31277361049506697	0.9706453749301651	0.9437096156912641
CD163	0.24261811023622049	0.23494604942568745	0.8583895970721535	1.3991683205562884	0.8823818897637795	0.8774799860772712	0.2172205330110877	0.21102728445018057	0.6197103046711333	0.8751221441958834
CD247	0.06791338582677166	0.11103376261747303	0.10764547156863884	0.1788231997649812	0.9488188976377953	0.9206404455273234	0.06570663783613273	0.10529089959040984	0.10223656561483789	0.16451665251992387
CD3D	0.04921259842519685	0.08945353289244692	0.08915742991505676	0.1998643600440951	0.9660433070866141	0.9418726070309781	0.04803997658736265	0.08567622455490935	0.08540439724450985	0.1822085171086227
CD3E	0.19980314960629922	0.34493560737904627	0.6769472778236545	1.3193484725234559	0.9143700787401575	0.8649495301079011	0.18215750134284434	0.29634613635311907	0.5169750439590725	0.8412863154290076
CD3G	0.07923228346456693	0.14375217542638358	0.14979990268941645	0.29304677978722266	0.9473425196850394	0.91228680821441	0.07624993971951569	0.13431423961792385	0.13958792957443245	0.25700127839839326
CD4	0.43799212598425197	0.4698920988513749	1.5461285120009924	1.429542363005099	0.8016732283464567	0.777932474765054	0.3632477836122723	0.38518899595465406	0.9345739749025804	0.8877029116350752
CD68	0.639763779527559	0.6404455273233554	3.108964592129085	2.967820414249661	0.7549212598425197	0.7406891750783153	0.4945521945883608	0.4949678679444413	1.413171072713764	1.3782169298927995
CD69	0.09251968503937008	0.14514444831186912	0.18641373668764077	0.5934800713976149	0.9409448818897638	0.9237730595196658	0.08848666616795262	0.13553078478012803	0.17093509023682849	0.46592034861419257
CD83	0.1594488188976378	0.15941524538809607	0.3989850234747245	0.47109603677306827	0.8986220472440944	0.8983640793595544	0.14794473607310482	0.1479157792143901	0.33574699046144335	0.3860077262136183
CD86	0.13041338582677164	0.12182387747998608	0.24246206438006188	0.2455994578279961	0.9138779527559056	0.9154194222067525	0.12258339399072574	0.1149558228361483	0.21709494683647843	0.21961690626780414
CD8A	0.234251968503937	0.4761573268360599	1.0864086966972555	9.110938989167225	0.9005905511811023	0.8823529411764706	0.2104650930544388	0.38944231049530115	0.7354442610204855	2.3136179059863418
CD8B	0.06446850393700787	0.09397841977027498	0.12041094336989264	0.21261344939485574	0.953248031496063	0.9401322659241211	0.062475617254686255	0.08982097781827805	0.1136955317337423	0.19277790596364947
CD9	3.5664370078740157	3.3059519665854507	11.148710489383067	11.487488935017893	0.1830708661417323	0.21162547859380437	1.5187332526548067	1.459998243883542	2.4972230315930344	2.524727257889626
CD93	0.4630905511811024	0.5774451792551341	2.8208920686059	3.3917195151865367	0.8622047244094488	0.834319526627219	0.38055101429972515	0.4558065631686074	1.3404839211686381	1.4797208395054768
CDC42EP1	0.09793307086614174	0.11103376261747303	0.1021719935488123	0.12520202984854667	0.9089566929133859	0.8994082840236687	0.09342938573416001	0.10529089959040984	0.09728277255318013	0.11796260162104763
CDH1	3.1309055118110236	2.8625130525583016	10.068527392347743	10.24188462944308	0.24606299212598426	0.26940480334145495	1.4184966351951636	1.3513180215212741	2.4041057109834947	2.4196465020688604
CEACAM6	0.3184055118110236	0.3069961712495649	0.6602617596544893	0.5832971368237757	0.7962598425196851	0.8050817960320222	0.27642306084623625	0.26773150521894556	0.5069752764760854	0.45950946816371974
CENPF	1.0393700787401574	1.0710059171597632	4.206228652733032	6.37657200309868	0.5910433070866141	0.596240863209189	0.7126409752409465	0.7280344395603858	1.6498557266092255	1.9983090324745514
CLDN4	0.5462598425196851	0.513052558301427	0.8004192884308957	0.7610586800361061	0.639763779527559	0.6630699617124957	0.43583901011719395	0.4141291720095025	0.5880195757934357	0.5659151509555568
CLEC14A	0.359744094488189	0.43926209537069266	2.3003579847016913	3.0117170040536854	0.906496062992126	0.8816568047337278	0.30729651622504406	0.3641305484785021	1.1940309428015154	1.389219330237356
CRISPLD2	0.2691929133858268	0.24051514096762966	0.5345895993983026	0.505154609189195	0.8218503937007874	0.8398886181691612	0.2383811971829723	0.21552672961141037	0.4282629833360779	0.40889562328270623
CTLA4	0.0531496062992126	0.07587887225896275	0.12912843058576318	0.22334902710569152	0.968011811023622	0.9592760180995475	0.05178529931752466	0.07313788315282675	0.12144603475250171	0.20159220201283273
CTTN	4.601870078740157	4.339366515837104	13.754265334170746	14.536252662624939	0.10334645669291338	0.13191785589975635	1.723100484626844	1.6751070159419577	2.691532216180757	2.743176174459012
CXCL12	0.9463582677165354	0.8611207796728159	5.941483530862186	4.555566570713598	0.6963582677165354	0.6923076923076923	0.6659600715033818	0.621178875969442	1.937515516928094	1.7148004108184087
CXCL16	0.3882874015748031	0.3567699269056735	0.5763866273547417	0.5359717356969654	0.719488188976378	0.7333797424295162	0.32807090230362373	0.3051068210882166	0.4551352832747818	0.4291632333172207
CXCR4	1.1968503937007875	1.4987817612252001	3.417656249394233	5.861506175544669	0.47391732283464566	0.4323007309432649	0.7870246953627744	0.9158033175971935	1.4856092951338389	1.925926976755517
CYTIP	0.14616141732283464	0.21789070657848938	0.29718860613250514	0.4420614267694518	0.9079724409448819	0.8691263487643578	0.13641846118596848	0.19712043338839846	0.2601993119808333	0.3660736362699352
DAPK3	0.1500984251968504	0.1458405847546119	0.20641062546280678	0.20678718488433762	0.8799212598425197	0.8868778280542986	0.13984752584048546	0.13613850281767087	0.1876495258113546	0.18796160915816731
DMKN	0.2327755905511811	0.2168465019143752	0.30472533021629317	0.27155453666690255	0.8184055118110236	0.8249216846501914	0.20926820482059266	0.19626267779613651	0.2659925436916566	0.2402401965582548
DNTTIP1	0.34005905511811024	0.3136094674556213	0.3791330344231344	0.3657513474312274	0.7239173228346457	0.7462582666202575	0.2927136839753871	0.272778666949206	0.3214550658209697	0.31170471488022683
DPT	0.10580708661417323	0.10407239819004525	0.2138116574977611	0.22628215631656562	0.9286417322834646	0.9338670379394362	0.10057546348695666	0.09900552377544905	0.19376553850742576	0.20398695484948529
DSC2	0.406003937007874	0.3609467455621302	0.5268570910726262	0.47169158246938403	0.7037401574803149	0.7305951966585451	0.3407515935324006	0.30818059400012193	0.4232114338232185	0.3864124755747695
DSP	1.8179133858267718	1.7218934911242603	3.6970103164726265	3.742615912050238	0.31791338582677164	0.3505046989209885	1.0359966769596878	1.0013277745600673	1.546926203438577	1.5565888636565
DST	2.376476377952756	2.2137138879220326	5.015753604562353	5.326176766300791	0.21456692913385828	0.26487991646362685	1.2168326739925184	1.1674272427933383	1.794381629120352	1.8446960673164579
DUSP2	0.08218503937007875	0.07657500870170554	0.11091831532506	0.11321500629722314	0.9311023622047244	0.93734772015315	0.07898218185638868	0.07378471370578008	0.10518698439470155	0.10725223090323069
DUSP5	0.36023622047244097	0.3605986773407588	0.5102447496869391	0.5586419812935146	0.7362204724409449	0.7424295161851723	0.307658376189188	0.30792480681366524	0.41227172357772524	0.4438149173228299
EDNRB	0.12696850393700787	0.129829446571528	0.2881546656741762	0.3664949917927646	0.9237204724409449	0.9269056735120084	0.11953128784991282	0.12206668909524696	0.25321070251805805	0.3122490613904402
EGFL7	0.08759842519685039	0.09711103376261747	0.1479111178310983	0.17266922756971784	0.9340551181102362	0.9296902192829795	0.08397198581342599	0.09268039199848019	0.13794387140794676	0.15928254147351162
EGFR	0.19586614173228348	0.1677688827010094	0.35846640846408234	0.3339607933628529	0.8636811023622047	0.8830490776192134	0.17887072763622164	0.1550949904264926	0.3063564226474363	0.2881525567788102
EIF4EBP1	0.3986220472440945	0.41454925165332407	0.5470783563428279	0.5686879670198088	0.7052165354330708	0.7065784893839192	0.33548749995867344	0.34681093027902826	0.43636822082072896	0.45023958018053445
ELF3	1.3690944881889764	1.262443438914027	3.4510975548292797	3.2799852531541864	0.4424212598425197	0.49634528367560043	0.8625078096446448	0.816445396904439	1.4931507073017953	1.4539495640630469
ENAH	2.7770669291338583	2.6380090497737556	5.440675193942708	5.433680157299689	0.15895669291338582	0.18203967977723634	1.3289477637570255	1.2914365676612136	1.862633378400461	1.861546716250705
EPCAM	10.950787401574804	10.308040375913679	87.14184083710363	97.11712544126617	0.11318897637795275	0.13853115210581274	2.4807971675519522	2.425514010386844	4.478947344572459	4.5861619226022565
ERBB2	18.971456692913385	18.024364775495997	181.124738792806	186.78352871368918	0.017716535433070866	0.026801253045596937	2.994304088829197	2.9457205142545053	5.204691830295019	5.235289856397843
ERN1	0.3799212598425197	0.4542290288896624	0.6502711902518833	1.241027547806055	0.734251968503937	0.7173686042464323	0.3220264394561082	0.3744758831372215	0.5009396321356517	0.8069344873831535
ESM1	0.08956692913385826	0.10755308040375913	0.32776899010223415	0.6635675829231332	0.9596456692913385	0.9557953358858337	0.08578030457020967	0.10215314991844263	0.2835000826863536	0.508964442596218
ESR1	0.09498031496062992	0.09258614688478942	0.1066808464857698	0.10284543347097702	0.9148622047244095	0.9157674904281239	0.09073638590196807	0.088547497862664	0.10136530726775157	0.09789359760594508
FAM107B	0.7716535433070866	0.7974242951618518	1.2260203072843368	1.3245476809833558	0.5388779527559056	0.5325443786982249	0.5719133157458288	0.5863546929872436	0.8002153755809847	0.8435254742992176
FAM49A	0.06791338582677166	0.06439262095370693	0.08401179357750146	0.08115855331600427	0.9409448818897638	0.9450052210233205	0.06570663783613273	0.06240432750971806	0.08066878264231307	0.07803320071943044
FASN	6.5108267716535435	6.139227288548556	30.34158631758918	31.096207898530846	0.11614173228346457	0.13609467455621302	2.016345549151206	1.965604547602614	3.4449458520345657	3.4687378891554452
FBLIM1	0.17864173228346455	0.17194570135746606	0.3585194737474654	0.33254137309519904	0.8784448818897638	0.882701009397842	0.1643627011466431	0.15866536018178493	0.3063954845238614	0.2870879258030115
FBLN1	0.265255905511811	0.24608423250957187	0.8153752175918927	0.8527223007018568	0.8666338582677166	0.8726070309780717	0.23527439856751695	0.22000602041545644	0.5962921778063996	0.6166560713675054
FCER1G	0.7480314960629921	0.7399930386355725	4.196451071385649	3.675757242291355	0.7303149606299213	0.7211973546815176	0.5584902954136882	0.5538811124342807	1.6479759063156165	1.5423911265845165
FCGR3A	0.21604330708661418	0.2325095718760877	0.5613771482959017	0.615140531332442	0.8784448818897638	0.8677340758788723	0.19560239729023757	0.20905239313261417	0.4455682192030148	0.47942196919383845
FGL2	0.2691929133858268	0.2600069613644274	1.0840726126922466	0.984253064018375	0.875492125984252	0.8788722589627567	0.2383811971829723	0.23111724584052717	0.7343239662266561	0.6852425531571781
FLNB	1.7052165354330708	1.6199095022624435	3.3069545567328458	3.086678682615107	0.3016732283464567	0.328576400974591	0.9951819591622878	0.9631397760552425	1.4602310549907354	1.4077325821166544
FOXA1	9.08021653543307	8.422902888966238	56.07086396096721	59.930074160830785	0.09645669291338582	0.11555864949530108	2.3105747441022833	2.2431432034266603	4.044293723052694	4.109726881407714
FSTL3	0.09104330708661418	0.0901496693351897	0.10544411038354326	0.10921004026538504	0.9197834645669292	0.9216846501914375	0.08713440091793896	0.08631499813140417	0.1002471640749469	0.10364808652647478
GATA3	8.102854330708661	7.61155586494953	47.0179731387897	52.169392877884285	0.10383858267716535	0.10198398886181692	2.2085880270561766	2.1531050065221757	3.871575381214034	3.9734829089422026
GJB2	0.15748031496062992	0.14897319874695442	0.4961133920298368	0.5899162503260109	0.9153543307086615	0.9209885137486947	0.14624550032014502	0.13886867287390348	0.40287067349124056	0.46368134209394557
GLIPR1	0.24606299212598426	0.27984684998259657	0.4652725277877932	0.5804328456176854	0.8405511811023622	0.8242255482074486	0.2199889745656943	0.24674042232198243	0.38204125096209374	0.4576987624432112
GPR183	0.23868110236220472	0.26905673512008355	0.9843622182936145	1.0142824316685848	0.8853346456692913	0.8593804385659589	0.21404718643694334	0.2382738962593188	0.6852975619033035	0.7002630186594029
GZMA	0.08809055118110236	0.16394013226592413	0.26451589923120755	0.470676949060846	0.9537401574803149	0.918552036199095	0.08442437215907378	0.1518109152253027	0.2346893605808315	0.38572280435385853
HAVCR2	0.1638779527559055	0.16011138183083884	0.3547162194644429	0.29886795416358436	0.8932086614173228	0.8910546467107553	0.15175749222766083	0.14851601932845013	0.3035920002681308	0.2614930806074567
HDC	0.6850393700787402	0.646362687086669	1.120839584859869	1.0475990564345599	0.5807086614173228	0.6032022276366168	0.5217889285632602	0.4985684225066891	0.7518120408787814	0.7166679147858694
HMGA1	1.3400590551181102	1.336581970066133	2.3298962052749315	2.426018535844725	0.36515748031496065	0.3727810650887574	0.8501761662811181	0.848689164959462	1.2029411339194631	1.2313988102330964
HOOK2	0.32381889763779526	0.29342151061608074	0.4002595595048404	0.3501551763755724	0.7480314960629921	0.7657500870170554	0.2805206638975123	0.25729104095443955	0.336657619083137	0.3002195313080015
HOXD8	0.48720472440944884	0.48973198746954405	0.8624654469889933	0.9317364532139106	0.6811023622047244	0.6898712147580925	0.39689833413431236	0.39859622959655294	0.6219011191472695	0.6584193151054843
HOXD9	0.12155511811023623	0.14375217542638358	0.47512352822588466	0.5527960834083926	0.9468503937007874	0.9404803341454925	0.11471622054731176	0.13431423961792385	0.3887417342348717	0.44005723059255863
HPX	0.07923228346456693	0.06752523494604942	0.09563939062639328	0.0894498970823351	0.9311023622047244	0.9429168116950922	0.07624993971951569	0.06534310513496198	0.09133811123472992	0.0856728872706022
IGF1	0.30118110236220474	0.2450400278454577	1.179555472848021	0.7400737536200549	0.84498031496063	0.8635572572224156	0.2632723922732044	0.2191676802797282	0.7791209444706084	0.5539274994660909
IGSF6	0.27312992125984253	0.259658893143056	0.7008433745449469	0.912358797254624	0.8489173228346457	0.845109641489732	0.24147837348765663	0.23084096458445286	0.5311242307174221	0.6483374524920242
IL2RG	0.12746062992125984	0.17612252001392273	0.24420861489433465	0.3317834278805554	0.9124015748031497	0.8809606682909851	0.11996787375512301	0.16222302773500039	0.21849967711783863	0.28651896721747233
IL3RA	0.0703740157480315	0.07866341802993387	0.12749212986116767	0.1414422240686751	0.952263779527559	0.9450052210233205	0.06800813482441195	0.0757226988084587	0.1199958122028561	0.13229257166269257
IL7R	0.26279527559055116	0.3821789070657849	1.3331695336458127	4.22157644848251	0.8976377952755905	0.8760877131917856	0.2333277364772092	0.3236611721519619	0.8472276580569974	1.6527993579262377
ITGAM	0.0718503937007874	0.07692307692307693	0.1051254763760143	0.12674094707520894	0.9429133858267716	0.9408284023668639	0.06938649479453327	0.07410797215372188	0.0999588818044912	0.11932934801026754
ITGAX	0.1624015748031496	0.1461886529759833	0.5299889120211523	0.4890671189937629	0.9168307086614174	0.9199443090845806	0.1504881880589351	0.13644222339707474	0.4252604883330856	0.3981498292432163
ITM2C	0.4498031496062992	0.5851026801253045	1.2293845008664908	2.8946526443974108	0.718011811023622	0.7041420118343196	0.37142778832420303	0.46064918764439533	0.8017255387946	1.3596044954736553
JUP	0.6422244094488189	0.6581970066132962	0.8000478314472138	0.9186453553252985	0.5634842519685039	0.5704838148277063	0.4960516700530015	0.5057308714959011	0.5878132375752922	0.6516193929249101
KARS	0.6338582677165354	0.5847546119039332	0.8200839739936496	0.8048789178277829	0.5718503937007874	0.6122520013922729	0.49094425321216173	0.46042957635549253	0.5988826395812578	0.590493507998923
KDR	0.24311023622047245	0.284719805081796	1.007338032155139	1.2176529245971766	0.9035433070866141	0.888966237382527	0.21761649421206392	0.25054064405070897	0.69680948221656	0.7964493954380706
KLF5	0.9970472440944882	0.9474416985729203	1.8739449943203188	2.032403794040568	0.49163385826771655	0.5276714235990254	0.6916697116873876	0.666516561766736	1.055685648406288	1.1093556363668085
KLRB1	0.12598425196850394	0.14897319874695442	0.35930479148009015	0.339916250326011	0.9311023622047244	0.9129829446571528	0.118657543801316	0.13886867287390348	0.306973386314296	0.29260711225292063
KRT15	0.10088582677165354	0.0866689871214758	0.14885199680542144	0.12027138656223973	0.9178149606299213	0.9293421510616081	0.0961151527917571	0.08311704209608782	0.1387631801306957	0.11357096538538575
KRT7	12.77263779527559	11.975983292725374	101.38599638671458	102.26578789944223	0.0703740157480315	0.0870170553428472	2.622683855417286	2.563100209820238	4.628749949217731	4.6373061295893825
KRT8	5.457185039370079	5.077271145144448	21.372858246393502	21.91046163153828	0.1294291338582677	0.15036547163243996	1.8651934704073432	1.8045557704143036	3.1078485387478127	3.1315936460458254
LAG3	0.07086614173228346	0.0866689871214758	0.0924644389909164	0.12236052305249041	0.9399606299212598	0.9300382875043508	0.06846779927746073	0.08311704209608782	0.08843609733511044	0.11543407728137642
LARS	1.6146653543307086	1.5544726766446224	2.6968404591043553	2.612717627473926	0.3065944881889764	0.31186912634876435	0.9611361177525707	0.9378458135657732	1.3074785248724907	1.2844602945233767
LDHB	0.4965551181102362	0.5596936999651931	1.2240156995700502	1.306411048208903	0.7357283464566929	0.7037939436129481	0.40316587897899214	0.44448945580685345	0.7993144355226154	0.8356926575703078
LGALSL	0.2170275590551181	0.2109293421510616	0.2517434005202821	0.26050724883581355	0.8169291338582677	0.8273581621997912	0.1964114588230437	0.19138811617265247	0.22453730001132843	0.23151421839154984
LPL	0.12007874015748031	0.10894535328924469	0.3262928544567084	0.3290042146310816	0.9315944881889764	0.9394361294813783	0.11339898654784902	0.10340943149070428	0.2823877229267201	0.2844299510060509
LPXN	0.14616141732283464	0.18203967977723634	0.18098968934274648	0.25689179926062167	0.8779527559055118	0.8597285067873304	0.13641846118596848	0.1672414884519484	0.16635280673066802	0.2286418473515256
LRRC15	0.08021653543307086	0.07448659937347721	0.13290236569394853	0.1302436865369345	0.9414370078740157	0.9432648799164636	0.07716151681089921	0.07184296552286976	0.12478280507055904	0.12243326127733858
LUM	3.436023622047244	3.1903933170901495	45.897431349515585	38.26561798591633	0.40994094488188976	0.39888618169161155	1.489758394552221	1.4327945999557368	3.8479629052853306	3.670349275552247
LYPD3	1.3090551181102361	1.2241559345631743	2.6351124499393266	2.5841377361216282	0.4345472440944882	0.4716324399582318	0.8368384010749935	0.799377488392291	1.2906400458410603	1.2765179252117462
LYZ	0.5664370078740157	0.5969369996519318	3.4264062057789313	3.881355517269128	0.8041338582677166	0.7935955447267664	0.4488036185837203	0.46808741926997177	1.4875880145931286	1.585422951226329
MAP3K8	0.27017716535433073	0.2669683257918552	0.3518821941016605	0.35802064558413904	0.7913385826771654	0.7918552036199095	0.23915639102024136	0.2366269016514968	0.3014978392841458	0.3060282319547694
MDM2	3.8631889763779528	3.7535676992690568	11.749860431035486	11.88980707906772	0.10383858267716535	0.13261399234249913	1.5816943907073229	1.558895430699135	2.5455203249590688	2.556436850125961
MEDAG	0.06594488188976377	0.05847546119039332	0.14040540907275806	0.12053486160167615	0.9562007874015748	0.9592760180995475	0.0638616188625634	0.0568296286980751	0.13138382118153782	0.11380612631540055
MKI67	0.5984251968503937	0.5704838148277063	1.2222131760856334	1.3544488257302887	0.6604330708661418	0.6644622345979811	0.46901889258319607	0.4513837341986053	0.7985036254480211	0.8563066557998594
MLPH	4.846456692913386	4.465715280194918	24.00890915223485	25.26632066681727	0.20866141732283464	0.25026105116602854	1.7658357842182635	1.6984949969056642	3.2192321274742817	3.268287535525866
MMP1	0.05610236220472441	0.048033414549251655	0.31098194520367384	0.2135694250669231	0.9758858267716536	0.9777236338322312	0.05458511449227127	0.04691546950244428	0.2707764329122641	0.19356595515120537
MMP2	0.7588582677165354	0.6592412112774104	4.420404013383113	3.023466972785718	0.718996062992126	0.735816219979116	0.5646648870210008	0.5063603962255362	1.690170353888093	1.3921439619921863
MMRN2	0.1422244094488189	0.18412808910546466	0.3751339958982233	0.5374638721668555	0.9232283464566929	0.9025408980160111	0.13297759757606453	0.1690067139765175	0.3185511779327838	0.43013422264480383
MNDA	0.07923228346456693	0.06996171249564914	0.13108990761309935	0.10408694143049252	0.9409448818897638	0.9429168116950922	0.07624993971951569	0.06762286511925161	0.12318168788529626	0.09901869604991904
MRC1	0.13484251968503938	0.13609467455621302	0.4269094778957653	0.41984226401410896	0.9261811023622047	0.9262095370692656	0.12649389213063184	0.12759665710470808	0.3555109012308575	0.35054578376293766
MYLK	0.22440944881889763	0.2610511660285416	0.6517327874636055	0.9506307888156662	0.8804133858267716	0.8635572572224156	0.20245864516069753	0.2319456319157877	0.501824911085673	0.6681528017107449
MYO5B	1.9758858267716535	1.8197006613296205	4.061948993358843	4.03433319727324	0.2829724409448819	0.33344935607379045	1.0905417515748403	1.0366307308512017	1.6217515856910596	1.6162810838896573
MZB1	0.1658464566929134	0.2325095718760877	0.4111815578997972	1.732132174786481	0.8853346456692913	0.8858336233901845	0.15344739546041297	0.20905239313261417	0.3444273378033348	1.0050823207675703
NARS	3.4571850393700787	3.283675600417682	8.041494386226093	8.109263365480357	0.12598425196850394	0.13400626522798467	1.4945174096765759	1.4548114261930472	2.2018244689530393	2.2092918480113424
NOSTRIN	0.1845472440944882	0.223807866341803	0.6665656245517316	1.146619617667904	0.9183070866141733	0.907761921336582	0.16936062908469945	0.20196719982577807	0.5107649966592438	0.7638943339725179
NPM3	0.1186023622047244	0.11625478593804385	0.11935836076251179	0.1278450214124977	0.8887795275590551	0.893491124260355	0.1120800151541707	0.10997914071386536	0.11275562896524918	0.1203087512718646
OCIAD2	0.5078740157480315	0.5012182387747999	0.6360778019438855	0.6400577075780948	0.6387795275590551	0.6407935955447268	0.4107007221621094	0.4062769376685536	0.49230179325021406	0.4947314287646586
OXTR	0.08710629921259842	0.07030978071702054	0.11205425161958152	0.08210216723369144	0.9237204724409449	0.9366515837104072	0.08351939472174466	0.0679481212613287	0.10620898206600402	0.0789056003969826
PCLAF	1.156988188976378	1.1030281935259312	3.1230530614064667	2.9503842808900846	0.5127952755905512	0.5255830142707971	0.7687128917204367	0.7433783029673278	1.4165939232530262	1.3738128604823125
PCOLCE	0.0654527559055118	0.05325443786982249	0.09467985399535546	0.08525489937531935	0.9458661417322834	0.9564914723285765	0.0633998317382177	0.05188483536901168	0.09046194973929769	0.08181488970045483
PDE4A	0.14124015748031496	0.14096762965541246	0.1735421343196207	0.18729391016349506	0.8804133858267716	0.8837452140619562	0.13211552855715913	0.13187670032448545	0.16002664049575496	0.17167669252922643
PDGFRA	0.42470472440944884	0.37069265576052907	2.052427288446404	1.6818288027907506	0.8248031496062992	0.8444135050469892	0.3539645813087231	0.3153162002197813	1.1159371063902357	0.9864989509022142
PDGFRB	0.6781496062992126	0.5708318830490776	3.8067502917379055	3.427519398258884	0.7854330708661418	0.7956839540549948	0.51769176157919	0.45160534084771164	1.5700212407636873	1.4878394719772545
PDK4	0.8390748031496063	0.8652975983292726	4.020865317887702	3.8241191401648433	0.6441929133858267	0.6296554124608423	0.6092626207871114	0.6234206105155607	1.6136022929301483	1.5736281565006809
PECAM1	0.7308070866141733	0.8485903237034459	5.797021898758223	7.684936208499651	0.7869094488188977	0.7368604246432301	0.54858782377561	0.6144233614431096	1.9164845601863265	2.1615900546459037
PELI1	0.3676181102362205	0.35572572224155935	0.45021628343355163	0.4444457910407822	0.7140748031496063	0.7257222415593456	0.3130706210441312	0.3043368993255591	0.37171270629774517	0.36772571238388585
PIM1	0.17273622047244094	0.186216498433693	0.240457698973005	0.25535312442130026	0.8626968503937008	0.8552036199095022	0.15933966840036962	0.1707688289699168	0.21548042358684602	0.2274169070463725
POLR2J3	5.368602362204724	5.143752175426384	16.323445017581808	16.790957643296974	0.060039370078740155	0.059519665854507485	1.8513800361232975	1.8154356590009895	2.852060787372933	2.8786903306559743
POSTN	3.46998031496063	3.0800556909154193	56.11529729158671	55.27144400803951	0.453248031496063	0.42394709363035155	1.4973840048038412	1.406110638057085	4.045071984312637	4.030187195245643
PPARG	0.39960629921259844	0.4249912982944657	0.8426980231606942	1.0445980587682653	0.7465551181102362	0.7424295161851723	0.336190982224759	0.3541657072419453	0.6112308145631248	0.7152012218970437
PRDM1	0.19094488188976377	0.2707970762269405	0.4105925090235212	0.6244149981530085	0.8789370078740157	0.8475461190393317	0.17474701045235957	0.23964432267634733	0.34400983528834805	0.4851477498291251
PTGDS	0.140748031496063	0.11660285415941525	0.5710221875884421	0.33563302362694836	0.9251968503937008	0.9314305603898364	0.1316842152013245	0.11029091000711556	0.45172648240000446	0.2894053544682318
PTN	0.11318897637795275	0.10476853463278803	0.19594610311820326	0.19271054006808175	0.9173228346456693	0.9237730595196658	0.10722884797769325	0.09963584210706483	0.17893759023057595	0.1762284817128325
PTPRC	0.36958661417322836	0.5499477897667943	1.2601873228734148	2.1974521212285745	0.8395669291338582	0.7852419074138531	0.3145089528275183	0.43822124634241283	0.8154476960764957	1.1623542805443892
PTRHD1	0.5506889763779528	0.5120083536373129	0.739920746151192	0.6858759442198861	0.6269685039370079	0.6449704142011834	0.43869933305890213	0.4134388026344818	0.5538395640001172	0.5222852769317715
QARS	1.3700787401574803	1.3592064044552732	2.1455936914828038	2.2769146903210853	0.3390748031496063	0.35816219979115904	0.8629231782902844	0.8583252931877071	1.1460026454634868	1.1869023365188254
RAB30	0.1328740157480315	0.15280194918203968	0.1822373292703257	0.3119498413332467	0.8853346456692913	0.8882701009397842	0.12475778058345545	0.14219545652586077	0.16740868501376702	0.27151445909996286
RAMP2	0.2721456692913386	0.3250957187608771	1.1553438921131904	1.3900977014893248	0.9010826771653543	0.8872258962756701	0.24070497824415701	0.2814846974032078	0.7679502895312006	0.8713342443921205
RAPGEF3	0.1687992125984252	0.16219979115906719	0.20832194489352052	0.21254000603059706	0.859744094488189	0.8680821441002436	0.15597690777036907	0.15031458096436498	0.18923257467840646	0.1927173379495992
RHOH	0.8046259842519685	0.7855899756352245	1.2651090673303944	1.2659900504844355	0.5285433070866141	0.5443786982248521	0.5903533593729535	0.5797488791855256	0.8176229111224147	0.8180117718126073
RORC	0.10531496062992125	0.10163592064044552	0.12184273679231748	0.11849662645299089	0.90748031496063	0.910546467107553	0.10013032660001597	0.096796275598987	0.11497263399000858	0.11198548580848833
RTKN2	0.3617125984251969	0.3814827706230421	0.7597938159317973	0.9665372156675299	0.7760826771653543	0.7796728158719108	0.3087431710885534	0.3231573938037758	0.5651966521487071	0.6762742375352315
RUNX1	1.3720472440944882	1.309780717020536	3.1712123503025937	2.9917462262714913	0.38336614173228345	0.3967977723633832	0.8637533983462735	0.8371525923310456	1.4282067250439332	1.3842287858552493
S100A14	1.7691929133858268	1.655412460842325	4.187469953903473	3.7133907855967623	0.3312007874015748	0.35920640445527324	1.0185559107349065	0.9765999951109398	1.6462460935214351	1.5504075610322718
S100A4	0.2903543307086614	0.4065436825617821	0.7349536902421911	1.207923739125292	0.8356299212598425	0.7946397493908807	0.2549168556252726	0.3411354060991841	0.5509807215395381	0.792052589378751
SCD	9.805610236220472	9.152105812739297	86.85682720005273	79.05171649019253	0.07874015748031496	0.10407239819004525	2.380065465570964	2.3176811532044295	4.475708525899822	4.382672881938535
SDC4	0.4104330708661417	0.3720849286460146	0.49320473604019593	0.4865046000269535	0.6919291338582677	0.7194570135746606	0.3438967996897446	0.31633142873337594	0.4009246397919411	0.396427457986682
SEC11C	1.0949803149606299	1.1802993386703795	1.8860998519018213	2.598400049640927	0.4315944881889764	0.43021232161503653	0.7395441571297798	0.7794621786913495	1.059906058471737	1.2804893160181918
SEC24A	1.1338582677165354	1.0873651235642185	1.6423390207686372	1.7322671845352997	0.39911417322834647	0.42742777584406544	0.7579317344211096	0.7359025641892202	0.9716645176137476	1.0051317350727733
SELL	0.050688976377952756	0.07518273581621998	0.08950223310343222	0.2046519947993372	0.9616141732283464	0.9523146536721198	0.049446116964352416	0.07249063393929216	0.08572092505939265	0.1861907242351789
SERHL2	2.500492125984252	2.337626174730247	10.549482770986714	9.303099794746402	0.3218503937007874	0.3539853811347024	1.2529035660351426	1.2052598281743916	2.446640654232319	2.3324448009051904
SERPINA3	0.1235236220472441	0.10894535328924469	0.1930061894958847	0.15282037061993956	0.90748031496063	0.9136790810998956	0.11646983783142302	0.10340943149070428	0.17647633127992712	0.1422114361056402
SERPINB9	0.3823818897637795	0.403759136790811	0.4923137723552651	0.5729942205162462	0.71751968503937	0.7037939436129481	0.32380801840587115	0.3391537358940786	0.4003277828581287	0.45298094989027216
SFRP4	0.10334645669291338	0.09815523842673164	0.24337628955907836	0.2417549522157596	0.9365157480314961	0.9380438565958928	0.0983477949337327	0.09363171599602398	0.21783049363402968	0.21652566309139867
SH3YL1	1.4493110236220472	1.380438565958928	2.7015160194155934	2.725341451046968	0.36023622047244097	0.391228680821441	0.8958067701601816	0.8672847421188065	1.3087424707089126	1.3151585123411653
SLAMF1	0.050688976377952756	0.0870170553428472	0.07079223802711515	0.16512734546110314	0.9586614173228346	0.9380438565958928	0.049446116964352416	0.08343729830378903	0.06839878387715591	0.15283039045249802
SLAMF7	0.10580708661417323	0.21232161503654717	0.4954463202254814	2.507828626332767	0.9498031496062992	0.9342151061608075	0.10057546348695666	0.19253721138671165	0.40242470424471094	1.2549972210739722
SLC25A37	0.28051181102362205	0.2666202575704838	0.35061953112581756	0.3508944577649754	0.7765748031496063	0.7922032718412809	0.24725985037407808	0.23635213863287025	0.300563399127506	0.30076693436088814
SLC5A6	0.8543307086614174	0.7928994082840237	1.336721757638493	1.2729022102816832	0.5103346456692913	0.541594152453881	0.6175238269978812	0.5838340905862957	0.8487489888359085	0.8210575216315381
SMAP2	0.37401574803149606	0.39157674904281237	0.479442654601705	0.5649290241388705	0.7160433070866141	0.71179951270449	0.3177376551838906	0.3304374560810558	0.39166543212161015	0.44784047097574187
SMS	1.9788385826771653	1.9540549947789767	3.5017676312432884	3.8990025276151896	0.23868110236220472	0.2568743473720849	1.0915334871933147	1.0831788009903873	1.504470126590777	1.5890316186014342
SNAI1	0.05757874015748032	0.07065784893839193	0.10057276583041597	0.1395043372790761	0.9566929133858267	0.9512704490080056	0.05598208794413795	0.06827327164624504	0.09583074049856212	0.13059337599655638
SOX17	0.05610236220472441	0.06300034806822137	0.09729410670047338	0.12590422597480916	0.9596456692913385	0.9557953358858337	0.05458511449227127	0.06109542679928819	0.09284724627247447	0.11858646923922085
SQLE	1.0866141732283465	1.0525583014270796	1.7039664724331909	1.8116517049040775	0.43061023622047245	0.45736164288200487	0.7355427395276309	0.7190869670212146	0.994719758855766	1.0337721060011684
SRPK1	0.9409448818897638	0.9154194222067525	1.3190120068078641	1.2982057519485517	0.45767716535433073	0.466411416637661	0.6631749070241535	0.6499366180804692	0.8411412358399237	0.8321287106441784
STC1	0.2677165354330709	0.26174730247128436	0.41475243954919233	0.4760327397428949	0.8031496062992126	0.8203967977723634	0.23721727852587174	0.2324975083094856	0.3469545614067015	0.38935790732990244
SVIL	0.7608267716535433	0.7243299686738601	1.0850624377270417	1.058380687740145	0.5290354330708661	0.5558649495301079	0.565783455370292	0.5448385510700153	0.734798800954446	0.721919599770837
TACSTD2	3.9606299212598426	3.6613296206056387	16.762604822107722	17.201070237064517	0.22244094488188976	0.2520013922728855	1.601532732926987	1.539300733749967	2.877095394720808	2.9014803965881626
TCF4	0.281003937007874	0.2857640097459102	0.915089488906206	0.8831433662947799	0.8582677165354331	0.840584754611904	0.24764409629619286	0.2513531017798957	0.6497643520400979	0.632942383948677
TCIM	4.430610236220472	4.1322659241211275	25.966625329053215	23.439324146529934	0.18503937007874016	0.2074486599373477	1.6920515099924642	1.635547262270087	3.294600002479953	3.1961934803420555
TENT5C	1.7696850393700787	1.8197006613296205	4.251212505379221	5.385308127635357	0.31791338582677164	0.3421510616080752	1.0187336095359072	1.0366307308512017	1.658459003343466	1.8539997463679445
TFAP2A	0.9566929133858267	0.8931430560389837	1.4742437106735364	1.3949146651128022	0.468996062992126	0.497737556561086	0.6712557590780921	0.6382384404436712	0.9059347778791509	0.8733475997950316
THAP2	0.21653543307086615	0.22763661677688826	0.2672202902259078	0.27685433587322944	0.8223425196850394	0.8148277062304211	0.19600700987920888	0.20509087125676242	0.2368257538074021	0.2443995030996037
TIFA	0.19980314960629922	0.2203271841280891	0.2446479179024336	0.28326354193834247	0.8351377952755905	0.8221371388792204	0.18215750134284434	0.19911900650189027	0.21885269305658178	0.24940647524759169
TMEM147	1.7372047244094488	1.6505395057431256	2.9432138467920455	2.808196958135828	0.2765748031496063	0.2861120779672816	1.0069372260955376	0.9747632063499726	1.37199608796506	1.3371558377911068
TOMM7	4.704232283464567	4.6188652975983295	11.733748696387103	12.504059018408835	0.061515748031496065	0.06613296206056388	1.7412084051903725	1.7261297391782398	2.5442558465475074	2.602990308283094
TOP2A	1.3848425196850394	1.4176818656456665	6.12951902984062	6.909742953072842	0.5423228346456693	0.5440306300034807	0.8691330926780986	0.8828091743247297	1.9642437749055075	2.0680952848005734
TPD52	2.548228346456693	2.5123564218586845	6.150307051721932	6.540324285175495	0.21899606299212598	0.2293769578837452	1.2664484215806222	1.2562871574852392	1.9671553000806101	2.0202651897389843
TRAC	0.2249015748031496	0.3202227636616777	0.5939044708591633	0.9120456328103261	0.8740157480314961	0.843369300382875	0.2028604936692195	0.2778004827096094	0.46618664811990324	0.6481736808770058
TRAF4	1.296259842519685	1.1977027497389487	2.2617683775495565	2.2324877570154165	0.38779527559055116	0.42325095718760875	0.8312816438830027	0.7874126101386474	1.1822694954084616	1.1732520441904746
TRAPPC3	0.8070866141732284	0.7963800904977375	1.0095410894908445	1.0340815992135015	0.4867125984251969	0.49564914723285763	0.5917159430420086	0.5857735791694376	0.6979063823173	0.710044414429103
TRIB1	0.5713582677165354	0.5551688130873651	1.1017494097395877	1.1028919718404084	0.656988188976378	0.6721197354681517	0.4519403840164095	0.44158410120980174	0.7427700501908782	0.7433135268041033
TUBA4A	0.889763779527559	0.9140271493212669	1.4511605547090958	1.4623136162543013	0.49901574803149606	0.48659937347720156	0.6364518368834	0.6492094775285251	0.8965616081978292	0.9011014023688222
TUBB2B	0.19438976377952755	0.1837800208840933	0.21970263087498107	0.20785659783189372	0.8316929133858267	0.8416289592760181	0.17763539702822886	0.1687127260279059	0.19860708385003797	0.18884738206192403
TYROBP	0.054625984251968504	0.04907761921336582	0.0831789836277851	0.06688024223221288	0.9571850393700787	0.9582318134354334	0.05318618677520451	0.04791132020715122	0.07990022087149888	0.06473872818750179
USP53	1.2308070866141732	1.1632439958231813	2.1904241636523647	2.0586485257517158	0.40403543307086615	0.4375217542638357	0.8023634422424767	0.7716089449655219	1.1601538746196534	1.1179731601534844
VOPP1	1.329724409448819	1.3219631047685347	1.9316024843275685	2.0979053370783793	0.3248031496062992	0.3498085624782457	0.8457499813755568	0.8424129937302259	1.0755491964998063	1.1307261853878605
VWF	0.6077755905511811	0.7567003132613992	4.691480623175427	6.606174623596699	0.8095472440944882	0.7890706578489384	0.4748516029026977	0.5634372273609728	1.7389704292575159	2.0289603679063
WARS	0.7839566929133859	0.7894187260703098	1.0429133373653257	1.1398322873511622	0.5162401574803149	0.5179255134006265	0.5788337585904026	0.5818908330762151	0.714376895633424	0.760727455565987
ZEB1	0.30118110236220474	0.30804037591367905	0.64287403513261	0.6310530178678254	0.8257874015748031	0.8162199791159067	0.2632723922732044	0.26853012099412105	0.49644716851566123	0.48922582946728593
ZEB2	0.797736220472441	0.7796728158719108	3.4671932972004793	3.06599334695227	0.6973425196850394	0.6926557605290637	0.58652821809691	0.5764295361007097	1.4967603136971355	1.4026580789412328
ZNF562	1.1008858267716535	1.0549947789766794	1.6397431834130038	1.749063657702537	0.41732283464566927	0.44657152801949185	0.7423590780595896	0.7202733073010188	0.9706816334160892	1.0112603655910744
