dataset	gene	expected_class	spatial_domain	n_cells	mean_count	median_count	detection_fraction	normalized_mean_profile
STARmap	Cux2	superficial	superficial	185	2.1243243243243244	2.0	0.7567567567567568	0.539035671003776
STARmap	Cux2	superficial	middle	164	1.4451219512195121	1.0	0.6280487804878049	0.3666917860603326
STARmap	Cux2	superficial	deep	75	0.21333333333333335	0.0	0.17333333333333334	0.054132165773407195
STARmap	Cux2	superficial	inner	177	0.15819209039548024	0.0	0.14124293785310735	0.04014037716248415
STARmap	Rorb	middle	superficial	185	0.34594594594594597	0.0	0.24324324324324326	0.24520580204460124
STARmap	Rorb	middle	middle	164	0.6158536585365854	0.0	0.4146341463414634	0.43651585472593124
STARmap	Rorb	middle	deep	75	0.24	0.0	0.22666666666666666	0.1701115251684421
STARmap	Rorb	middle	inner	177	0.20903954802259886	0.0	0.192090395480226	0.14816681806102536
STARmap	Fezf2	deep	superficial	185	0.2756756756756757	0.0	0.21621621621621623	0.14825898829154696
STARmap	Fezf2	deep	middle	164	0.31097560975609756	0.0	0.22560975609756098	0.16724337093863528
STARmap	Fezf2	deep	deep	75	0.9733333333333334	0.0	0.48	0.5234608200986515
STARmap	Fezf2	deep	inner	177	0.2994350282485876	0.0	0.21468926553672316	0.1610368206711663
STARmap	Deptor	deep	superficial	185	0.43783783783783786	0.0	0.32972972972972975	0.22343944670573096
STARmap	Deptor	deep	middle	164	0.49390243902439024	0.0	0.3353658536585366	0.25205059536926966
STARmap	Deptor	deep	deep	75	0.6266666666666667	0.0	0.41333333333333333	0.31980345499692686
STARmap	Deptor	deep	inner	177	0.4011299435028249	0.0	0.2937853107344633	0.20470650292807255
STARmap	Tshz2	inner	superficial	185	0.10810810810810811	0.0	0.0972972972972973	0.22823458722664708
STARmap	Tshz2	inner	middle	164	0.12804878048780488	0.0	0.12195121951219512	0.2703327351754646
STARmap	Tshz2	inner	deep	75	0.18666666666666668	0.0	0.18666666666666668	0.3940850539446773
STARmap	Tshz2	inner	inner	177	0.05084745762711865	0.0	0.03954802259887006	0.10734762365321113
STARmap	Foxp2	inner	superficial	185	0.14054054054054055	0.0	0.12432432432432433	0.34308706351098284
STARmap	Foxp2	inner	middle	164	0.08536585365853659	0.0	0.07317073170731707	0.2083948157817649
STARmap	Foxp2	inner	deep	75	0.09333333333333334	0.0	0.09333333333333334	0.22784499858806295
STARmap	Foxp2	inner	inner	177	0.0903954802259887	0.0	0.07344632768361582	0.2206731221191893
STARmap	Sulf2	inner	superficial	185	0.24324324324324326	0.0	0.2	0.15486015189112762
STARmap	Sulf2	inner	middle	164	0.2926829268292683	0.0	0.21951219512195122	0.18633579251940557
STARmap	Sulf2	inner	deep	75	0.7466666666666667	0.0	0.4533333333333333	0.47536331069395027
STARmap	Sulf2	inner	inner	177	0.288135593220339	0.0	0.23163841807909605	0.1834407448955165
STARmap	Ctgf	inner	superficial	185	0.23243243243243245	0.0	0.1783783783783784	0.24676853272794247
STARmap	Ctgf	inner	middle	164	0.1951219512195122	0.0	0.18292682926829268	0.2071567943490385
STARmap	Ctgf	inner	deep	75	0.18666666666666668	0.0	0.17333333333333334	0.19817999992724683
STARmap	Ctgf	inner	inner	177	0.327683615819209	0.0	0.1694915254237288	0.34789467299577226
SimSpace	Cux2	superficial	superficial	1317	6.932422171602126	7.0	0.9392558845861807	0.5356616204111065
SimSpace	Cux2	superficial	middle	806	3.6811414392059554	3.0	0.8461538461538461	0.28443827272449984
SimSpace	Cux2	superficial	deep	612	1.2418300653594772	1.0	0.6160130718954249	0.09595501956164852
SimSpace	Cux2	superficial	inner	625	1.0864	1.0	0.6048	0.0839450873027451
SimSpace	Rorb	middle	superficial	1317	5.244495064540622	4.0	0.973424449506454	0.2642218857028186
SimSpace	Rorb	middle	middle	806	8.70347394540943	9.0	0.9627791563275434	0.43848802786944024
SimSpace	Rorb	middle	deep	612	4.233660130718954	3.0	0.880718954248366	0.21329520752659661
SimSpace	Rorb	middle	inner	625	1.6672	1.0	0.6816	0.08399487890114443
SimSpace	Fezf2	deep	superficial	1317	1.117691723614275	0.0	0.4403948367501898	0.12300408829741052
SimSpace	Fezf2	deep	middle	806	1.8027295285359801	1.0	0.6836228287841191	0.19839379447790778
SimSpace	Fezf2	deep	deep	612	3.8366013071895426	2.0	0.8790849673202614	0.4222252307867728
SimSpace	Fezf2	deep	inner	625	2.3296	2.0	0.8592	0.25637688643790885
SimSpace	Deptor	deep	superficial	1317	1.1245254365983295	0.0	0.4145785876993166	0.1202642083044094
SimSpace	Deptor	deep	middle	806	2.730769230769231	2.0	0.78287841191067	0.2920465726359635
SimSpace	Deptor	deep	deep	612	3.5751633986928106	2.0	0.8300653594771242	0.3823516851724821
SimSpace	Deptor	deep	inner	625	1.92	1.0	0.7344	0.205337533887145
SimSpace	Tshz2	inner	superficial	1317	0.6469248291571754	0.0	0.3363705391040243	0.06360090188771773
SimSpace	Tshz2	inner	middle	806	1.7009925558312655	1.0	0.6910669975186104	0.16722910573104352
SimSpace	Tshz2	inner	deep	612	3.447712418300654	2.0	0.8415032679738562	0.33895378469100423
SimSpace	Tshz2	inner	inner	625	4.376	2.0	0.8128	0.4302162076902345
SimSpace	Foxp2	inner	superficial	1317	0.466211085801063	0.0	0.2642369020501139	0.07165324342274888
SimSpace	Foxp2	inner	middle	806	0.7555831265508685	0.0	0.4305210918114144	0.11612761545522993
SimSpace	Foxp2	inner	deep	612	2.0718954248366015	1.0	0.7598039215686274	0.3184352147422879
SimSpace	Foxp2	inner	inner	625	3.2128	2.0	0.8256	0.4937839263797333
SimSpace	Sulf2	inner	superficial	1317	0.39787395596051633	0.0	0.21943811693242218	0.06042197150279687
SimSpace	Sulf2	inner	middle	806	0.9205955334987593	0.0	0.4851116625310174	0.1398035640618409
SimSpace	Sulf2	inner	deep	612	1.9640522875816993	1.0	0.7238562091503268	0.2982650901685081
SimSpace	Sulf2	inner	inner	625	3.3024	2.0	0.88	0.501509374266854
SimSpace	Ctgf	inner	superficial	1317	0.4411541381928626	0.0	0.31359149582384205	0.12776583040372164
SimSpace	Ctgf	inner	middle	806	0.6104218362282878	0.0	0.43300248138957814	0.1767886687445644
SimSpace	Ctgf	inner	deep	612	1.0604575163398693	1.0	0.6013071895424836	0.3071267465336534
SimSpace	Ctgf	inner	inner	625	1.3408	1.0	0.6608	0.3883187543180606
