dataset	topology	difficulty	domain_fold_change	layout_seed	method	method_display	method_seed	status	wall_time_seconds	peak_rss_mb	error_type	error_message	truth_boundary_fraction	domain_cell_type_nmi	adjusted_rand_index	normalized_mutual_information	boundary_precision	boundary_recall	boundary_f1	produced_cluster_count
curved_layers_seed0_hard	curved_layers	hard	2.0	0	graphst	GraphST	100000	success	87.59479274996556	1199.0			0.13733333333333334	0.023333842938998345	0.929139401425286	0.8907093899382423	0.8126195028680688	1.0	0.8966244725738397	4.0
curved_layers_seed0_hard	curved_layers	hard	2.0	0	stagate	STAGATE	100000	success	224.77123966696672	1267.734375			0.13733333333333334	0.023333842938998345	0.9744842496900518	0.9516579763479973	1.0	1.0	1.0	4.0
curved_layers_seed0_hard	curved_layers	hard	2.0	0	banksy	BANKSY	100000	success	16.235				0.13733333333333334	0.023333842938998345	0.3127643858392431	0.38915558975830117	0.4	0.33495145631067963	0.3645970937912814	4.0
curved_layers_seed0_hard	curved_layers	hard	2.0	0	spagcn	SpaGCN	100000	success	10.651859582867473	865.984375			0.13733333333333334	0.023333842938998345	0.010397478306573069	0.01742179633893519	0.2755272849012387	1.0	0.43202099737532806	4.0
curved_layers_seed0_hard	curved_layers	hard	2.0	0	spclue	spCLUE	100000	success	22.678910083137453	1191.171875			0.13733333333333334	0.023333842938998345	0.9513238565530758	0.9194702725454286	1.0	0.9733009708737864	0.9864698646986471	4.0
curved_layers_seed0_hard	curved_layers	hard	2.0	0	stlearn	stLearn	100000	success	7.777120375074446	2221.78125			0.13733333333333334	0.023333842938998345	-0.01318545827267017	0.017468355365266985	0.2747093023255814	1.0	0.43101482326111745	4.0
curved_layers_seed0_hard	curved_layers	hard	2.0	0	expression_pca_kmeans	Expression-only control	100000	success	0.5649648341350257	379.578125			0.13733333333333334	0.023333842938998345	-0.00812777062090323	0.012798720397387832	0.2720714531088973	1.0	0.42776127464218205	4.0
curved_layers_seed0_moderate	curved_layers	moderate	3.0	0	graphst	GraphST	100000	success	89.05573574989103	1199.625			0.13733333333333334	0.023333842938998345	0.9719377421786457	0.9501336908868016	1.0	1.0	1.0	4.0
curved_layers_seed0_moderate	curved_layers	moderate	3.0	0	stagate	STAGATE	100000	success	226.62212412501685	1267.453125			0.13733333333333334	0.023333842938998345	0.9719041767909326	0.948493881424094	1.0	1.0	1.0	4.0
curved_layers_seed0_moderate	curved_layers	moderate	3.0	0	banksy	BANKSY	100000	success	16.155				0.13733333333333334	0.023333842938998345	0.23138721721338654	0.3061093740132689	0.37058823529411766	0.2936893203883495	0.32768774448695354	4.0
curved_layers_seed0_moderate	curved_layers	moderate	3.0	0	spagcn	SpaGCN	100000	success	5.48413391597569	912.640625			0.13733333333333334	0.023333842938998345	0.9982523381088677	0.9961778606128816	1.0	1.0	1.0	4.0
curved_layers_seed0_moderate	curved_layers	moderate	3.0	0	spclue	spCLUE	100000	success	20.45437958301045	1175.578125			0.13733333333333334	0.023333842938998345	0.9537971330794721	0.9228553375823758	1.0	0.9805825242718447	0.9901960784313726	4.0
curved_layers_seed0_moderate	curved_layers	moderate	3.0	0	stlearn	stLearn	100000	success	7.557321457890794	2610.15625			0.13733333333333334	0.023333842938998345	-0.006659129254723789	0.015097228927174522	0.27540650406504064	1.0	0.43187250996015936	4.0
curved_layers_seed0_moderate	curved_layers	moderate	3.0	0	expression_pca_kmeans	Expression-only control	100000	success	0.5545149999670684	361.96875			0.13733333333333334	0.023333842938998345	-0.013857613237738247	0.013265841702428111	0.26722566532993075	1.0	0.4217491369390104	4.0
curved_layers_seed0_easy	curved_layers	easy	4.0	0	graphst	GraphST	100000	success	87.89849879220128	1193.21875			0.13733333333333334	0.023333842938998345	0.975643273375937	0.9549230990782097	1.0	1.0	1.0	4.0
curved_layers_seed0_easy	curved_layers	easy	4.0	0	stagate	STAGATE	100000	success	224.78323529218324	1238.125			0.13733333333333334	0.023333842938998345	0.9737986346968249	0.9512785982417332	1.0	1.0	1.0	4.0
curved_layers_seed0_easy	curved_layers	easy	4.0	0	banksy	BANKSY	100000	success	17.28				0.13733333333333334	0.023333842938998345	0.25649220033362213	0.3618294876282285	0.4292682926829268	0.1966019417475728	0.26968842814173016	4.0
curved_layers_seed0_easy	curved_layers	easy	4.0	0	spagcn	SpaGCN	100000	success	5.144387457985431	850.578125			0.13733333333333334	0.023333842938998345	0.9925177488066962	0.986114092623274	0.9645390070921985	1.0	0.9819494584837545	4.0
curved_layers_seed0_easy	curved_layers	easy	4.0	0	spclue	spCLUE	100000	success	20.769787209108472	1168.09375			0.13733333333333334	0.023333842938998345	0.9537997974465657	0.9230380174667543	1.0	0.9805825242718447	0.9901960784313726	4.0
curved_layers_seed0_easy	curved_layers	easy	4.0	0	stlearn	stLearn	100000	success	7.433512666961178	2582.078125			0.13733333333333334	0.023333842938998345	1.0	1.0	1.0	1.0	1.0	4.0
curved_layers_seed0_easy	curved_layers	easy	4.0	0	expression_pca_kmeans	Expression-only control	100000	success	0.5650447078514844	381.65625			0.13733333333333334	0.023333842938998345	1.0	1.0	1.0	1.0	1.0	4.0
curved_layers_seed1_hard	curved_layers	hard	2.0	1	graphst	GraphST	100001	success	90.15678262501024	1203.453125			0.12966666666666668	0.02162464714437553	0.9283414583567693	0.8809047412271763	0.7767175572519084	0.9948586118251928	0.8723578068793251	4.0
curved_layers_seed1_hard	curved_layers	hard	2.0	1	stagate	STAGATE	100001	success	225.17046350007877	1284.46875			0.12966666666666668	0.02162464714437553	0.9687120416166953	0.9411822022613764	1.0	0.9948586118251928	0.9974226804123711	4.0
curved_layers_seed1_hard	curved_layers	hard	2.0	1	banksy	BANKSY	100001	success	16.15				0.12966666666666668	0.02162464714437553	0.1986118425521662	0.2993311779871001	0.4296577946768061	0.31362467866323906	0.3625843272885078	4.0
curved_layers_seed1_hard	curved_layers	hard	2.0	1	spagcn	SpaGCN	100001	success	5.635941250016913	872.203125			0.12966666666666668	0.02162464714437553	0.011855655944881688	0.009457202402106367	0.2623115577889447	1.0	0.41560509554140124	4.0
curved_layers_seed1_hard	curved_layers	hard	2.0	1	spclue	spCLUE	100001	invalid_output	20.962040458107367	1182.9375	ValueError	Expected four nonempty clusters, found 3	0.12966666666666668	0.02162464714437553						
curved_layers_seed1_hard	curved_layers	hard	2.0	1	stlearn	stLearn	100001	success	7.618389165960252	2602.390625			0.12966666666666668	0.02162464714437553	0.0069404548285366295	0.01153112561177583	0.2625923438549362	1.0	0.4159574468085106	4.0
curved_layers_seed1_hard	curved_layers	hard	2.0	1	expression_pca_kmeans	Expression-only control	100001	success	0.5547760420013219	382.0			0.12966666666666668	0.02162464714437553	0.00405546748858379	0.013637075883749251	0.26347505858721126	1.0	0.41706412294647593	4.0
curved_layers_seed1_moderate	curved_layers	moderate	3.0	1	graphst	GraphST	100001	success	89.58960100007243	1195.390625			0.12966666666666668	0.02162464714437553	0.973405648718686	0.9484181186158955	1.0	0.9922879177377892	0.9961290322580645	4.0
curved_layers_seed1_moderate	curved_layers	moderate	3.0	1	stagate	STAGATE	100001	success	225.1285224170424	1252.109375			0.12966666666666668	0.02162464714437553	0.9730525192446765	0.9486913606422461	1.0	0.9948586118251928	0.9974226804123711	4.0
curved_layers_seed1_moderate	curved_layers	moderate	3.0	1	banksy	BANKSY	100001	success	15.805				0.12966666666666668	0.02162464714437553	0.3504470780094449	0.42645049661395246	0.4612676056338028	0.35732647814910024	0.4026980704373307	4.0
curved_layers_seed1_moderate	curved_layers	moderate	3.0	1	spagcn	SpaGCN	100001	success	5.281562292017043	866.703125			0.12966666666666668	0.02162464714437553	0.9975729603614566	0.9932950672010924	0.9873096446700508	1.0	0.9936143039591315	4.0
curved_layers_seed1_moderate	curved_layers	moderate	3.0	1	spclue	spCLUE	100001	success	18.63194829178974	1200.828125			0.12966666666666668	0.02162464714437553	0.9548689096628974	0.923110993159813	1.0	0.9922879177377892	0.9961290322580645	4.0
curved_layers_seed1_moderate	curved_layers	moderate	3.0	1	stlearn	stLearn	100001	success	7.674208292039111	2600.421875			0.12966666666666668	0.02162464714437553	0.3750936468573525	0.43064916982431833	0.26550145651269247	0.9922879177377892	0.4189157466786874	4.0
curved_layers_seed1_moderate	curved_layers	moderate	3.0	1	expression_pca_kmeans	Expression-only control	100001	success	0.5575160412117839	384.421875			0.12966666666666668	0.02162464714437553	0.3930426451970168	0.43188479143756914	0.2627324171382377	0.9820051413881749	0.41455258206321305	4.0
curved_layers_seed1_easy	curved_layers	easy	4.0	1	graphst	GraphST	100001	success	88.60638675000519	1189.375			0.12966666666666668	0.02162464714437553	0.9743499437656555	0.9489642890349238	1.0	0.987146529562982	0.9935316946959897	4.0
curved_layers_seed1_easy	curved_layers	easy	4.0	1	stagate	STAGATE	100001	success	225.7830570829101	1263.078125			0.12966666666666668	0.02162464714437553	0.974553336562869	0.9506289409985755	1.0	0.9948586118251928	0.9974226804123711	4.0
curved_layers_seed1_easy	curved_layers	easy	4.0	1	banksy	BANKSY	100001	success	16.56				0.12966666666666668	0.02162464714437553	0.30996091456287317	0.42966749128798815	0.3938618925831202	0.43444730077120824	0.4131602968607374	4.0
curved_layers_seed1_easy	curved_layers	easy	4.0	1	spagcn	SpaGCN	100001	success	5.054615250090137	869.796875			0.12966666666666668	0.02162464714437553	0.9977210653634283	0.9943058170169513	1.0	1.0	1.0	4.0
curved_layers_seed1_easy	curved_layers	easy	4.0	1	spclue	spCLUE	100001	success	17.600720250047743	1223.46875			0.12966666666666668	0.02162464714437553	0.9548689096628974	0.923110993159813	1.0	0.9922879177377892	0.9961290322580645	4.0
curved_layers_seed1_easy	curved_layers	easy	4.0	1	stlearn	stLearn	100001	success	7.59905183291994	2606.453125			0.12966666666666668	0.02162464714437553	1.0	1.0	1.0	1.0	1.0	4.0
curved_layers_seed1_easy	curved_layers	easy	4.0	1	expression_pca_kmeans	Expression-only control	100001	success	0.5523547080811113	364.875			0.12966666666666668	0.02162464714437553	1.0	1.0	1.0	1.0	1.0	4.0
curved_layers_seed2_hard	curved_layers	hard	2.0	2	graphst	GraphST	100002	success	88.74415133311413	1194.953125			0.138	0.01729094927840733	0.9170502188327485	0.8722772247444449	0.8555133079847909	0.9782608695652174	0.9127789046653144	4.0
curved_layers_seed2_hard	curved_layers	hard	2.0	2	stagate	STAGATE	100002	success	225.68023704201914	1244.484375			0.138	0.01729094927840733	0.970177065744005	0.9463524842670673	1.0	0.9927536231884058	0.9963636363636363	4.0
curved_layers_seed2_hard	curved_layers	hard	2.0	2	banksy	BANKSY	100002	success	16.806				0.138	0.01729094927840733	0.3814140128306925	0.40958285326482385	0.32047477744807124	0.32367149758454106	0.3220652052965394	4.0
curved_layers_seed2_hard	curved_layers	hard	2.0	2	spagcn	SpaGCN	100002	success	5.244351708097383	857.40625			0.138	0.01729094927840733	0.0041024100919229605	0.006830339154655682	0.28169014084507044	1.0	0.43956043956043955	4.0
curved_layers_seed2_hard	curved_layers	hard	2.0	2	spclue	spCLUE	100002	success	17.599845292046666	1235.265625			0.138	0.01729094927840733	0.9466466647677512	0.9156279188534466	1.0	0.9734299516908212	0.9865361077111383	4.0
curved_layers_seed2_hard	curved_layers	hard	2.0	2	stlearn	stLearn	100002	success	7.514972917037085	2596.265625			0.138	0.01729094927840733	0.004726265567976986	0.008941473212417653	0.28074324324324323	1.0	0.4384067528356634	4.0
curved_layers_seed2_hard	curved_layers	hard	2.0	2	expression_pca_kmeans	Expression-only control	100002	success	0.5539565829094499	380.71875			0.138	0.01729094927840733	0.008152639560354067	0.006821571495431875	0.2795847750865052	1.0	0.43699296917252567	4.0
curved_layers_seed2_moderate	curved_layers	moderate	3.0	2	graphst	GraphST	100002	success	89.37002849997953	1203.8125			0.138	0.01729094927840733	0.9759653516413094	0.9561915021359724	1.0	0.9951690821256038	0.9975786924939467	4.0
curved_layers_seed2_moderate	curved_layers	moderate	3.0	2	stagate	STAGATE	100002	success	226.3501982910093	1235.125			0.138	0.01729094927840733	0.9729596002292704	0.9524236094786378	1.0	0.9879227053140096	0.9939246658566221	4.0
curved_layers_seed2_moderate	curved_layers	moderate	3.0	2	banksy	BANKSY	100002	success	15.401				0.138	0.01729094927840733	0.335326716128762	0.4348290175346402	0.45098039215686275	0.391304347826087	0.4190283400809717	4.0
curved_layers_seed2_moderate	curved_layers	moderate	3.0	2	spagcn	SpaGCN	100002	success	5.165105417137966	851.765625			0.138	0.01729094927840733	1.0	1.0	1.0	1.0	1.0	4.0
curved_layers_seed2_moderate	curved_layers	moderate	3.0	2	spclue	spCLUE	100002	success	17.57719675009139	1227.65625			0.138	0.01729094927840733	0.9523193860376268	0.9238502745801024	1.0	0.9782608695652174	0.989010989010989	4.0
curved_layers_seed2_moderate	curved_layers	moderate	3.0	2	stlearn	stLearn	100002	success	7.691160541027784	2587.5625			0.138	0.01729094927840733	0.7167643636633981	0.7276158056310494	0.3429869392390687	0.9951690821256038	0.5101497763400124	4.0
curved_layers_seed2_moderate	curved_layers	moderate	3.0	2	expression_pca_kmeans	Expression-only control	100002	success	0.5630073749925941	384.171875			0.138	0.01729094927840733	0.3799924293579944	0.42165537624625704	0.2867368421052632	0.9927536231884058	0.4449568740416785	4.0
curved_layers_seed2_easy	curved_layers	easy	4.0	2	graphst	GraphST	100002	success	88.94516887515783	1191.984375			0.138	0.01729094927840733	0.9812159528488932	0.9645308514571002	1.0	1.0	1.0	4.0
curved_layers_seed2_easy	curved_layers	easy	4.0	2	stagate	STAGATE	100002	success	227.42375341709703	1257.140625			0.138	0.01729094927840733	0.9704281264115076	0.9488885485044644	1.0	0.9879227053140096	0.9939246658566221	4.0
curved_layers_seed2_easy	curved_layers	easy	4.0	2	banksy	BANKSY	100002	success	16.521				0.138	0.01729094927840733	0.3356051141032342	0.4354076151327952	0.5789473684210527	0.45652173913043476	0.5104972375690607	4.0
curved_layers_seed2_easy	curved_layers	easy	4.0	2	spagcn	SpaGCN	100002	success	4.887758958153427	876.21875			0.138	0.01729094927840733	0.998341272487114	0.9962132721360178	1.0	1.0	1.0	4.0
curved_layers_seed2_easy	curved_layers	easy	4.0	2	spclue	spCLUE	100002	success	17.479804249946028	1229.3125			0.138	0.01729094927840733	0.9523193860376268	0.9238502745801024	1.0	0.9782608695652174	0.989010989010989	4.0
curved_layers_seed2_easy	curved_layers	easy	4.0	2	stlearn	stLearn	100002	success	7.606915584066883	2601.625			0.138	0.01729094927840733	1.0	1.0	1.0	1.0	1.0	4.0
curved_layers_seed2_easy	curved_layers	easy	4.0	2	expression_pca_kmeans	Expression-only control	100002	success	0.5582368329633027	358.96875			0.138	0.01729094927840733	1.0	1.0	1.0	1.0	1.0	4.0
irregular_mrf_seed0_hard	irregular_mrf	hard	2.0	0	graphst	GraphST	100100	success	90.70975158410147	1196.28125			0.29233333333333333	0.009254599872580253	0.8398946058773041	0.7864465177313422	0.9588859416445623	0.8859749144811858	0.9209896641525859	4.0
irregular_mrf_seed0_hard	irregular_mrf	hard	2.0	0	stagate	STAGATE	100100	success	225.9140409999527	1270.796875			0.29233333333333333	0.009254599872580253	0.8722335459071954	0.8198975043230198	1.0	0.8597491448118586	0.9245861434702637	4.0
irregular_mrf_seed0_hard	irregular_mrf	hard	2.0	0	banksy	BANKSY	100100	success	16.373				0.29233333333333333	0.009254599872580253	0.21332814300130698	0.2350375889040359	0.5595854922279793	0.314709236031927	0.40285436263379826	4.0
irregular_mrf_seed0_hard	irregular_mrf	hard	2.0	0	spagcn	SpaGCN	100100	success	5.224188833031803	872.109375			0.29233333333333333	0.009254599872580253	0.003717360984588605	0.008666744538707338	0.5310485239226331	1.0	0.6937056737588653	4.0
irregular_mrf_seed0_hard	irregular_mrf	hard	2.0	0	spclue	spCLUE	100100	success	27.409251666860655	1234.140625			0.29233333333333333	0.009254599872580253	0.8499406374935063	0.792997372873764	1.0	0.8072976054732041	0.8933753943217665	4.0
irregular_mrf_seed0_hard	irregular_mrf	hard	2.0	0	stlearn	stLearn	100100	success	7.596696249907836	2592.8125			0.29233333333333333	0.009254599872580253	0.0029133378286867206	0.005128483545687115	0.527345164795364	0.9977194982896237	0.6899937635179066	4.0
irregular_mrf_seed0_hard	irregular_mrf	hard	2.0	0	expression_pca_kmeans	Expression-only control	100100	success	0.5540701660793275	377.265625			0.29233333333333333	0.009254599872580253	0.0021844837595362985	0.0067886342873581754	0.5343221800620904	1.0	0.6964928057553956	4.0
irregular_mrf_seed0_moderate	irregular_mrf	moderate	3.0	0	graphst	GraphST	100100	success	90.14031849987805	1210.34375			0.29233333333333333	0.009254599872580253	0.8876683172723456	0.836524580935379	1.0	0.8620296465222349	0.9259032455603183	4.0
irregular_mrf_seed0_moderate	irregular_mrf	moderate	3.0	0	stagate	STAGATE	100100	success	226.1087670829147	1264.453125			0.29233333333333333	0.009254599872580253	0.8804664186598862	0.8284624102743431	1.0	0.8586088939566705	0.9239263803680982	4.0
irregular_mrf_seed0_moderate	irregular_mrf	moderate	3.0	0	banksy	BANKSY	100100	success	17.684				0.29233333333333333	0.009254599872580253	0.2026769446011844	0.2354710344806196	0.6976744186046512	0.3112884834663626	0.43049751636048256	4.0
irregular_mrf_seed0_moderate	irregular_mrf	moderate	3.0	0	spagcn	SpaGCN	100100	success	5.508884749840945	887.34375			0.29233333333333333	0.009254599872580253	0.636772774325438	0.7118877869285989	0.6134543513080619	0.9737742303306728	0.7527158289592536	4.0
irregular_mrf_seed0_moderate	irregular_mrf	moderate	3.0	0	spclue	spCLUE	100100	success	19.84025950008072	1200.03125			0.29233333333333333	0.009254599872580253	0.8541036606499459	0.79792484318974	1.0	0.8323831242873432	0.9085252022401991	4.0
irregular_mrf_seed0_moderate	irregular_mrf	moderate	3.0	0	stlearn	stLearn	100100	success	7.594637209083885	2619.15625			0.29233333333333333	0.009254599872580253	0.0033368219785865107	0.003524713983486293	0.531637094074322	1.0	0.6942076502732241	4.0
irregular_mrf_seed0_moderate	irregular_mrf	moderate	3.0	0	expression_pca_kmeans	Expression-only control	100100	success	0.5518991660792381	364.234375			0.29233333333333333	0.009254599872580253	0.0035969926595278896	0.003521827232515883	0.530467163168585	1.0	0.6932094669320946	4.0
irregular_mrf_seed0_easy	irregular_mrf	easy	4.0	0	graphst	GraphST	100100	success	88.84842679114081	1186.703125			0.29233333333333333	0.009254599872580253	0.8943296685016808	0.8443254463868135	1.0	0.8540478905359179	0.9212792127921279	4.0
irregular_mrf_seed0_easy	irregular_mrf	easy	4.0	0	stagate	STAGATE	100100	success	226.4818407499697	1241.046875			0.29233333333333333	0.009254599872580253	0.8849269971524107	0.8341359955784505	1.0	0.855188141391106	0.9219422249539029	4.0
irregular_mrf_seed0_easy	irregular_mrf	easy	4.0	0	banksy	BANKSY	100100	success	17.416				0.29233333333333333	0.009254599872580253	0.17874733921823396	0.23582147127655523	0.6826568265682657	0.27936145952109465	0.3964748075577327	4.0
irregular_mrf_seed0_easy	irregular_mrf	easy	4.0	0	spagcn	SpaGCN	100100	success	4.877895666984841	858.765625			0.29233333333333333	0.009254599872580253	0.9735314821493253	0.954796646466436	1.0	0.9874572405929305	0.993689041881813	4.0
irregular_mrf_seed0_easy	irregular_mrf	easy	4.0	0	spclue	spCLUE	100100	success	17.684641333995387	1195.265625			0.29233333333333333	0.009254599872580253	0.8539608268008079	0.7979003504163228	1.0	0.8403648802736602	0.9132589838909541	4.0
irregular_mrf_seed0_easy	irregular_mrf	easy	4.0	0	stlearn	stLearn	100100	success	7.478285833960399	2597.125			0.29233333333333333	0.009254599872580253	1.0	1.0	1.0	1.0	1.0	4.0
irregular_mrf_seed0_easy	irregular_mrf	easy	4.0	0	expression_pca_kmeans	Expression-only control	100100	success	0.5605164580047131	383.078125			0.29233333333333333	0.009254599872580253	1.0	1.0	1.0	1.0	1.0	4.0
irregular_mrf_seed1_hard	irregular_mrf	hard	2.0	1	graphst	GraphST	100101	success	89.08804487506859	1191.359375			0.2813333333333333	0.009185926282668391	0.8680672815393622	0.8091974626527476	0.953257790368272	0.8791469194312796	0.9147036627272261	4.0
irregular_mrf_seed1_hard	irregular_mrf	hard	2.0	1	stagate	STAGATE	100101	success	226.3429753750097	1239.25			0.2813333333333333	0.009185926282668391	0.888831716256489	0.8342688127538453	1.0	0.8992890995260664	0.9469744229569557	4.0
irregular_mrf_seed1_hard	irregular_mrf	hard	2.0	1	banksy	BANKSY	100101	success	16.901				0.2813333333333333	0.009185926282668391	0.06819927497960479	0.09883738835627649	0.4759036144578313	0.1966824644549763	0.2783343237965871	4.0
irregular_mrf_seed1_hard	irregular_mrf	hard	2.0	1	spagcn	SpaGCN	100101	success	5.263550166040659	898.765625			0.2813333333333333	0.009185926282668391	0.005936623274584038	0.010221038567304027	0.5141414141414141	1.0	0.6791194129419613	4.0
irregular_mrf_seed1_hard	irregular_mrf	hard	2.0	1	spclue	spCLUE	100101	success	17.562072208849713	1214.171875			0.2813333333333333	0.009185926282668391	0.840575323248807	0.7767241050838359	1.0	0.8329383886255924	0.9088558500323206	4.0
irregular_mrf_seed1_hard	irregular_mrf	hard	2.0	1	stlearn	stLearn	100101	success	7.609200250124559	2618.796875			0.2813333333333333	0.009185926282668391	0.00734458603986319	0.004388887384615998	0.5128294036061026	1.0	0.6779738711895484	4.0
irregular_mrf_seed1_hard	irregular_mrf	hard	2.0	1	expression_pca_kmeans	Expression-only control	100101	success	0.546329541830346	363.40625			0.2813333333333333	0.009185926282668391	-0.004824666555523474	0.005865986948173156	0.5157466982729427	1.0	0.6805183199285076	4.0
irregular_mrf_seed1_moderate	irregular_mrf	moderate	3.0	1	graphst	GraphST	100101	success	90.42886558407918	1190.953125			0.2813333333333333	0.009185926282668391	0.9067687007589924	0.8582516321837143	1.0	0.8815165876777251	0.9370277078085643	4.0
irregular_mrf_seed1_moderate	irregular_mrf	moderate	3.0	1	stagate	STAGATE	100101	success	226.54238579119556	1272.171875			0.2813333333333333	0.009185926282668391	0.889587065431231	0.8356547858997991	1.0	0.8862559241706162	0.9396984924623115	4.0
irregular_mrf_seed1_moderate	irregular_mrf	moderate	3.0	1	banksy	BANKSY	100101	success	17.229				0.2813333333333333	0.009185926282668391	0.10917648841437515	0.14439985021524132	0.6111111111111112	0.2772511848341232	0.3814463544754001	4.0
irregular_mrf_seed1_moderate	irregular_mrf	moderate	3.0	1	spagcn	SpaGCN	100101	success	4.987735582981259	891.546875			0.2813333333333333	0.009185926282668391	0.976910752219898	0.9584826036383108	1.0	0.9585308056872038	0.9788263762855415	4.0
irregular_mrf_seed1_moderate	irregular_mrf	moderate	3.0	1	spclue	spCLUE	100101	success	17.633044708054513	1209.4375			0.2813333333333333	0.009185926282668391	0.8434090660179117	0.779554006879966	1.0	0.8376777251184834	0.9116698903932947	4.0
irregular_mrf_seed1_moderate	irregular_mrf	moderate	3.0	1	stlearn	stLearn	100101	success	7.579399083042517	2623.703125			0.2813333333333333	0.009185926282668391	0.38095273091261034	0.41860049539070665	0.5459437086092715	0.9976303317535545	0.7056998743132663	4.0
irregular_mrf_seed1_moderate	irregular_mrf	moderate	3.0	1	expression_pca_kmeans	Expression-only control	100101	success	0.5586045421659946	359.859375			0.2813333333333333	0.009185926282668391	0.3590159904564858	0.414491289499842	0.5505112474437628	1.0	0.7101028752308098	4.0
irregular_mrf_seed1_easy	irregular_mrf	easy	4.0	1	graphst	GraphST	100101	success	89.22606462519616	1196.90625			0.2813333333333333	0.009185926282668391	0.9063997586340274	0.8563142467950342	1.0	0.8827014218009479	0.9376966645689113	4.0
irregular_mrf_seed1_easy	irregular_mrf	easy	4.0	1	stagate	STAGATE	100101	success	223.6914406248834	1246.3125			0.2813333333333333	0.009185926282668391	0.8907060772173316	0.835331246771732	1.0	0.8981042654028436	0.9463171036204744	4.0
irregular_mrf_seed1_easy	irregular_mrf	easy	4.0	1	banksy	BANKSY	100101	success	17.149				0.2813333333333333	0.009185926282668391	0.13101658717936052	0.17913454989297545	0.4227941176470588	0.1504739336492891	0.2219537400079025	4.0
irregular_mrf_seed1_easy	irregular_mrf	easy	4.0	1	spagcn	SpaGCN	100101	success	4.788674416951835	843.609375			0.2813333333333333	0.009185926282668391	0.9826448685909827	0.9685330504658475	0.996309963099631	0.985781990521327	0.9910180169051862	4.0
irregular_mrf_seed1_easy	irregular_mrf	easy	4.0	1	spclue	spCLUE	100101	success	17.567621916998178	1219.109375			0.2813333333333333	0.009185926282668391	0.8416794047675812	0.7766240448840487	1.0	0.8388625592417062	0.9123711340206186	4.0
irregular_mrf_seed1_easy	irregular_mrf	easy	4.0	1	stlearn	stLearn	100101	success	7.735280791064724	2598.75			0.2813333333333333	0.009185926282668391	1.0	1.0	1.0	1.0	1.0	4.0
irregular_mrf_seed1_easy	irregular_mrf	easy	4.0	1	expression_pca_kmeans	Expression-only control	100101	success	0.5503768341150135	379.359375			0.2813333333333333	0.009185926282668391	1.0	1.0	1.0	1.0	1.0	4.0
irregular_mrf_seed2_hard	irregular_mrf	hard	2.0	2	graphst	GraphST	100102	success	88.36735104187392	1198.625			0.26866666666666666	0.009683478708213858	0.8502404939599284	0.7870986265305772	0.9144460028050491	0.8771712158808933	0.8954208563883361	4.0
irregular_mrf_seed2_hard	irregular_mrf	hard	2.0	2	stagate	STAGATE	100102	success	225.01904966612346	1265.5			0.26866666666666666	0.009683478708213858	0.8934869287049796	0.8411440328985131	1.0	0.8424317617866005	0.9144781144781146	4.0
irregular_mrf_seed2_hard	irregular_mrf	hard	2.0	2	banksy	BANKSY	100102	success	16.917				0.26866666666666666	0.009683478708213858	0.20278047132837276	0.19777500298594206	0.7128712871287128	0.3188585607940447	0.4406291300051198	4.0
irregular_mrf_seed2_hard	irregular_mrf	hard	2.0	2	spagcn	SpaGCN	100102	success	5.203248125035316	882.1875			0.26866666666666666	0.009683478708213858	0.0013976777358427187	0.004074584394591827	0.4917867918203151	1.0	0.6593258426966292	4.0
irregular_mrf_seed2_hard	irregular_mrf	hard	2.0	2	spclue	spCLUE	100102	success	27.181780125014484	1231.15625			0.26866666666666666	0.009683478708213858	0.85731765890481	0.79286966793852	1.0	0.8238213399503722	0.9034013605442177	4.0
irregular_mrf_seed2_hard	irregular_mrf	hard	2.0	2	stlearn	stLearn	100102	success	7.678659582976252	2616.359375			0.26866666666666666	0.009683478708213858	6.927724549755561e-05	0.00886003474654246	0.4947330185252452	0.9975186104218362	0.6614238290593334	4.0
irregular_mrf_seed2_hard	irregular_mrf	hard	2.0	2	expression_pca_kmeans	Expression-only control	100102	success	0.5591190000995994	382.140625			0.26866666666666666	0.009683478708213858	0.0017767246005040277	0.007892217658772524	0.48839738941261784	0.9950372208436724	0.6552005429406494	4.0
irregular_mrf_seed2_moderate	irregular_mrf	moderate	3.0	2	graphst	GraphST	100102	success	88.6464355001226	1199.296875			0.26866666666666666	0.009683478708213858	0.9052058099853602	0.851147507804742	1.0	0.847394540942928	0.9173942243116185	4.0
irregular_mrf_seed2_moderate	irregular_mrf	moderate	3.0	2	stagate	STAGATE	100102	success	225.25503079220653	1251.8125			0.26866666666666666	0.009683478708213858	0.8969405595520807	0.8428976928627708	1.0	0.8461538461538461	0.9166666666666666	4.0
irregular_mrf_seed2_moderate	irregular_mrf	moderate	3.0	2	banksy	BANKSY	100102	success	17.611				0.26866666666666666	0.009683478708213858	0.18141144992500555	0.21314481181348302	0.5537974683544303	0.2803970223325062	0.37229486129545425	4.0
irregular_mrf_seed2_moderate	irregular_mrf	moderate	3.0	2	spagcn	SpaGCN	100102	success	4.829697833862156	885.96875			0.26866666666666666	0.009683478708213858	0.9771108412085266	0.9562210975585623	1.0	0.9714640198511166	0.9855254877281309	4.0
irregular_mrf_seed2_moderate	irregular_mrf	moderate	3.0	2	spclue	spCLUE	100102	success	17.36540179187432	1167.921875			0.26866666666666666	0.009683478708213858	0.8653556424916139	0.8017819802699543	1.0	0.8312655086848635	0.9078590785907859	4.0
irregular_mrf_seed2_moderate	irregular_mrf	moderate	3.0	2	stlearn	stLearn	100102	success	7.565165709005669	2610.46875			0.26866666666666666	0.009683478708213858	6.927724549755561e-05	0.00886003474654246	0.4947330185252452	0.9975186104218362	0.6614238290593334	4.0
irregular_mrf_seed2_moderate	irregular_mrf	moderate	3.0	2	expression_pca_kmeans	Expression-only control	100102	success	0.5480340421199799	364.703125			0.26866666666666666	0.009683478708213858	0.30147153800016335	0.38046812357507526	0.5002012072434607	0.9851116625310173	0.6635020175142556	4.0
irregular_mrf_seed2_easy	irregular_mrf	easy	4.0	2	graphst	GraphST	100102	success	89.5681093330495	1196.78125			0.26866666666666666	0.009683478708213858	0.9092483805920228	0.8577710787761694	1.0	0.8486352357320099	0.9181208053691275	4.0
irregular_mrf_seed2_easy	irregular_mrf	easy	4.0	2	stagate	STAGATE	100102	success	224.70746470894665	1246.9375			0.26866666666666666	0.009683478708213858	0.9000574887546837	0.8477063633488241	0.9946524064171123	0.8424317617866005	0.9122355889905341	4.0
irregular_mrf_seed2_easy	irregular_mrf	easy	4.0	2	banksy	BANKSY	100102	success	16.726				0.26866666666666666	0.009683478708213858	0.22361524723023996	0.2416887033291172	0.6090909090909091	0.2890818858560794	0.39207856138235886	4.0
irregular_mrf_seed2_easy	irregular_mrf	easy	4.0	2	spagcn	SpaGCN	100102	success	4.7477489579468966	859.28125			0.26866666666666666	0.009683478708213858	0.9820992259410299	0.9647673122888376	1.0	0.9751861042183623	0.9874371859296482	4.0
irregular_mrf_seed2_easy	irregular_mrf	easy	4.0	2	spclue	spCLUE	100102	success	17.664683082839474	1221.265625			0.26866666666666666	0.009683478708213858	0.865407956616241	0.8018861492444636	1.0	0.8312655086848635	0.9078590785907859	4.0
irregular_mrf_seed2_easy	irregular_mrf	easy	4.0	2	stlearn	stLearn	100102	success	7.602857666090131	2609.234375			0.26866666666666666	0.009683478708213858	1.0	1.0000000000000002	1.0	1.0	1.0	4.0
irregular_mrf_seed2_easy	irregular_mrf	easy	4.0	2	expression_pca_kmeans	Expression-only control	100102	success	0.553619832964614	380.0625			0.26866666666666666	0.009683478708213858	1.0	1.0000000000000002	1.0	1.0	1.0	4.0
