Evidence ID	Method	Claim scope	Audit version	Evidence type	Primary source	Locator or section	Source URL	Accessed
E001	SimSpace	Version, license, Python API, source availability	0.3.2	Versioned source	SimSpace source tree	pyproject.toml; setup.py; README; commit ecf2855	https://github.com/TianxiaoNYU/simspace/tree/ecf2855612871498dc89b8d43169229dfb8f6057	2026-07-23
E002	SimSpace	User interface, optional molecular engines, examples and documentation	0.3.2	Versioned source	SimSpace README	Quick start; expression simulation; documentation and reproducibility links	https://github.com/TianxiaoNYU/simspace/blob/ecf2855612871498dc89b8d43169229dfb8f6057/README.md	2026-07-23
E003	SimSpace	2-D/3-D coordinates, niches, cell states, interaction matrices, seeds, metadata	0.3.2	Versioned source	SimSpace core.py	SimSpace; initialize; create_niche; gibbs_sampler; 3-D counterparts; create_omics	https://github.com/TianxiaoNYU/simspace/blob/ecf2855612871498dc89b8d43169229dfb8f6057/simspace/core.py	2026-07-23
E004	SimSpace	Molecular model, LR-pair effect, profile fitting adapters, molecular metadata	0.3.2	Versioned source	SimSpace omics.py	simOmicsMeta; simOmics; simSpatialOmics; scdesign_fit; srtsim_fit	https://github.com/TianxiaoNYU/simspace/blob/ecf2855612871498dc89b8d43169229dfb8f6057/simspace/omics.py	2026-07-23
E005	SimSpace	JSON/parameter utilities and output objects	0.3.2	Versioned source	SimSpace util.py	parameter save/load; sim_from_params; sim_from_json; spot metadata	https://github.com/TianxiaoNYU/simspace/blob/ecf2855612871498dc89b8d43169229dfb8f6057/simspace/util.py	2026-07-23
E006	SimSpace	Reproducibility repository	current checkout	Versioned source	SimSpace reproducibility repository	Repository tree; commit 4e16438	https://github.com/TianxiaoNYU/simspace-reproducibility/tree/4e16438fe43cb4a96159fea929bfcf81e9849464	2026-07-23
E007	SimSpace	Native spatial calibration of niche, cell-type affinity, density, and smoothness parameters against Moran's I and local-entropy targets	0.3.2	Versioned source	SimSpace optimize.py and spatial-fitting tutorial	_get_spatial_statistics; spatial_fit; docs/source/tutorials/spatial_fitting.ipynb	https://github.com/TianxiaoNYU/simspace/blob/ecf2855612871498dc89b8d43169229dfb8f6057/simspace/optimize.py	2026-07-23
E008	SimSpace	Reference-based Xenium layout generation and evaluation of spatial/domain and cell-type organization	reproducibility commit 4e16438	Frozen reproducibility workflow	SimSpace reproducibility Figure 4	main_figures/Fig4/Fig4.py; Fig4_README.md; Panel_B_C_D_data	https://github.com/TianxiaoNYU/simspace-reproducibility/tree/4e16438fe43cb4a96159fea929bfcf81e9849464/main_figures/Fig4	2026-07-23
E009	SimSpace	Perturbation of fitted spatial affinity parameters while retaining the remaining fitted model components	reproducibility commit 4e16438	Frozen reproducibility workflow	SimSpace reproducibility Figure 7	main_figures/Fig7/Fig7.py; Fig7_README.md; Panel_A_B_C_data/perturb	https://github.com/TianxiaoNYU/simspace-reproducibility/tree/4e16438fe43cb4a96159fea929bfcf81e9849464/main_figures/Fig7	2026-07-23
E010	scCube	Overall design, reference-based and reference-free workflows, 2-D/3-D support, truth limits, evaluation data	2.0.1	Peer-reviewed article	scCube article	Methods; simulation framework; validation and discussion	https://doi.org/10.1038/s41467-024-49445-0	2026-07-23
E011	scCube	Version, license, API, pretrained models, coordinate modes and examples	2.0.1	Tagged software	scCube GitHub release and repository	v2.0.1 release; README; tutorial links	https://github.com/ZJUFanLab/scCube/releases/tag/v2.0.1	2026-07-23
E012	scCube	Reference-based optimal-transport mapping and reference-free spatial patterns	2.0.1	Primary documentation	scCube documentation	Reference-based and reference-free simulation tutorials	https://scCube.readthedocs.io/	2026-07-23
E020	scDesign3	Version, license, inputs, spatial covariates, distributions, copula, ncell, R API	1.10.0	Release manual	scDesign3 Bioconductor manual	Package header; construct_data; fit_marginal; fit_copula; scdesign3	https://www.bioconductor.org/packages/release/bioc/manuals/scDesign3/man/scDesign3.pdf	2026-07-23
E021	scDesign3	Unified probabilistic framework, fitted parameters, controls and reproducibility	1.10.0	Peer-reviewed article	scDesign3 article	Abstract; methods; code availability	https://doi.org/10.1038/s41587-023-01772-1	2026-07-23
E022	scDesign3	Bioconductor distribution and source resources	1.10.0	Release page	scDesign3 Bioconductor page	Package details; source; vignettes	https://bioconductor.org/packages/release/bioc/html/scDesign3.html	2026-07-23
E030	SRTsim	Reference modes, coordinate generation, domains, output object, distributions, scale and Shiny interface	0.99.7	Peer-reviewed article	SRTsim article	Figure 1; methods; performance; discussion; availability	https://doi.org/10.1186/s13059-023-02879-z	2026-07-23
E031	SRTsim	Version, license, R package and interface	0.99.7	Release manual	SRTsim CRAN manual	Package header; createSRT; model families	https://cran.r-project.org/web/packages/SRTsim/SRTsim.pdf	2026-07-23
E032	SRTsim	Versioned code and analysis archive	Zenodo v1	Versioned archive	SRTsim Zenodo archive	Source code and analysis files	https://doi.org/10.5281/zenodo.7592392	2026-07-23
E040	scMultiSim	Mechanistic multi-omic simulation, ground truth, spatial examples and demonstrated scale	1.8.0	Peer-reviewed article	scMultiSim article	Framework; spatial CCI; applications; code availability	https://doi.org/10.1038/s41592-025-02651-0	2026-07-23
E041	scMultiSim	2-D layouts, custom coordinates, spatial domains, CCI parameters, outputs and R workflow	1.8.0	Release vignette	scMultiSim spatial CCI vignette	Spatial layouts; CCI configuration; result object	https://bioconductor.org/packages/release/bioc/vignettes/scMultiSim/inst/doc/spatialCCI.html	2026-07-23
E042	scMultiSim	Version, license, R package, vignettes and Shiny resources	1.8.0	Release page	scMultiSim Bioconductor page	Package details; documentation; source	https://bioconductor.org/packages/release/bioc/html/scMultiSim.html	2026-07-23
E050	sCCIgen	Input scenarios, coordinate generation, regions/types, co-localization, molecular model, CCI truth and outputs	1.0	Peer-reviewed article	sCCIgen article	Overview; methods; simulations; availability	https://doi.org/10.1186/s13059-025-03762-9	2026-07-23
E051	sCCIgen	API, 2-D coordinates, parameter fitting, output byproducts and Docker	1.0	Primary documentation	sCCIgen documentation	Simulation workflow; functions; Docker installation	https://songxiaoyu.github.io/sCCIgen/	2026-07-23
E052	sCCIgen	Version and archived reproducibility resources	1.0	Versioned archive	sCCIgen Zenodo v1.0	Software and analysis archive	https://zenodo.org/records/15832711	2026-07-23
E060	Spider	Neighborhood-transition simulation, 2-D/3-D coordinate generation, patterns, cell/spot outputs, repeated simulations and article claims	1.1.0	Peer-reviewed article	Spider article	Methods 2.1 (2-D/3-D Uniform coordinates); simulation scenarios; performance	https://doi.org/10.1093/bioinformatics/btaf562	2026-07-23
E061	Spider	Version, license, API, expression backends and reported one-million-cell runtime	1.1.0	Release page	st-spider PyPI page	Project description; release history; examples	https://pypi.org/project/st-spider/	2026-07-23
E062	Spider	Current source, supplied/generated coordinates, zones, transition matrices and optional Napari interface	1.1.0	Primary source	Spider GitHub repository	README and API examples	https://github.com/YANG-ERA/Spider	2026-07-23
E070	scSpatialSIM	Point-pattern scope, tissue simulation, co-localization and output use cases	0.1.4	Peer-reviewed article	scSpatialSIM article	Abstract; methods; use cases	https://pmc.ncbi.nlm.nih.gov/articles/PMC13021152/	2026-07-23
E071	scSpatialSIM	Version, license, dependencies and R distribution	0.1.4	Release page	scSpatialSIM CRAN page	Package metadata; manuals; vignettes	https://cran.r-project.org/package=scSpatialSIM	2026-07-23
E072	scSpatialSIM	2-D point patterns, categorical/continuous attributes, tissue objects and reproducible examples	0.1.4	Primary documentation	scSpatialSIM documentation	Introduction; continuous attributes; function reference	https://fridleylab.github.io/scSpatialSIM/	2026-07-23
