cell_type	count	proportion	visual_composition_guide	median_cortical_depth	expected_depth_guide
L2/3 IT	1115	0.3318452380952381	0.31313131313131315	0.16672307522013485	0.14
L4/5 IT	656	0.19523809523809524	0.18181818181818182	0.37464665269883407	0.34
L5 ET	333	0.09910714285714285	0.10101010101010102	0.5306325330493463	0.5
L5 IT	339	0.10089285714285715	0.11111111111111112	0.4956322752737974	0.54
L5/6 NP	383	0.11398809523809524	0.12121212121212122	0.7008134931784691	0.68
L6 CT	284	0.08452380952380953	0.09090909090909091	0.7564456245485687	0.8
L6 IT	112	0.03333333333333333	0.045454545454545456	0.7500116919992375	0.82
L6 IT Car3	95	0.028273809523809524	0.025252525252525256	0.7421863184575943	0.86
L6b	43	0.012797619047619047	0.010101010101010102	0.8024571415347703	0.94
