ABCC11,ACTA2,ACTG2,ADAM9,ADGRE5,ADH1B,AGR3,AIF1,AKR1C1,AKR1C3,ALDH1A3,ANGPT2,ANKRD28,ANKRD29,ANKRD30A,APOBEC3B,APOC1,AQP1,AQP3,AR,AVPR1A,BACE2,BANK1,BASP1,BTNL9,C15orf48,C1QA,C1QC,C2orf42,C5orf46,C6orf132,CAV1,CAVIN2,CCDC6,CCDC80,CCL5,CCL8,CCND1,CCPG1,CCR7,CD14,CD163,CD19,CD1C,CD247,CD27,CD274,CD3D,CD3E,CD3G,CD4,CD68,CD69,CD79A,CD80,CD83,CD86,CD8A,CD8B,CD9,CD93,CDC42EP1,CDH1,CEACAM6,CEACAM8,CENPF,CLDN4,CLEC14A,CLEC9A,CLECL1,CRISPLD2,CTLA4,CTTN,CX3CR1,CXCL12,CXCL16,CXCR4,CYTIP,DAPK3,DERL3,DMKN,DNTTIP1,DPT,DSC2,DSP,DST,DUSP2,DUSP5,EDN1,EDNRB,EGFR,EIF4EBP1,ELF3,ENAH,EPCAM,ERBB2,ERN1,ESR1,FAM107B,FAM49A,FASN,FBLIM1,FBLN1,FCER1A,FCER1G,FCGR3A,FGL2,FLNB,FOXA1,FOXC2,FOXP3,FSTL3,GATA3,GJB2,GLIPR1,GNLY,GPR183,GZMA,GZMB,HAVCR2,HDC,HMGA1,HOOK2,HOXD8,HOXD9,IGF1,IGSF6,IL2RA,IL2RG,IL3RA,IL7R,ITGAM,ITGAX,ITM2C,JUP,KARS,KDR,KIT,KLF5,KLRB1,KLRC1,KLRD1,KLRF1,KRT14,KRT15,KRT16,KRT23,KRT5,KRT6B,KRT7,KRT8,LAG3,LARS,LDHB,LGALSL,LPL,LPXN,LRRC15,LTB,LUM,LY86,LYPD3,LYZ,MAP3K8,MDM2,MEDAG,MKI67,MLPH,MMP1,MMP12,MMP2,MMRN2,MNDA,MRC1,MS4A1,MYH11,MYLK,MYO5B,MZB1,NARS,NKG7,NOSTRIN,NPM3,OCIAD2,OXTR,PCLAF,PCOLCE,PDCD1LG2,PDE4A,PDGFRA,PDGFRB,PDK4,PECAM1,PELI1,PIM1,POLR2J3,POSTN,PPARG,PRDM1,PRF1,PTGDS,PTN,PTPRC,PTRHD1,QARS,RAB30,RAMP2,RAPGEF3,RHOH,RORC,RTKN2,RUNX1,S100A14,S100A4,SCD,SDC4,SEC11C,SEC24A,SELL,SERHL2,SERPINA3,SERPINB9,SFRP1,SFRP4,SH3YL1,SLAMF1,SLAMF7,SLC25A37,SLC5A6,SMAP2,SMS,SOX17,SPIB,SQLE,SRPK1,STC1,SVIL,TACSTD2,TCEAL7,TCF4,TCF7,TCIM,TENT5C,TFAP2A,THAP2,TIFA,TIGIT,TMEM147,TNFRSF17,TOMM7,TOP2A,TPD52,TPSAB1,TRAC,TRAF4,TRAPPC3,TRIB1,TUBA4A,TUBB2B,TYROBP,USP53,VOPP1,VWF,WARS,ZEB1,ZEB2,ZNF562
6,49,44,18,6,4,25,17,6,2,2,4,10,5,52,1,6,22,3,23,0,9,4,27,8,2,5,20,4,3,9,16,1,26,39,38,1,175,26,6,12,12,7,3,18,2,1,11,53,18,39,28,36,3,0,7,17,35,12,23,31,2,56,69,6,7,19,19,2,3,14,2,62,1,81,12,68,32,6,3,3,11,3,19,32,38,1,11,2,5,7,1,23,40,79,417,20,17,28,5,52,7,7,4,25,7,10,67,90,4,5,4,92,4,15,13,21,17,5,4,12,15,7,19,4,14,19,3,16,3,65,4,6,26,9,8,9,3,11,18,3,2,4,7,6,3,6,2,2,111,74,3,29,18,3,0,16,5,10,136,1,19,72,9,51,2,4,37,2,2,28,4,7,2,0,3,20,28,16,52,2,6,1,9,0,9,2,2,4,14,12,32,29,6,7,92,106,8,18,3,16,0,61,9,19,10,16,7,16,2,8,60,17,26,167,3,24,26,5,6,162,19,10,3,5,1,24,8,9,24,20,0,1,16,10,4,14,119,3,7,13,18,47,6,2,5,0,21,2,79,22,43,13,62,14,17,11,18,2,5,13,35,21,29,19,27,5
13,73,74,27,19,3,60,19,4,4,6,5,11,7,181,2,11,32,5,50,1,20,4,66,3,1,1,5,4,1,10,11,3,60,29,20,1,452,28,14,7,10,1,2,8,4,2,7,51,13,23,16,17,1,1,3,4,16,7,86,12,4,145,133,3,27,52,3,0,2,16,10,107,1,32,17,61,19,6,3,12,21,6,41,99,60,3,13,0,2,7,3,46,96,170,875,18,42,41,4,101,7,9,1,20,7,9,112,260,0,0,7,234,8,18,0,26,12,9,5,11,18,14,20,1,8,12,0,15,5,62,3,9,23,26,18,4,3,13,11,3,7,2,16,7,6,2,13,5,268,202,2,54,14,2,2,8,9,0,145,3,39,41,9,92,12,6,121,7,18,21,5,1,4,5,11,27,53,8,108,4,4,1,18,2,22,1,4,12,28,43,15,19,9,10,146,112,9,16,3,14,8,58,4,36,10,2,5,23,3,13,79,48,34,330,8,17,53,12,35,265,37,6,9,21,8,5,9,21,17,53,2,1,29,35,8,41,298,0,15,12,62,73,22,10,9,3,60,0,137,48,73,5,35,30,44,13,24,7,3,26,42,15,45,22,25,49
4,81,50,19,19,3,19,41,1,2,1,3,10,8,34,7,9,23,9,15,0,11,8,36,4,9,11,17,2,1,2,33,12,31,45,28,2,109,34,9,1,23,1,15,10,8,6,10,43,10,62,34,15,4,1,3,17,27,7,23,28,2,34,31,0,15,12,16,1,0,16,3,54,3,83,16,78,33,2,4,1,8,10,16,24,58,9,5,0,13,12,2,5,33,45,215,20,11,42,5,24,12,6,1,32,11,72,26,63,0,1,5,48,9,33,5,24,12,1,9,11,16,1,13,2,14,18,7,29,2,74,4,15,58,12,9,11,10,6,13,4,3,3,21,13,0,2,11,4,58,45,2,35,41,3,3,20,8,6,188,4,17,115,11,44,2,3,37,1,65,24,6,14,10,0,6,38,12,16,43,2,1,3,5,1,5,1,4,6,24,26,29,42,13,12,95,112,8,30,7,26,9,77,4,15,12,18,1,8,1,7,58,10,24,93,5,28,22,18,4,75,25,5,7,11,5,28,2,3,26,26,4,3,11,9,1,26,94,3,15,16,25,73,7,6,4,2,22,3,92,8,34,5,49,11,14,13,12,5,6,12,28,26,40,24,48,29
11,44,67,22,13,1,50,19,6,0,4,7,7,8,98,4,15,20,7,30,1,19,4,48,4,3,9,7,4,3,10,16,3,46,36,25,0,264,30,5,6,15,2,0,15,16,2,9,37,13,25,21,17,7,0,4,6,18,11,59,16,7,82,120,4,18,16,7,3,4,13,10,66,0,42,19,75,23,7,4,9,10,5,32,69,44,2,10,2,4,10,5,24,67,118,574,31,39,43,1,50,8,12,3,18,6,15,67,170,0,2,3,140,10,13,5,22,10,6,7,16,17,5,15,1,6,9,7,36,1,57,2,6,49,22,12,3,0,6,33,4,8,3,4,5,3,1,3,4,209,126,2,32,26,4,2,15,6,7,172,2,29,70,13,65,2,4,69,0,6,14,5,10,6,1,1,20,36,21,89,0,5,2,13,1,14,2,2,5,17,22,16,21,4,12,96,104,8,21,7,8,3,54,1,26,11,4,0,27,1,11,52,30,44,159,5,39,32,10,19,221,22,2,15,11,17,45,9,6,22,36,2,2,13,23,6,20,178,1,9,6,50,103,16,9,17,6,52,5,118,15,64,1,33,24,29,27,19,3,5,11,32,11,31,8,44,22
3,75,91,24,10,1,15,50,2,0,3,1,1,1,47,3,20,20,1,18,0,6,6,38,1,2,12,15,2,2,2,14,0,31,45,23,0,126,22,2,13,24,1,9,6,6,4,7,18,8,56,34,6,4,3,5,29,19,7,26,12,0,56,41,0,6,15,3,1,1,10,4,26,5,54,10,50,22,3,2,2,5,10,11,25,38,3,9,0,3,4,1,12,34,47,224,14,14,17,8,26,10,9,11,66,13,82,29,67,0,3,4,63,8,24,0,21,22,6,19,6,14,2,8,0,12,20,3,27,2,29,11,32,23,9,7,0,1,9,14,3,4,1,7,2,2,1,16,15,94,66,4,15,18,1,2,17,4,3,147,3,13,174,10,39,1,6,44,1,1,22,1,30,15,1,2,38,12,2,44,1,0,2,7,0,7,2,2,5,30,27,39,14,2,12,83,112,6,9,2,23,1,50,3,13,3,0,1,6,1,0,57,12,29,106,4,16,25,6,9,90,32,9,9,7,3,16,3,9,21,18,0,4,6,7,1,29,135,0,11,11,35,26,4,1,7,4,26,2,72,6,26,1,26,7,16,5,7,1,5,15,43,4,16,10,53,19
0,70,51,15,15,6,4,23,2,5,6,3,5,3,10,2,6,41,0,4,3,9,3,15,5,11,8,8,3,3,0,21,2,17,55,40,0,33,28,8,6,11,1,1,18,7,0,13,58,11,24,25,17,2,1,0,9,41,21,13,28,3,4,4,0,2,2,19,1,2,26,6,23,2,67,4,76,27,4,6,0,2,10,3,11,36,10,11,0,10,10,1,0,19,3,61,23,0,34,2,6,11,17,3,33,6,32,15,15,1,2,6,17,15,18,0,14,42,6,10,2,16,3,13,2,13,13,2,20,2,37,3,14,18,1,4,4,0,5,12,22,16,0,8,2,4,0,2,7,43,8,4,21,34,4,3,16,7,9,185,4,1,92,11,29,3,0,4,1,0,34,3,15,5,10,13,39,2,10,20,5,3,0,2,5,4,4,2,7,24,48,26,25,7,14,58,173,3,17,3,28,4,64,3,10,4,6,1,9,0,0,48,9,44,19,0,17,18,19,1,27,24,3,32,8,7,17,5,4,13,11,0,3,8,19,0,21,20,2,20,5,8,19,2,2,10,3,12,15,79,5,7,4,41,3,32,4,14,1,5,6,29,8,19,15,43,9
3,78,58,29,19,14,24,23,2,0,2,6,5,5,46,4,4,55,3,16,0,14,12,30,6,3,10,15,4,1,2,38,1,29,62,29,1,164,38,7,14,12,5,1,15,7,1,14,68,22,39,33,16,3,1,12,9,38,12,21,20,4,59,52,1,2,7,15,1,1,36,8,51,0,97,7,74,30,2,2,2,10,13,16,46,31,2,21,5,8,14,5,7,33,42,309,35,24,42,6,42,7,14,4,23,4,23,41,112,1,0,3,77,14,21,1,20,16,10,7,8,18,4,15,6,10,9,3,41,7,72,6,11,33,15,7,8,4,6,13,8,15,3,20,10,3,4,11,9,100,59,3,16,25,2,1,17,9,11,217,1,9,77,15,37,6,2,55,16,0,36,4,14,6,8,8,53,13,15,54,2,4,2,3,4,7,2,6,4,23,38,32,36,10,11,93,180,5,27,4,33,5,87,2,28,8,14,6,14,2,6,61,11,49,95,6,23,30,18,5,94,22,7,21,12,15,29,6,10,23,15,3,1,11,13,4,37,96,2,25,10,38,67,6,2,6,6,26,4,86,3,35,5,57,16,24,8,29,6,1,16,39,19,30,16,38,12
6,54,69,31,10,0,63,12,1,0,2,3,7,8,81,4,7,9,5,17,1,12,6,29,2,7,0,11,4,4,5,7,2,50,40,7,1,281,14,7,6,12,0,4,9,5,1,12,37,8,41,30,16,1,1,9,3,8,7,56,3,5,82,85,1,19,32,4,0,0,7,6,68,1,26,11,58,24,4,3,6,12,12,20,62,55,9,14,1,1,9,3,23,44,102,393,22,20,31,2,46,10,8,0,29,9,24,47,170,5,1,3,130,4,14,2,15,5,4,6,10,16,2,12,1,9,18,2,28,4,65,0,8,28,19,9,5,0,13,7,7,4,0,18,1,3,1,7,8,218,116,2,38,26,3,4,8,5,7,121,1,19,72,8,48,5,7,59,7,10,10,2,7,9,18,11,42,36,10,65,0,1,3,13,1,13,0,0,13,9,9,11,16,5,8,103,63,6,6,0,20,7,43,5,24,4,3,3,12,3,5,53,23,24,172,11,24,18,14,20,140,17,7,7,15,6,12,4,13,20,40,0,2,11,26,7,42,198,1,15,11,52,60,20,10,11,4,36,0,91,10,43,2,37,21,22,9,17,3,0,22,38,4,30,10,41,21
11,67,54,25,6,2,51,18,2,1,33,2,3,4,101,2,18,8,6,29,0,9,4,24,0,19,3,11,3,5,7,3,0,35,39,11,4,227,29,7,4,18,0,3,2,10,1,8,33,6,34,15,17,2,1,3,5,9,4,54,2,5,74,73,4,4,31,1,0,3,10,4,59,2,51,10,91,25,3,0,6,10,7,22,45,50,3,8,0,1,5,11,27,37,66,403,19,23,36,3,56,4,3,2,21,5,27,56,153,2,2,5,139,3,12,0,22,6,1,16,19,10,3,10,0,11,11,5,25,3,91,3,11,12,12,8,2,4,14,19,0,1,3,29,16,10,5,9,12,152,102,3,37,22,5,0,14,3,4,149,1,32,49,9,67,0,6,74,3,5,19,2,3,5,15,4,42,31,2,56,1,5,1,11,0,13,2,3,6,15,12,26,12,4,15,84,86,5,15,1,24,11,61,7,16,3,3,0,14,2,14,56,23,20,196,3,7,23,9,14,154,27,24,12,18,7,11,3,14,19,40,0,0,23,19,10,29,107,3,5,18,49,54,9,2,7,7,28,1,86,4,26,3,58,15,26,13,15,8,0,24,17,4,20,18,41,16
7,47,49,17,14,3,14,21,5,0,1,2,4,1,75,2,20,30,7,27,1,7,6,34,1,1,7,9,2,1,6,14,0,26,39,18,1,227,17,14,5,18,1,1,8,11,0,11,43,9,42,17,16,1,2,2,7,10,3,19,6,2,55,59,2,5,12,3,3,1,16,16,49,2,58,13,81,25,3,1,6,4,7,32,36,34,5,12,0,6,8,1,11,36,57,374,17,7,33,5,35,9,14,3,9,5,37,33,126,3,3,5,89,20,22,6,26,14,3,10,7,6,2,4,0,7,13,2,29,1,53,2,10,39,16,12,3,0,12,16,3,5,0,21,8,7,1,21,11,131,81,0,17,18,2,2,18,5,14,183,4,23,77,10,64,1,5,71,2,4,17,0,7,4,2,2,38,25,8,44,1,1,2,5,2,4,1,1,3,18,38,31,11,10,13,83,114,3,30,0,22,6,61,5,16,6,3,0,12,6,6,46,12,35,131,3,9,18,17,9,130,23,7,15,4,5,22,5,12,26,22,0,3,10,12,1,31,125,2,12,7,28,56,17,3,10,7,35,0,94,5,34,4,47,18,17,6,18,2,0,14,34,2,23,17,36,15
5,42,62,15,8,1,59,18,1,0,2,6,12,5,135,2,4,14,2,35,0,8,3,39,1,4,13,6,5,1,6,11,0,41,25,37,1,291,14,5,5,8,1,0,15,5,1,7,35,4,25,13,14,1,1,3,2,34,2,48,4,4,97,107,3,11,24,0,0,2,9,14,66,3,45,9,68,24,4,0,8,5,0,24,63,30,1,19,2,5,5,6,27,63,162,609,22,32,31,0,66,8,6,0,16,3,16,69,202,0,0,6,141,1,13,6,19,23,3,5,28,21,8,7,0,8,6,0,22,1,42,3,6,11,14,15,0,0,12,8,5,24,3,8,3,5,2,9,4,155,151,1,32,22,3,0,13,3,4,112,3,30,57,9,73,0,12,97,4,9,15,0,3,2,5,5,14,36,5,78,3,3,3,9,0,31,2,0,3,17,20,19,11,6,17,99,70,2,11,8,23,8,37,6,30,5,5,0,16,3,16,56,26,33,229,6,9,28,8,24,204,24,3,2,6,4,9,6,9,13,34,0,2,16,22,6,27,232,3,12,4,43,50,14,9,9,5,41,2,99,18,38,1,23,28,17,13,16,4,2,19,37,4,29,12,19,21
4,90,35,12,9,3,48,20,4,2,3,3,6,13,84,0,25,26,1,19,1,7,2,20,17,1,6,13,6,1,3,17,2,19,30,26,1,184,15,4,7,11,1,0,6,1,1,12,40,9,16,25,17,1,1,7,4,40,9,31,11,2,51,67,3,23,13,4,5,2,8,3,58,1,47,10,54,23,3,0,6,7,12,14,29,22,2,9,0,9,5,2,21,31,82,339,12,14,32,1,43,7,5,2,23,5,14,43,128,1,0,3,63,3,22,11,15,18,6,8,12,11,1,12,3,6,11,3,24,7,55,3,8,7,7,8,4,0,9,14,9,12,2,13,1,4,2,7,6,85,57,4,27,22,4,4,18,5,8,127,0,28,72,9,46,2,6,31,0,2,17,3,7,7,1,11,27,17,8,47,5,3,4,4,0,16,1,3,6,22,23,8,18,6,6,85,73,3,22,3,16,4,49,6,31,6,2,0,13,7,5,43,12,31,113,5,11,12,6,7,183,27,7,2,5,8,8,2,6,10,18,1,0,11,22,8,24,121,2,13,9,19,33,16,1,11,0,25,0,56,14,26,3,38,19,18,4,13,4,6,17,24,13,29,13,48,15
16,60,50,19,18,2,43,21,2,2,1,4,9,5,80,7,18,22,3,27,3,11,3,50,4,4,15,10,1,1,8,9,1,43,79,27,4,265,18,7,12,7,0,1,11,5,2,13,35,13,51,20,9,3,2,14,9,36,6,45,4,3,71,99,5,23,14,0,1,2,24,2,57,4,101,20,73,35,7,3,5,5,9,34,42,54,5,10,3,7,11,4,19,48,112,434,24,14,37,4,51,3,23,7,35,3,41,60,147,0,2,6,110,3,17,9,23,13,11,3,18,19,5,14,1,13,16,1,22,10,51,1,12,38,16,13,5,2,9,14,6,8,5,18,4,1,1,6,5,161,143,0,44,28,7,6,27,8,8,267,3,49,82,17,53,0,16,62,8,2,42,2,16,5,0,8,33,21,14,74,1,3,2,15,2,14,1,4,15,31,31,30,24,7,26,119,191,1,20,3,23,9,58,7,22,10,3,0,25,1,10,62,36,36,166,7,20,31,17,18,179,31,7,49,10,6,19,3,10,26,35,1,1,18,21,5,43,146,0,12,7,36,54,11,3,14,1,42,5,119,35,36,2,47,12,25,15,23,10,0,21,43,7,31,10,43,24
4,90,41,22,12,5,15,33,2,0,3,1,11,11,30,4,20,58,7,10,2,4,6,47,19,1,7,11,4,4,1,26,2,23,78,40,4,99,18,6,8,10,7,0,14,12,0,15,58,14,59,31,13,3,4,2,15,51,13,21,29,0,26,27,0,13,7,12,3,0,30,13,39,2,87,10,88,31,4,3,4,5,10,13,21,28,7,5,0,11,14,3,9,30,39,177,24,7,46,6,18,17,9,1,65,3,55,24,69,2,1,6,53,23,22,2,16,26,14,8,12,11,2,5,2,28,12,1,40,0,84,5,27,16,8,9,5,3,4,16,7,10,7,4,1,0,0,6,0,70,46,0,29,21,4,3,19,15,15,214,3,16,106,14,47,3,1,22,1,0,37,1,28,11,5,3,25,10,7,37,3,1,1,4,0,13,3,3,7,52,58,36,33,5,21,99,168,4,28,7,21,8,95,7,16,9,9,2,24,3,5,56,5,47,64,3,15,24,11,13,67,26,9,22,5,11,17,10,10,35,22,5,3,8,17,1,37,38,2,26,8,33,36,3,5,9,8,21,9,97,20,30,0,59,16,17,9,25,0,3,10,23,14,25,25,49,14
3,62,32,7,9,6,15,11,1,0,5,3,0,2,22,0,11,8,0,7,2,9,2,21,2,1,2,4,1,4,0,6,2,16,21,31,0,96,4,5,1,4,0,0,6,0,2,7,27,11,13,10,11,0,0,2,8,79,16,12,6,1,28,27,1,1,6,4,3,2,7,2,26,4,51,6,31,11,1,0,1,4,3,7,15,20,4,18,0,0,6,3,7,15,32,164,10,2,15,2,28,7,7,1,16,3,15,26,45,7,0,2,41,0,9,15,7,4,0,2,2,14,1,3,5,5,6,0,9,1,25,3,6,14,7,3,5,3,8,8,12,29,0,14,5,3,1,4,4,53,32,0,16,19,2,0,9,2,4,112,0,7,27,3,25,0,2,12,7,0,18,0,9,0,1,2,26,16,9,40,5,1,3,12,4,9,1,1,4,12,13,18,11,5,8,42,49,3,13,2,7,0,30,6,11,5,4,0,9,0,4,31,10,20,59,2,12,14,6,3,47,14,2,4,8,5,8,2,1,16,9,0,1,7,13,1,8,43,0,8,5,19,26,5,4,3,0,13,2,46,10,27,2,29,12,8,5,9,0,0,9,14,2,11,5,28,13
3,71,61,37,5,3,39,31,6,0,0,3,8,2,62,8,5,31,2,24,3,17,5,48,1,0,13,23,6,4,12,19,3,50,43,22,2,260,22,15,24,39,0,3,6,4,3,10,40,10,52,42,16,1,0,8,12,19,3,40,9,3,82,98,4,10,28,2,28,2,9,6,64,2,53,18,51,20,2,0,9,8,9,26,57,63,0,14,0,0,14,2,39,54,109,477,16,25,35,2,52,11,5,1,64,8,43,78,137,3,1,6,119,20,31,5,18,5,4,18,13,25,8,11,3,8,4,2,17,0,44,8,15,11,23,17,3,1,9,11,1,2,2,27,6,6,6,12,15,153,119,2,32,25,11,9,16,4,7,159,1,38,113,7,76,2,11,46,9,4,23,1,12,20,3,27,50,21,8,80,1,4,3,16,1,22,2,3,12,20,15,59,19,7,7,88,125,3,16,6,30,6,59,7,20,4,2,2,20,5,9,62,21,33,200,6,27,20,15,23,181,30,6,11,7,6,6,8,12,27,45,1,2,19,22,6,26,170,3,18,3,41,43,12,8,13,4,38,2,121,29,48,9,29,21,32,17,17,10,7,15,45,10,37,13,54,16
4,46,51,20,15,3,9,42,0,2,5,1,6,0,45,8,12,15,0,10,1,7,6,35,2,2,7,17,3,3,2,23,1,23,72,45,0,121,34,9,5,23,1,1,9,11,6,19,46,14,50,40,14,7,1,2,16,31,5,18,10,4,28,26,0,4,7,1,1,2,23,10,24,4,69,10,85,28,4,2,3,15,13,12,22,23,5,14,0,2,8,4,8,21,40,245,33,13,44,4,30,8,15,2,45,18,39,23,51,1,0,3,54,6,19,3,25,11,8,19,13,14,4,3,0,9,29,4,40,7,56,3,16,84,7,6,2,0,3,35,8,7,3,7,2,2,1,0,1,55,58,3,26,36,1,4,19,15,10,215,3,3,139,9,51,3,5,21,2,0,25,1,15,14,28,3,9,8,24,43,3,3,2,3,3,16,2,2,10,34,54,56,19,4,18,98,174,4,22,1,40,6,77,7,21,5,0,0,7,1,1,43,5,57,112,4,47,20,16,7,37,32,2,11,15,7,37,4,5,26,23,1,4,12,22,2,23,49,4,14,10,29,55,4,3,11,3,19,9,85,8,47,3,40,10,28,8,21,3,5,10,39,3,26,19,59,23
2,54,60,23,9,9,23,30,0,2,0,3,9,1,56,4,26,34,1,9,1,9,4,40,6,7,17,14,2,0,2,14,1,39,41,23,2,149,20,12,12,19,1,2,5,2,3,11,34,9,46,58,15,2,3,3,12,30,11,19,20,4,50,49,3,13,13,10,3,3,30,4,38,2,86,13,63,31,1,3,1,12,7,16,27,23,10,14,0,5,6,3,13,39,72,276,18,6,46,5,20,6,18,7,57,19,34,44,80,3,0,2,53,14,20,0,26,13,4,23,5,20,2,8,6,16,24,5,20,4,46,6,39,26,12,6,5,0,5,6,3,5,0,6,2,0,2,6,3,112,74,6,29,28,3,5,19,10,2,226,1,22,119,11,48,5,2,26,0,0,36,2,23,29,8,1,24,10,8,53,3,3,0,5,0,10,0,2,6,26,23,33,34,6,19,91,154,11,21,9,38,5,70,11,27,5,7,1,15,2,4,85,12,35,110,3,24,23,11,8,81,32,3,22,11,9,29,4,9,19,28,2,5,9,18,0,35,130,0,26,7,31,41,10,1,10,3,25,4,78,25,32,6,36,10,19,6,23,4,6,14,44,4,39,17,54,17
10,45,40,9,9,2,47,13,2,2,4,7,10,0,39,3,3,6,3,12,2,11,4,39,3,3,6,10,3,3,2,21,0,35,20,26,3,139,19,9,4,9,6,2,7,2,1,17,36,9,40,21,17,2,0,1,4,23,14,31,7,8,59,47,1,13,21,1,4,0,9,7,41,0,42,12,58,24,4,0,2,4,5,15,37,23,9,11,1,3,8,1,9,25,66,289,23,12,33,3,26,10,12,0,22,1,16,41,99,2,1,2,68,2,14,1,14,15,5,5,12,16,2,11,5,4,8,0,18,4,76,2,6,20,1,7,0,0,5,19,9,13,1,11,6,3,1,5,4,105,85,4,26,17,1,0,9,1,5,74,0,23,57,8,51,0,2,26,4,0,12,1,11,4,6,2,34,16,7,47,2,3,0,9,1,1,1,2,6,20,12,11,13,5,9,83,36,10,23,1,23,3,55,4,18,12,2,1,22,1,9,36,24,18,127,1,18,14,9,15,127,15,0,4,10,8,17,7,11,13,21,4,3,20,15,3,17,98,3,4,12,16,38,5,5,10,2,23,4,84,18,50,0,38,11,9,14,21,3,4,14,16,13,12,9,20,12
4,47,64,23,24,4,9,59,1,0,2,4,4,6,28,3,31,23,1,5,2,4,2,52,8,3,18,18,2,0,2,28,2,20,59,21,2,89,28,2,7,51,1,2,5,8,4,10,38,14,69,67,19,5,7,11,24,26,3,20,19,2,11,22,1,6,3,9,1,0,10,3,21,7,81,14,64,32,2,4,3,9,8,11,19,22,1,3,0,2,4,1,4,22,27,195,15,9,25,4,30,11,8,4,45,6,97,27,43,3,1,5,42,21,33,0,17,26,9,18,7,9,1,11,0,10,31,4,30,7,38,9,52,38,7,12,6,2,4,16,3,9,2,7,0,0,0,1,4,36,38,2,24,45,2,2,19,6,4,186,3,11,201,11,41,3,1,26,4,2,39,4,27,16,3,3,20,12,15,34,4,1,1,3,2,3,1,3,10,44,33,64,27,6,9,95,156,2,21,4,38,5,91,8,14,9,3,4,17,2,0,43,17,38,76,2,39,20,15,7,60,38,2,17,6,8,26,2,9,26,31,4,2,11,16,2,21,26,3,23,7,24,34,4,7,9,4,28,9,84,1,20,13,39,9,21,10,14,2,4,4,47,2,39,15,87,14
12,58,60,44,15,0,32,28,3,0,3,3,13,1,72,2,19,18,4,24,2,8,2,63,3,9,11,20,1,4,3,14,1,43,32,35,2,244,22,5,14,29,4,2,6,15,2,11,40,8,48,26,8,4,1,9,9,28,22,50,9,3,96,112,1,14,31,1,1,1,7,1,53,3,54,16,54,19,2,1,6,10,5,37,56,45,6,9,0,2,5,3,16,46,109,453,17,13,28,3,64,7,13,6,38,4,47,61,142,3,3,3,146,13,18,1,13,12,3,14,14,9,5,10,1,10,21,3,31,1,37,3,25,28,16,5,2,2,14,8,10,8,4,13,4,3,3,6,12,146,90,2,34,26,7,3,16,9,2,113,1,39,121,13,77,1,7,66,13,2,23,2,13,20,2,6,40,27,10,78,1,4,0,12,2,9,4,3,9,13,31,34,24,5,11,123,121,3,19,2,12,6,53,3,31,4,8,4,19,0,13,66,22,40,194,9,16,28,7,25,131,26,2,23,6,7,17,11,13,26,30,2,1,16,22,6,27,205,3,16,8,45,59,4,6,6,3,33,0,120,22,58,4,46,10,24,16,26,6,5,22,26,9,23,20,49,26
7,28,47,21,7,1,46,14,1,1,0,7,8,4,100,3,5,18,1,50,3,16,6,29,1,3,2,4,3,1,4,4,0,36,28,16,0,295,19,4,1,5,0,0,5,3,3,5,20,5,20,11,17,0,0,5,2,8,4,71,4,6,81,130,3,10,35,2,1,2,11,6,66,1,25,13,44,14,4,1,8,5,5,25,78,29,2,9,1,1,10,7,26,44,136,569,15,25,34,3,65,1,6,1,11,5,11,61,213,0,0,7,145,2,9,0,7,7,2,3,9,17,8,16,0,7,12,3,18,6,42,0,9,11,15,10,1,1,16,5,10,4,1,7,9,3,1,2,4,183,109,1,30,8,1,3,5,3,1,101,1,46,36,4,64,0,6,122,2,0,14,3,4,2,4,4,14,29,4,79,1,1,4,9,1,20,1,1,7,6,23,12,9,8,5,91,64,3,5,0,5,0,36,5,22,4,0,2,12,4,11,56,17,26,230,2,14,18,3,18,176,23,3,23,12,7,2,4,13,9,32,0,0,16,22,4,29,235,2,5,9,37,54,12,5,10,0,31,0,66,37,40,2,31,32,24,7,23,4,2,18,29,11,26,6,16,20
9,78,83,27,15,4,66,29,1,0,6,4,10,9,158,6,3,36,5,41,0,13,4,47,5,6,3,6,3,0,7,29,2,59,28,40,0,377,26,14,13,18,5,4,9,12,2,18,34,19,40,41,16,6,0,4,7,32,9,62,18,2,112,124,3,22,34,2,2,4,18,5,94,3,64,19,50,29,7,6,10,10,9,32,77,86,3,20,2,6,11,8,32,59,149,670,26,36,53,4,86,11,5,6,32,9,25,75,229,3,1,10,175,4,23,0,33,17,1,14,20,30,8,14,2,13,12,2,27,6,52,1,38,64,9,22,3,3,20,12,5,9,2,29,13,3,4,37,19,247,150,2,42,32,8,5,13,6,10,158,2,45,91,20,83,2,9,114,2,4,34,4,11,11,8,15,45,32,17,96,3,3,4,6,1,24,0,1,7,34,20,38,41,13,13,138,121,8,25,4,28,5,49,3,44,8,4,1,22,4,7,89,34,37,244,9,35,45,13,29,290,41,12,7,8,10,28,9,24,30,44,3,3,22,26,5,30,233,0,20,7,54,79,15,8,10,2,63,4,116,25,55,6,41,37,32,12,23,2,6,21,48,28,41,18,67,34
7,85,63,32,26,6,47,40,3,0,2,5,11,6,121,8,1,36,4,24,1,19,8,43,5,5,7,20,1,0,7,19,5,46,54,36,1,289,25,12,19,29,3,11,10,12,0,17,77,12,70,70,21,3,2,4,27,34,3,55,12,6,98,122,2,22,25,9,1,1,20,6,79,1,88,16,134,54,3,6,6,9,11,31,51,49,8,15,2,7,15,2,28,50,144,544,20,22,47,3,75,6,12,9,60,12,61,73,188,1,0,9,131,9,24,5,40,18,6,14,19,25,7,15,1,12,23,2,49,4,92,7,34,54,21,13,2,2,15,22,3,9,4,3,5,2,0,3,4,169,124,5,42,50,2,8,27,11,8,204,4,44,149,17,101,6,9,124,7,4,38,3,18,18,17,6,23,25,15,77,3,7,3,11,3,41,1,6,8,23,48,41,40,8,23,148,151,6,31,5,31,4,97,9,26,11,6,2,25,0,9,88,21,41,273,10,28,29,23,16,239,36,4,22,7,7,35,4,13,43,52,2,4,17,32,8,38,179,0,30,11,64,71,12,8,10,4,50,2,166,36,53,14,53,32,27,18,34,3,8,28,51,16,46,7,54,24
11,60,57,15,19,2,15,29,5,0,4,3,5,0,39,0,7,36,4,4,0,10,5,32,6,6,8,9,1,4,3,16,2,31,45,22,3,113,37,11,7,16,1,0,9,4,4,18,38,20,31,28,25,3,2,0,6,13,16,20,7,1,34,33,2,11,10,4,0,0,18,5,34,4,68,7,65,28,5,4,0,10,7,9,21,29,1,10,0,7,9,2,6,36,53,236,23,4,30,8,15,13,11,3,39,4,29,23,52,0,0,2,54,11,17,16,20,8,10,11,11,7,1,10,0,8,17,4,27,2,57,5,20,23,7,10,4,0,9,10,2,14,4,24,3,1,3,7,4,71,58,4,22,21,3,6,9,4,12,237,1,12,90,14,36,3,2,16,2,2,33,3,11,10,3,11,34,7,4,41,1,3,1,2,2,15,0,1,5,19,29,23,18,10,6,104,152,1,17,3,25,4,63,3,12,11,1,1,12,2,3,60,10,43,42,6,17,12,15,7,77,27,6,27,6,7,11,1,11,30,18,0,3,5,13,4,22,61,1,27,11,25,35,7,3,4,6,20,6,76,21,37,2,45,14,22,3,13,2,3,7,18,2,27,20,46,11
7,63,42,23,19,3,63,28,0,2,3,7,4,6,151,5,7,25,7,33,1,9,8,43,5,1,16,13,2,1,12,45,3,48,57,22,1,355,29,8,10,15,1,3,9,9,6,15,38,5,41,19,17,4,0,2,4,16,4,64,11,3,134,133,5,16,40,7,0,4,9,14,74,3,67,20,60,35,2,1,14,15,9,30,71,36,5,12,0,4,11,7,31,52,132,622,24,35,36,5,92,9,14,1,32,7,27,83,245,0,2,5,192,3,21,3,19,13,2,10,23,25,8,10,3,11,15,7,23,2,82,4,9,30,18,13,8,1,13,18,2,11,0,9,9,2,2,11,4,185,175,1,48,13,2,8,18,3,10,135,3,46,47,13,56,3,5,100,2,1,16,6,12,9,4,1,23,39,6,83,3,1,4,13,3,10,1,3,9,14,12,24,24,5,8,130,92,5,18,3,17,11,47,5,36,11,5,1,17,4,7,75,30,41,282,3,25,34,16,28,225,44,4,26,15,7,16,7,13,26,40,3,1,23,15,8,20,251,2,20,12,52,65,7,6,9,2,45,6,94,20,47,2,43,26,18,15,25,5,2,22,45,6,21,14,33,31
7,87,80,14,13,7,52,32,8,0,7,4,12,0,92,7,28,55,3,24,1,11,14,33,7,11,8,11,3,5,9,11,1,51,45,32,1,226,35,6,4,10,8,4,11,7,2,16,51,12,42,31,20,9,0,8,9,20,8,41,14,5,53,85,3,18,23,10,3,4,17,14,55,2,53,13,63,34,8,0,5,16,1,21,47,47,1,18,4,4,6,9,23,56,98,398,17,27,43,2,63,10,11,1,41,9,26,53,149,2,2,2,114,13,17,7,18,30,6,17,18,27,9,9,3,2,20,3,35,3,49,8,43,41,12,4,7,2,7,29,4,10,0,5,3,2,3,9,8,158,127,1,31,37,7,0,19,8,8,207,2,28,142,12,82,3,7,77,14,7,27,6,14,3,6,6,44,29,10,73,5,4,3,11,2,25,1,1,3,19,22,32,35,14,9,109,181,13,17,4,31,3,69,7,21,5,6,2,20,0,1,74,26,27,166,2,28,26,22,18,182,39,2,8,12,15,24,2,14,30,29,2,6,27,29,5,40,115,8,14,6,44,64,18,10,7,7,39,2,116,10,56,12,69,14,25,13,29,6,10,21,52,15,33,16,42,28
5,70,66,35,24,5,15,50,1,1,5,3,4,6,26,3,9,37,6,15,4,15,3,44,12,6,10,19,4,1,1,31,0,42,83,35,0,108,26,5,18,36,0,8,9,10,4,14,35,7,48,65,11,2,3,0,27,16,12,20,14,6,23,35,0,8,3,3,1,4,27,5,43,5,66,15,60,28,1,4,3,5,10,17,22,43,7,6,0,6,15,3,6,39,53,184,22,6,26,5,14,11,12,13,61,12,49,33,64,3,0,10,45,23,33,0,26,16,8,18,10,14,2,11,3,12,26,3,24,3,37,8,30,29,10,8,2,10,7,19,7,21,6,12,6,1,2,10,10,52,43,4,25,28,3,11,12,9,8,285,4,17,158,3,64,5,1,15,7,3,51,0,15,10,5,7,35,13,4,26,2,1,2,7,1,2,2,4,8,40,57,47,18,5,8,92,325,6,14,3,23,4,77,1,17,7,7,2,11,3,3,84,6,48,62,9,11,21,7,9,55,36,8,38,9,6,28,10,5,16,24,1,3,9,12,5,31,73,3,12,17,26,39,4,3,7,1,26,1,87,5,28,6,30,8,30,12,14,3,5,5,45,5,38,22,77,8
13,36,60,19,19,2,28,57,3,0,0,0,7,1,48,5,24,21,3,17,1,14,0,38,3,10,10,12,3,2,5,5,3,28,46,33,10,177,22,5,13,35,1,10,7,2,4,17,34,13,78,67,24,4,1,3,16,27,13,23,12,2,36,57,1,11,19,3,2,2,12,11,31,5,47,16,88,41,1,4,2,9,7,20,40,36,2,11,0,2,5,3,9,40,76,279,23,12,48,4,34,8,13,9,102,5,82,26,96,0,1,4,67,6,33,0,16,18,1,24,11,19,2,5,0,14,22,4,39,1,50,5,49,24,14,12,3,8,5,12,3,3,1,11,8,3,2,8,7,90,70,0,32,34,3,3,27,3,7,131,2,17,187,10,39,7,5,39,4,2,27,2,28,23,5,2,20,8,5,55,6,3,0,7,0,7,0,6,5,15,25,58,26,8,12,81,99,11,21,2,23,3,80,5,20,7,4,2,9,2,4,56,13,53,133,4,20,22,9,16,102,24,7,7,9,4,33,2,4,28,29,0,5,10,16,5,19,107,2,9,5,19,34,8,5,14,8,40,1,101,23,38,6,40,16,32,13,21,2,5,13,49,9,21,11,55,15
20,70,68,30,17,2,112,10,1,0,1,4,11,10,156,4,9,54,4,51,1,22,1,48,3,1,6,5,4,3,18,20,4,50,37,15,5,426,30,7,6,16,1,0,9,2,1,16,39,6,32,16,18,0,3,5,11,20,4,100,19,4,130,172,3,15,34,9,0,1,11,7,101,2,67,15,53,26,6,0,13,11,12,42,92,63,1,20,11,5,8,12,38,83,206,890,15,32,57,4,94,17,4,1,21,7,16,102,330,0,1,6,246,4,20,4,17,9,2,3,19,16,8,24,5,5,7,5,20,8,56,0,7,10,25,20,4,0,21,14,4,6,4,22,7,5,6,13,7,342,196,3,54,26,10,8,9,3,7,172,0,74,27,13,64,2,13,136,1,9,23,9,1,3,1,3,32,46,0,103,4,8,2,13,2,25,0,6,7,32,24,26,32,10,10,141,90,15,23,4,20,10,51,7,33,6,8,4,36,5,14,85,41,25,336,5,29,46,6,28,338,41,16,17,20,7,2,9,19,17,57,2,2,26,25,8,37,312,0,12,11,68,79,29,10,3,0,55,1,126,24,65,3,36,28,24,15,26,10,0,23,48,28,29,18,38,38
16,67,63,17,9,0,74,14,2,1,3,1,9,4,173,4,8,3,9,50,1,11,6,42,1,2,3,3,3,3,10,4,1,61,10,8,0,407,17,4,5,6,3,0,6,3,1,9,25,8,12,9,4,2,2,8,3,9,1,60,3,5,133,170,8,16,53,0,0,1,7,7,80,0,29,9,54,14,4,4,9,11,5,44,85,52,1,21,0,2,17,2,30,64,131,737,24,37,37,3,91,5,2,0,15,2,4,92,197,4,0,4,223,8,13,0,18,4,4,5,27,22,8,16,0,5,8,2,24,6,23,0,5,13,21,14,0,2,7,9,4,0,0,29,14,4,3,15,39,270,179,3,43,23,4,3,16,0,3,66,2,55,36,4,65,2,15,133,3,19,10,1,3,2,17,2,55,41,7,102,3,1,0,20,0,35,1,3,10,7,7,5,4,10,13,116,35,4,14,1,20,9,34,6,37,7,3,3,13,3,26,76,46,31,317,4,17,40,8,31,304,33,4,4,11,10,9,16,21,11,51,0,0,31,38,7,19,258,2,4,5,54,73,17,4,15,4,47,4,125,38,59,0,33,33,24,12,20,6,0,33,35,4,21,7,18,24
6,62,57,22,18,3,47,29,3,1,5,3,16,5,120,6,13,21,0,20,0,15,2,57,1,1,10,5,3,1,1,13,2,51,54,27,0,280,20,9,2,8,2,1,12,4,3,21,44,15,28,27,24,1,0,7,4,20,6,64,18,6,85,86,2,9,38,2,1,1,10,8,75,2,65,19,77,24,6,0,8,5,6,30,74,48,3,7,0,0,7,9,19,59,123,536,21,14,28,5,71,9,16,5,21,8,26,66,155,2,0,4,175,2,11,0,28,15,5,4,17,13,4,16,3,10,6,1,23,3,64,2,9,17,18,8,6,3,11,32,4,7,1,9,5,4,1,4,6,161,149,1,41,30,2,1,11,10,11,167,2,29,79,14,51,0,6,100,7,0,21,4,10,7,9,1,28,23,4,71,0,1,2,10,4,16,3,4,3,25,44,20,13,8,27,91,115,2,23,2,48,5,56,3,26,5,2,0,14,1,19,73,20,37,226,7,20,19,7,24,165,33,4,13,8,8,6,10,9,24,46,5,6,20,20,7,40,225,0,13,7,57,67,14,7,8,1,33,3,90,12,50,1,63,34,27,14,19,6,3,11,32,5,31,9,28,20
3,39,42,23,11,2,39,30,1,0,1,0,9,4,89,4,5,19,1,28,0,7,13,27,5,1,10,8,1,0,5,10,1,30,30,18,0,191,23,8,7,30,0,3,5,9,4,10,32,4,33,34,11,6,0,2,17,10,3,47,12,5,50,73,2,7,20,2,0,2,9,15,44,0,52,16,84,22,3,6,4,8,3,19,24,18,2,13,0,1,4,7,22,32,76,333,21,11,27,3,30,4,4,3,29,10,20,51,111,2,1,5,106,1,10,0,25,17,7,5,8,15,1,4,1,10,21,1,18,12,48,2,7,47,13,7,4,0,10,8,5,2,2,5,3,3,1,1,0,93,96,3,33,30,7,0,15,6,6,94,2,25,61,8,40,1,1,66,0,8,23,1,4,13,6,1,14,24,7,59,2,2,4,22,0,6,4,2,8,11,26,43,22,8,10,66,67,1,18,0,26,2,55,7,14,5,2,1,12,1,14,54,11,30,112,4,23,22,8,18,97,21,4,13,6,6,47,7,18,18,20,2,4,7,16,9,25,156,2,23,3,52,54,6,4,10,4,21,6,76,7,33,2,40,14,21,23,12,5,3,21,30,5,21,10,34,17
8,48,38,14,11,6,22,19,1,0,1,2,4,7,27,6,4,22,3,13,3,5,2,19,0,3,1,4,1,3,1,14,2,34,30,34,0,133,15,7,5,2,0,5,7,3,2,8,41,11,27,11,17,2,0,2,7,46,12,23,8,2,61,50,1,2,6,0,0,4,9,6,20,4,35,8,54,22,1,0,4,6,5,16,37,43,2,6,1,3,11,2,7,44,44,220,14,5,36,5,19,11,15,0,26,8,18,30,52,0,0,5,45,4,16,0,13,24,5,20,3,12,3,5,0,7,9,2,11,2,77,2,8,21,7,3,3,3,2,15,8,13,5,24,5,7,4,19,15,98,49,1,25,17,6,0,11,1,10,134,3,10,69,4,23,3,3,35,2,8,16,0,4,5,19,4,41,11,4,43,4,0,1,12,0,3,3,3,5,16,10,13,16,2,16,49,135,1,17,3,8,12,48,9,15,5,2,1,9,1,4,52,18,21,56,6,12,14,8,9,98,27,15,28,5,6,6,3,7,15,19,0,2,6,12,5,17,109,2,8,8,15,16,5,6,5,2,15,0,66,5,29,3,43,11,15,6,14,5,3,11,21,11,16,13,25,13
4,58,73,20,16,9,38,19,2,1,1,6,11,3,88,6,11,25,2,29,1,9,2,37,2,2,5,10,4,4,7,20,1,30,33,28,2,220,16,10,3,10,0,0,14,2,4,10,35,18,47,22,20,2,0,2,7,10,7,38,13,7,81,84,0,19,30,7,0,2,12,14,65,3,34,22,88,19,5,3,11,6,6,26,47,49,6,19,0,10,13,2,25,47,93,446,23,19,37,4,57,8,10,3,37,7,28,48,123,2,1,6,101,5,19,0,26,7,3,6,25,15,8,15,1,5,10,3,28,3,74,4,7,21,11,9,7,0,11,16,5,11,3,14,4,3,3,8,8,150,97,2,29,32,1,2,15,4,11,117,1,33,96,14,58,4,13,58,3,20,26,4,12,6,1,13,52,23,5,85,4,3,2,12,3,15,1,3,11,22,23,23,20,6,15,104,104,11,21,5,15,3,59,5,39,11,6,4,12,3,7,57,22,22,158,4,16,22,18,19,143,26,5,19,14,9,14,8,23,17,38,1,9,22,27,7,22,158,2,10,4,24,54,15,5,12,2,38,2,105,57,44,4,47,27,23,11,25,6,1,18,34,27,21,14,50,38
37,91,78,34,13,6,93,19,0,0,1,7,14,3,169,6,9,62,4,42,4,13,0,61,6,5,6,8,4,1,9,41,1,53,59,27,3,396,36,9,2,10,1,1,7,7,5,9,26,4,31,30,10,5,2,2,9,26,9,82,17,7,120,160,2,25,40,8,1,5,18,3,98,1,71,16,67,10,10,6,12,9,3,32,83,59,2,8,0,5,11,7,40,79,179,783,22,36,44,4,102,9,12,0,15,0,18,96,306,0,6,11,216,4,25,4,17,16,7,7,23,18,4,12,4,10,9,4,19,5,63,7,9,35,30,10,6,4,12,8,3,7,2,13,11,1,3,15,10,261,183,3,51,25,6,6,9,4,4,215,1,75,52,15,107,3,9,88,7,8,26,7,7,3,2,7,59,44,16,108,3,5,6,13,1,12,1,2,12,32,40,19,36,10,10,119,153,14,16,2,22,6,48,11,30,12,6,3,17,0,8,84,45,29,242,12,14,36,18,46,255,36,10,26,14,11,8,11,14,14,45,3,2,21,23,12,28,307,1,10,10,87,83,9,8,14,1,49,5,118,16,71,11,36,35,33,25,32,9,1,34,41,25,32,9,30,37
4,55,74,17,20,3,25,50,2,4,4,6,4,6,70,4,8,35,3,27,1,9,0,39,16,5,20,23,2,0,1,19,0,37,80,63,0,253,30,8,12,29,1,5,7,14,1,12,45,23,51,48,20,9,3,11,11,71,5,58,14,4,109,87,1,10,21,6,1,5,19,3,58,6,75,10,71,35,8,1,8,11,5,31,53,57,9,8,1,9,15,7,26,45,89,419,15,19,39,6,48,15,18,9,55,29,61,61,130,0,1,5,100,10,35,4,22,31,5,11,15,23,7,5,2,22,32,5,34,10,51,7,28,47,18,14,1,4,11,23,5,7,2,20,7,5,3,8,7,139,112,3,27,30,4,16,19,3,7,213,8,34,155,20,62,2,11,59,8,2,38,4,12,17,2,5,34,22,11,73,8,5,3,14,2,8,2,4,11,46,38,39,31,10,23,116,153,10,24,4,39,13,98,2,29,12,3,1,11,3,3,100,19,45,161,8,33,31,19,13,173,38,2,23,14,6,19,4,11,33,32,1,2,18,24,4,32,201,1,19,10,53,67,7,9,11,10,42,2,123,16,41,1,48,16,35,15,30,8,8,21,41,13,35,19,64,34
5,69,54,14,16,1,35,14,0,1,3,4,8,9,90,5,9,24,3,19,3,16,1,36,5,11,7,5,3,1,4,14,1,38,36,30,1,220,29,1,3,6,0,0,9,10,0,11,39,9,29,24,23,9,1,1,7,45,11,48,6,6,79,89,4,9,21,5,1,1,17,4,42,2,49,8,49,27,5,14,4,7,2,22,51,37,6,12,0,1,4,1,13,41,77,384,28,18,38,1,35,8,12,1,33,6,15,47,109,1,1,3,88,14,19,1,19,14,5,8,14,20,8,12,3,13,10,0,26,3,56,2,7,70,10,7,3,1,9,18,5,11,8,23,7,2,6,13,9,145,133,1,39,33,4,0,11,2,4,170,1,38,46,12,55,3,11,52,20,0,25,3,5,7,0,2,41,18,19,46,3,8,3,13,1,21,0,4,8,26,24,20,28,2,9,88,100,9,33,1,25,4,39,4,20,8,4,5,18,1,16,44,18,44,101,7,29,36,11,20,138,13,2,9,18,12,27,12,17,16,37,0,3,23,25,4,25,126,1,18,7,26,77,10,7,8,3,43,8,88,29,67,1,22,16,24,15,26,4,2,17,50,18,22,15,43,16
11,74,52,24,16,1,30,25,3,3,2,3,7,2,41,6,10,20,11,15,5,16,8,49,1,6,6,7,2,3,5,17,1,41,52,39,4,225,31,6,5,14,1,4,10,8,1,15,46,11,47,28,12,2,1,2,10,38,14,40,10,3,70,62,0,9,20,3,7,4,15,7,61,4,88,11,74,28,2,7,4,3,9,18,57,32,0,9,0,3,4,5,14,40,88,314,38,10,39,7,53,3,16,8,22,6,29,45,138,0,0,2,110,3,20,3,28,10,10,16,13,11,2,12,2,18,23,3,30,15,70,3,16,40,11,13,3,0,15,17,3,9,1,13,6,3,3,7,7,130,99,0,37,23,3,2,16,14,9,170,4,24,72,9,53,3,5,43,3,0,26,0,12,3,4,4,26,22,11,66,3,1,2,11,3,6,1,4,11,30,29,34,13,5,17,72,105,5,14,3,22,5,54,11,20,5,6,4,17,2,5,45,16,39,119,8,19,32,15,6,143,24,1,2,10,5,26,1,8,30,30,0,3,20,19,3,20,166,2,11,14,21,56,15,8,11,3,29,3,111,16,37,9,37,23,16,17,16,6,8,11,44,6,38,24,41,20
6,79,46,22,11,5,36,29,1,0,3,4,5,9,66,3,11,43,1,17,4,14,1,52,7,0,16,7,6,3,7,14,3,29,67,26,6,197,30,5,4,28,5,6,10,4,1,7,25,6,41,33,16,1,2,2,14,28,9,29,24,2,66,38,5,22,13,6,5,0,31,7,70,1,126,15,55,10,3,1,4,8,7,22,46,42,0,14,0,5,10,2,14,36,78,414,17,34,29,4,43,13,11,2,20,8,36,46,110,0,0,10,96,23,18,0,16,20,4,13,15,16,5,14,4,21,9,1,16,8,69,6,6,23,12,11,4,2,7,13,4,4,6,18,2,3,6,5,9,107,85,2,21,34,6,5,8,19,7,264,2,22,70,8,57,5,7,36,10,1,61,0,10,25,5,1,31,16,5,44,2,3,2,13,3,14,3,3,16,66,61,42,16,7,18,104,252,2,38,1,39,9,52,7,24,6,3,3,13,0,6,84,10,42,159,1,15,24,7,19,107,28,7,14,11,5,14,14,10,28,22,0,5,14,12,9,58,103,0,19,4,28,45,10,6,11,6,28,3,75,30,34,3,35,17,22,8,17,1,2,22,34,9,30,22,55,25
4,34,30,25,18,5,22,33,2,1,5,0,6,2,32,10,15,21,0,13,0,4,0,33,0,5,19,20,1,1,2,11,0,24,33,26,2,103,21,5,9,15,2,5,8,5,10,11,55,7,43,34,19,1,5,4,9,26,14,14,7,3,21,17,1,4,6,3,9,1,11,9,23,0,89,12,72,31,4,4,3,7,7,8,25,24,2,15,0,8,10,3,5,26,25,161,13,14,39,6,19,9,12,4,29,23,31,28,66,3,0,4,58,8,21,0,33,10,11,15,10,13,4,7,3,14,17,2,27,1,74,6,21,20,5,6,4,2,6,10,7,14,5,4,1,1,2,4,5,50,38,4,23,22,3,7,20,4,5,189,2,9,96,15,32,2,4,20,7,50,33,0,13,4,12,4,18,11,21,33,4,0,2,2,2,9,2,3,9,42,27,24,20,8,12,70,133,5,21,6,37,7,86,3,21,12,3,0,5,0,3,49,7,45,65,5,16,20,10,4,61,29,1,31,3,4,23,2,5,21,21,3,1,10,13,3,34,33,0,12,10,15,38,4,4,7,6,21,1,59,25,22,4,54,11,15,6,12,4,3,6,29,4,27,13,65,14
6,68,40,43,11,7,39,24,0,2,7,4,3,7,90,4,12,17,2,18,0,7,8,42,1,1,12,11,1,1,8,16,3,37,46,23,2,224,20,13,10,15,6,3,7,6,3,14,58,11,26,33,17,6,0,4,10,21,3,40,16,4,61,66,0,7,15,6,2,0,14,6,63,1,87,19,68,24,2,1,5,12,8,23,42,34,3,15,2,5,10,9,14,56,80,341,21,28,31,5,41,10,12,1,13,16,31,49,169,1,3,9,129,4,20,11,22,10,3,14,9,18,3,7,7,12,15,0,25,7,77,4,5,21,10,10,6,10,7,21,4,3,8,11,4,0,2,1,0,121,89,0,37,32,5,2,22,4,11,177,2,26,91,9,36,3,7,56,21,2,43,5,13,7,15,5,20,16,6,47,1,11,2,6,2,11,3,4,8,19,43,51,23,6,11,100,140,4,17,4,33,7,77,2,21,10,6,0,10,2,8,57,15,38,141,2,28,31,12,12,112,31,3,14,11,11,13,3,12,15,28,0,2,9,22,4,27,92,1,14,14,31,45,7,5,6,0,32,2,101,10,41,2,40,21,26,15,19,3,4,16,39,26,27,10,34,28
3,58,56,24,16,0,28,24,3,0,2,7,8,3,69,4,8,14,4,23,0,11,5,34,0,2,9,10,4,4,2,23,0,38,48,41,6,192,19,10,10,26,1,2,7,9,1,24,36,14,29,20,25,2,1,2,5,20,6,32,9,3,62,47,2,3,15,2,6,3,12,14,52,2,66,16,73,17,4,3,4,12,6,27,41,42,8,7,0,2,6,6,21,40,79,358,27,21,22,3,44,8,6,3,39,5,31,64,108,0,3,5,94,4,27,4,19,16,9,16,14,6,5,7,0,14,13,3,23,4,53,7,10,21,18,15,2,1,7,28,10,15,2,19,7,4,9,14,9,126,83,7,29,21,4,2,16,6,14,181,3,25,79,7,59,4,6,53,2,0,26,0,14,12,6,7,55,17,10,54,6,4,2,9,0,9,3,0,8,18,28,31,17,3,13,96,130,5,12,8,26,2,79,7,26,6,4,1,17,2,6,53,20,49,142,2,12,22,11,16,158,38,5,18,13,8,23,7,12,41,22,0,3,15,21,3,16,103,1,20,12,30,44,6,4,10,3,31,4,62,7,33,6,45,20,21,13,28,5,1,16,43,8,30,17,31,8
8,99,82,33,12,2,52,18,5,5,1,10,9,5,99,7,12,23,5,24,2,18,6,36,1,2,7,12,1,0,9,22,1,35,49,28,4,307,28,0,5,16,2,3,10,2,6,10,32,11,31,37,3,2,2,2,10,38,14,51,12,3,76,116,2,15,20,10,1,5,14,11,65,3,46,18,66,20,6,0,10,16,7,21,59,68,5,19,0,8,19,5,18,57,90,484,12,28,52,4,71,7,8,0,27,7,34,65,169,0,0,3,122,8,24,5,13,11,6,8,11,15,3,7,1,13,14,1,17,5,54,2,7,13,16,9,3,0,12,15,1,6,2,12,5,2,3,13,11,212,159,3,30,26,8,2,21,9,5,142,5,46,71,11,91,4,14,89,3,0,16,1,9,10,11,13,64,22,1,73,5,6,2,13,1,18,4,0,9,21,15,25,29,11,12,139,96,5,20,2,20,12,60,7,28,7,7,1,23,0,14,68,49,46,194,3,10,21,15,31,239,28,6,10,11,7,7,10,14,17,33,3,3,16,24,3,28,201,1,13,9,48,58,14,3,7,7,46,0,96,36,52,2,45,30,25,13,18,7,2,21,41,31,27,9,53,20
10,69,43,23,21,6,48,39,3,1,3,3,9,2,65,8,19,10,5,21,0,16,3,35,3,5,12,24,2,1,4,16,3,31,62,32,0,161,17,8,5,16,1,11,18,5,1,13,40,16,33,26,11,2,0,3,8,30,8,40,8,2,51,53,0,11,9,1,2,0,32,8,49,1,97,11,60,34,3,5,5,6,14,21,20,44,3,17,0,6,16,4,13,36,64,331,20,11,38,1,35,10,25,4,19,5,39,52,104,1,1,4,87,12,13,16,19,14,4,5,13,15,4,11,0,13,25,7,29,2,50,7,22,26,13,15,0,1,4,19,14,14,2,10,7,2,5,4,10,80,64,2,20,26,3,1,17,7,8,257,2,25,81,15,53,3,4,48,13,2,38,2,6,12,11,4,39,20,16,36,5,3,1,8,1,3,3,6,9,58,68,31,21,4,17,117,167,8,26,2,46,8,66,3,23,11,4,0,14,4,6,94,17,53,121,4,22,26,8,13,140,29,2,14,5,6,9,6,5,22,29,1,6,12,11,5,39,96,1,20,9,38,50,10,6,7,5,38,1,96,12,34,7,70,8,17,17,18,2,4,11,29,6,24,29,58,24
8,45,50,22,15,1,45,17,2,1,4,2,10,10,119,1,8,12,12,32,13,10,2,56,12,10,3,11,4,7,6,20,0,57,26,26,0,286,16,13,5,7,1,2,16,7,3,11,41,9,33,17,19,2,2,3,10,40,5,66,17,6,111,95,5,12,33,3,2,1,14,14,80,2,60,10,86,25,6,1,7,12,2,31,80,33,1,22,0,3,9,12,26,42,140,546,18,23,42,5,82,10,10,6,17,6,14,59,190,3,0,10,157,3,13,1,25,13,4,6,27,23,2,9,7,10,10,4,17,2,64,1,9,11,11,4,8,0,7,20,6,11,0,8,11,6,25,4,6,232,149,3,27,30,8,1,14,1,13,118,3,57,74,10,62,4,8,64,5,2,15,5,6,4,0,7,22,45,6,83,4,4,2,8,3,9,3,0,5,13,27,21,11,6,14,99,70,4,21,1,28,4,56,5,36,4,7,3,20,2,5,63,20,23,218,14,22,32,13,30,177,39,8,4,6,13,6,9,16,14,38,3,4,18,24,3,22,256,1,7,10,37,51,12,3,13,3,41,2,119,19,64,4,53,30,20,12,16,8,1,25,38,11,22,10,26,23
6,111,57,15,21,3,32,34,2,2,5,7,9,8,51,1,15,66,4,19,1,10,13,42,7,1,11,20,3,0,2,38,2,37,61,20,0,162,30,5,12,15,3,19,11,10,5,10,57,9,56,50,12,8,1,3,9,11,8,21,15,4,64,73,3,8,25,17,2,2,17,2,61,3,89,11,76,35,4,6,4,8,9,11,35,49,2,21,2,4,6,5,15,40,64,304,30,16,31,3,42,17,17,1,47,16,37,39,132,2,3,8,91,11,17,2,25,15,9,10,18,18,5,11,6,18,23,5,30,11,74,10,17,48,9,5,5,2,9,27,8,6,4,4,6,1,1,2,4,118,94,2,32,24,4,4,15,13,4,246,1,14,106,16,41,2,3,40,2,1,46,7,17,9,15,4,20,17,13,58,3,9,2,9,0,6,3,7,7,44,46,53,40,6,16,130,210,10,24,1,35,3,79,6,20,6,7,5,16,3,5,67,10,26,103,3,35,34,13,10,128,36,0,16,12,12,16,5,7,29,26,10,2,15,20,3,41,149,2,30,6,45,52,10,8,10,5,38,3,118,9,44,4,38,20,37,11,24,3,2,15,30,15,27,16,65,17
5,36,41,6,14,7,63,18,1,0,6,6,4,3,100,5,11,18,4,29,0,11,5,37,2,3,10,7,2,1,4,6,1,40,37,53,2,239,24,8,2,8,0,2,12,6,1,17,90,12,29,18,21,5,1,9,7,31,11,52,10,4,91,111,1,12,28,3,1,2,6,9,74,5,51,13,61,31,1,1,7,5,7,12,36,26,4,10,1,3,4,1,28,28,92,486,28,43,46,1,74,6,15,3,26,4,25,67,184,1,6,6,132,3,24,7,17,20,8,7,14,20,4,14,0,12,14,7,39,9,59,2,5,26,12,14,1,4,9,18,0,16,3,4,0,2,1,2,3,141,123,4,28,26,4,0,22,1,7,95,0,33,73,8,71,1,9,84,2,3,8,0,10,9,4,4,10,23,10,68,9,4,1,13,1,25,4,1,7,26,14,22,21,6,9,106,58,8,22,6,12,2,88,6,29,8,1,0,10,2,20,62,25,41,217,4,16,21,19,43,219,35,0,11,7,11,13,7,16,6,38,0,2,15,26,5,24,155,2,10,10,41,48,15,2,15,4,43,4,85,21,58,2,58,28,14,14,21,5,3,20,44,9,26,14,42,18
8,45,41,15,6,9,39,25,1,0,2,5,10,7,86,5,17,25,2,36,9,9,13,40,3,5,8,10,3,0,10,16,0,49,50,34,1,279,24,8,9,18,8,4,12,8,0,12,52,11,41,27,14,4,1,3,5,20,10,52,9,6,68,78,5,20,30,3,1,2,18,4,81,3,57,11,105,31,4,9,7,6,8,14,43,21,6,8,0,3,11,3,17,45,80,503,28,26,32,5,46,12,3,1,18,6,17,37,182,2,2,8,154,2,16,1,25,11,5,7,13,19,2,19,0,6,8,2,21,2,77,5,8,35,14,4,1,1,15,36,6,7,8,7,5,4,5,3,4,128,127,4,33,25,5,4,17,10,7,151,1,33,72,16,60,2,5,58,2,0,20,2,7,8,19,2,27,33,12,58,3,2,1,19,1,15,1,4,10,20,20,33,11,7,21,123,112,6,29,1,24,2,47,6,21,12,3,1,20,3,4,62,18,32,186,5,22,31,9,18,126,34,5,9,9,15,32,7,12,32,42,2,1,19,21,5,16,176,2,12,6,21,55,11,4,17,6,36,3,115,22,50,3,40,23,18,16,28,7,1,22,39,8,25,14,36,24
2,90,60,21,16,5,16,34,0,1,5,3,10,3,33,2,5,38,2,5,0,13,3,21,7,2,8,16,0,1,2,18,0,12,49,40,0,78,30,2,14,18,1,1,17,6,1,15,59,13,34,32,22,4,1,6,14,35,5,15,11,0,16,17,1,7,6,5,1,2,27,7,33,2,104,11,67,27,4,3,2,6,9,14,13,21,2,14,0,10,9,5,2,24,35,166,23,7,37,3,12,22,18,2,23,12,22,25,32,4,2,5,45,13,16,3,30,9,7,5,16,18,0,11,0,16,17,1,29,7,85,12,12,44,3,17,6,0,4,9,8,8,0,9,2,1,4,4,6,60,24,3,31,25,3,0,25,12,13,273,2,7,79,4,30,6,2,14,1,0,60,2,8,15,3,6,22,2,12,42,2,2,0,3,0,6,4,6,4,46,40,30,22,11,19,105,167,2,37,1,18,2,64,3,13,9,5,0,10,1,6,62,3,43,62,4,38,14,17,5,71,20,5,31,4,10,35,6,3,14,14,5,3,9,15,2,38,39,5,34,13,36,45,4,5,8,4,25,4,67,1,27,5,69,5,22,21,16,3,3,10,43,6,24,13,62,14
4,70,73,22,22,1,27,28,3,0,3,4,7,6,55,6,19,32,2,14,0,18,6,47,7,5,11,12,1,1,7,24,2,34,76,67,2,151,33,4,21,15,1,4,26,12,3,18,58,15,45,36,36,4,2,3,13,43,14,25,18,10,43,63,1,8,15,9,0,1,19,0,55,2,96,14,99,40,4,6,5,10,8,12,26,45,12,12,0,4,10,6,21,44,56,270,31,13,53,5,25,20,20,4,45,9,53,46,93,2,0,5,97,11,32,2,25,32,5,23,21,25,2,11,0,27,25,4,41,3,97,10,19,32,14,12,5,4,6,31,7,16,1,8,2,1,3,2,3,88,61,3,31,41,1,1,26,8,11,299,4,22,114,13,60,2,3,29,2,10,54,4,19,19,2,8,25,16,3,56,2,8,1,3,1,14,2,5,10,42,61,62,21,9,17,97,234,6,33,3,37,6,99,8,25,6,13,1,19,0,10,78,19,51,114,4,15,30,19,8,81,39,6,8,8,12,29,7,6,30,25,4,3,11,17,4,54,78,4,17,10,41,33,8,1,9,3,44,2,125,14,25,3,61,9,33,7,29,4,4,21,38,25,28,25,76,22
12,67,50,12,20,2,49,18,1,2,4,3,5,2,101,1,9,36,1,28,3,17,2,25,6,2,9,8,8,0,7,16,0,38,46,13,0,281,15,7,8,10,1,1,6,3,1,5,17,8,18,16,5,0,0,13,3,15,7,34,9,1,71,84,3,3,26,9,1,0,12,1,69,0,82,8,27,17,3,0,6,6,8,22,56,49,0,16,3,5,11,4,25,38,81,419,12,26,37,3,56,14,10,1,12,2,19,49,131,1,0,5,118,9,9,8,22,11,11,2,21,13,2,14,5,11,4,1,16,4,36,3,1,10,21,8,6,3,10,12,1,5,2,21,5,2,3,14,15,168,136,5,31,20,10,2,13,6,5,160,2,29,59,14,47,1,3,60,2,6,20,2,9,4,4,4,30,31,4,68,0,2,2,2,0,18,1,4,8,20,28,31,13,10,16,88,141,17,21,2,18,4,30,4,19,3,1,1,26,1,6,73,29,22,178,6,9,31,10,21,135,14,8,9,10,10,4,6,16,8,28,7,1,10,19,9,28,162,6,19,4,67,49,7,4,1,1,31,1,82,10,33,3,30,16,23,15,11,1,4,10,20,20,24,10,32,19
0,18,35,21,8,11,33,22,2,1,1,6,6,2,54,2,8,7,6,18,3,11,2,36,1,4,5,8,1,1,4,13,0,24,45,21,2,164,20,2,11,19,1,3,10,8,4,9,36,8,23,21,7,1,1,1,5,28,10,28,6,5,47,65,0,16,20,1,0,3,19,2,37,0,56,9,50,21,5,8,1,7,10,20,40,22,3,12,1,3,6,3,18,60,67,307,21,10,34,2,39,4,10,2,41,11,17,45,124,3,2,8,79,11,15,1,17,13,2,1,14,9,2,16,0,11,4,0,19,1,27,5,5,35,10,2,0,0,4,8,2,5,1,2,2,3,3,2,4,83,70,1,20,15,8,3,13,10,3,159,1,32,47,6,38,0,8,49,7,0,18,1,8,10,1,0,8,17,20,45,1,4,1,6,0,9,4,4,5,26,28,26,21,9,2,91,88,6,12,1,13,2,36,6,20,8,2,1,8,4,2,56,10,26,127,8,18,19,13,6,106,26,5,21,4,9,25,3,7,9,26,1,3,10,14,4,15,111,1,5,6,31,57,9,4,9,4,30,3,72,13,34,4,29,13,17,9,18,2,3,16,33,6,16,5,25,14
6,73,54,26,23,2,20,32,1,1,3,1,6,3,64,4,11,26,4,11,1,8,5,39,5,7,13,21,5,1,1,16,1,28,55,72,6,121,22,13,17,23,1,2,10,5,1,16,65,17,53,35,15,2,0,8,12,56,21,23,19,5,29,29,0,4,8,3,1,1,30,6,55,3,88,9,73,29,4,8,2,8,16,9,19,30,4,10,0,7,11,7,11,25,45,261,19,13,45,8,49,9,24,5,17,9,44,37,90,1,0,5,75,34,30,3,21,41,3,14,12,11,5,5,4,13,20,1,36,4,58,5,19,30,4,11,5,2,6,7,5,27,3,6,5,1,0,8,2,60,64,4,36,29,2,9,26,19,16,238,4,14,127,18,35,6,8,20,3,2,41,1,18,11,6,2,17,9,6,38,5,2,0,5,1,10,2,6,9,41,49,33,19,8,23,81,281,9,33,7,43,3,97,5,21,9,5,0,21,4,8,67,12,49,122,3,13,21,17,9,91,35,2,7,8,10,33,4,8,17,14,0,2,19,11,2,37,49,3,21,10,39,30,6,4,1,2,35,3,83,19,22,5,85,9,25,10,30,3,12,11,39,6,30,34,49,11
11,100,61,27,9,9,43,25,4,2,11,6,9,4,66,7,24,19,2,31,5,13,6,46,1,1,10,17,1,3,6,19,2,47,56,22,2,279,19,4,1,10,0,2,9,2,3,10,36,5,22,29,15,3,2,5,5,22,5,52,13,4,94,109,3,10,18,2,1,0,7,4,61,5,81,19,44,29,4,0,3,11,3,17,64,61,6,19,1,7,11,5,30,55,116,489,30,22,33,7,47,6,14,1,26,12,35,68,170,3,1,5,150,7,15,0,14,13,7,9,14,22,7,14,1,13,19,2,16,1,53,3,14,20,15,9,7,3,16,20,3,4,1,15,10,3,2,26,10,201,140,3,31,35,4,2,14,6,8,155,0,29,47,14,68,1,5,56,6,4,34,2,4,14,6,13,54,25,0,87,2,5,1,8,1,21,4,1,9,21,16,28,13,4,7,86,135,6,6,3,22,2,55,2,31,7,5,1,11,2,6,59,32,23,170,3,19,29,6,11,182,20,5,27,13,5,9,7,8,23,39,2,2,18,22,11,47,166,2,10,11,63,74,8,6,7,3,37,0,101,27,38,6,31,22,27,8,18,11,1,12,40,10,25,8,45,29
4,71,66,19,18,5,37,42,2,1,1,10,10,6,56,2,2,16,2,19,1,12,6,48,4,1,21,16,4,2,6,13,2,43,48,49,0,224,33,5,14,32,9,2,12,16,5,21,58,18,63,38,14,4,1,4,19,30,12,30,11,5,64,63,1,7,25,3,2,2,10,9,56,10,64,14,82,27,4,2,4,10,3,31,53,42,2,19,0,6,4,7,18,36,77,401,22,17,51,9,42,10,11,9,43,4,76,50,129,1,0,10,92,5,32,2,28,10,2,18,17,25,9,8,0,9,24,2,39,3,50,5,21,22,5,10,3,3,5,29,9,7,0,11,5,1,1,9,4,152,92,1,34,31,4,1,26,4,9,167,3,31,139,10,54,2,5,68,3,0,13,1,24,26,9,8,21,30,8,57,6,4,4,5,0,23,3,4,12,21,18,23,26,15,12,114,130,4,24,3,22,4,105,6,25,9,4,1,28,4,7,52,22,36,110,4,37,27,15,10,161,47,3,20,14,6,16,12,14,26,44,3,5,7,23,10,26,144,1,15,6,40,52,10,3,15,9,32,5,105,14,46,7,75,13,22,17,19,5,4,22,47,3,18,12,54,21
0,82,59,11,24,11,14,38,5,1,5,2,1,2,18,5,12,33,4,10,3,12,4,42,3,0,6,16,3,0,2,15,1,37,60,39,0,88,21,6,12,19,0,1,8,7,3,21,57,14,49,35,19,2,2,8,16,34,12,13,13,3,15,25,1,1,9,3,1,3,12,10,31,4,67,5,75,23,1,1,3,5,10,4,20,37,3,15,1,4,9,2,5,42,26,132,24,10,38,1,16,8,11,3,54,8,46,22,42,0,0,4,33,24,27,0,20,27,7,20,7,16,5,8,4,23,31,2,37,6,72,5,16,26,9,7,7,2,8,12,8,14,2,12,3,0,1,5,3,57,38,4,13,25,0,5,19,15,10,247,2,4,131,9,36,8,1,20,11,1,36,1,21,4,6,4,17,13,5,37,1,0,1,7,0,3,1,6,10,22,73,28,22,5,11,79,227,8,15,4,28,9,70,6,12,4,5,0,15,3,11,49,10,48,51,3,9,17,12,6,42,27,3,10,4,9,26,7,9,18,15,2,1,14,9,3,29,34,2,21,7,36,18,6,1,7,2,23,2,87,2,13,1,58,7,38,8,14,4,4,7,36,7,23,24,55,19
1,88,71,26,21,8,12,47,3,2,8,2,6,3,42,9,21,55,5,10,4,13,4,38,7,4,17,26,1,1,2,35,7,25,68,37,3,111,15,7,20,27,3,4,10,5,6,12,43,8,59,44,10,0,3,12,11,62,8,17,34,1,24,28,1,15,6,3,1,4,21,2,33,6,121,13,57,36,2,3,1,10,12,11,25,34,0,6,1,13,9,5,6,24,36,214,17,12,57,4,28,18,26,21,66,14,82,37,62,2,0,7,40,30,35,0,17,20,6,19,11,17,4,6,5,21,34,4,36,7,61,10,44,22,7,11,11,0,5,15,3,11,2,12,4,0,4,3,12,79,53,4,31,32,1,4,16,8,7,287,3,12,207,20,41,2,5,9,6,0,49,1,19,20,4,7,31,2,16,43,3,2,3,3,0,6,5,2,8,49,54,56,31,8,19,102,231,15,17,4,39,13,91,7,21,6,6,4,6,1,7,79,6,57,64,5,19,24,14,4,72,33,6,29,11,12,26,7,3,25,25,0,5,8,16,2,26,82,3,14,10,33,21,4,6,6,2,23,3,87,6,31,10,46,2,29,10,14,1,10,13,41,13,49,20,89,12
2,42,60,27,17,1,28,66,0,0,3,1,8,1,42,4,35,75,3,7,0,13,3,34,1,8,13,15,2,4,1,19,1,28,20,36,4,145,36,12,28,32,1,7,15,3,2,6,30,19,97,68,12,6,1,25,28,31,14,20,25,0,30,16,4,11,4,13,1,1,12,0,35,5,60,16,77,33,0,1,3,11,8,11,28,23,6,8,0,6,7,4,9,19,46,210,16,14,43,3,30,9,9,4,118,20,103,32,57,0,2,3,70,6,31,1,32,11,4,50,13,12,1,10,2,9,29,4,30,13,67,14,48,29,8,12,3,2,4,21,5,17,6,2,4,1,2,4,2,51,61,2,29,38,3,5,24,4,6,115,7,9,272,11,29,1,5,31,10,3,8,9,41,24,4,2,28,17,4,46,7,4,2,10,0,12,2,4,5,14,23,58,55,7,10,90,80,8,9,7,17,3,101,6,11,4,5,0,15,0,11,54,2,37,103,6,20,19,17,5,97,37,4,6,11,4,26,3,5,36,27,2,3,11,22,1,21,62,1,14,17,11,35,9,3,4,3,23,0,107,6,28,7,27,7,34,8,19,5,6,7,47,3,24,9,64,20
33,59,62,33,13,7,80,16,1,2,7,5,13,10,148,4,9,19,7,50,2,18,4,61,10,1,3,3,2,6,12,13,0,69,26,18,2,413,36,5,5,12,2,4,7,6,1,8,40,6,32,15,16,5,0,0,10,20,1,92,13,4,148,167,5,16,39,1,0,1,19,4,83,1,63,17,71,22,6,2,10,13,4,35,102,71,1,19,0,8,18,4,34,69,174,814,22,41,40,1,106,15,7,1,21,10,23,112,280,0,4,11,208,7,13,3,19,18,6,2,19,24,11,18,6,7,11,3,27,6,64,0,3,17,36,15,5,3,21,17,2,7,0,11,8,7,12,22,16,283,195,4,53,30,5,1,19,4,12,137,1,59,55,18,98,1,7,125,3,6,21,1,6,2,4,11,54,35,8,117,5,2,5,14,0,29,2,3,4,15,20,18,11,10,8,124,82,6,13,4,22,8,46,7,27,14,3,2,17,1,11,131,27,22,298,3,17,28,14,37,298,25,7,11,19,6,21,11,24,11,54,1,2,28,31,10,41,335,2,17,3,72,121,20,1,16,3,64,7,115,34,83,4,38,41,33,14,25,4,4,22,39,8,29,10,56,29
3,37,56,22,19,1,24,50,0,5,4,1,8,3,45,3,39,26,2,9,0,1,4,30,6,16,13,21,2,2,2,12,0,19,47,22,1,128,25,6,10,50,3,2,9,13,6,11,38,7,60,77,7,2,1,4,17,26,8,19,20,3,35,38,4,6,15,11,5,2,19,2,39,0,80,17,83,30,5,0,3,10,8,20,27,42,4,6,2,5,12,3,13,28,58,243,18,10,16,5,25,9,13,0,98,13,69,32,66,2,5,1,54,6,22,8,16,16,1,18,20,22,3,8,0,13,21,1,45,2,46,5,33,45,5,7,3,1,7,22,7,4,1,18,6,2,5,10,6,67,46,2,29,27,4,2,18,5,13,129,9,14,228,5,44,3,8,30,10,9,27,3,23,12,0,5,20,8,5,39,7,4,0,8,1,6,1,5,7,22,11,25,18,2,13,79,61,11,15,3,30,7,91,2,21,6,6,1,15,1,5,49,18,37,80,3,23,11,9,2,83,28,5,16,5,9,32,5,7,19,17,1,2,8,19,8,14,54,1,11,2,11,31,6,6,9,3,19,5,89,23,21,5,30,8,22,10,17,0,12,14,34,19,25,10,67,10
1,72,59,20,17,20,11,47,1,2,5,4,6,4,24,3,10,86,7,5,0,13,1,40,7,6,16,32,3,0,0,31,1,25,64,66,3,83,44,7,11,42,4,14,18,8,4,34,76,17,86,66,17,1,3,7,35,43,10,5,41,2,6,11,0,2,3,9,1,7,24,5,35,5,126,10,97,40,2,2,2,7,18,10,15,30,4,11,1,10,6,4,2,29,15,113,29,4,37,6,9,14,25,12,72,9,135,20,28,0,1,7,31,17,41,0,66,41,3,15,9,15,3,14,7,27,41,4,36,4,114,7,19,32,9,7,4,10,3,24,24,10,4,17,4,4,6,5,5,38,19,4,34,38,7,1,25,25,16,338,2,0,199,9,41,6,6,6,4,37,63,4,28,21,6,8,25,6,4,28,8,7,5,7,4,11,1,7,14,51,65,42,42,6,30,94,274,7,49,12,65,8,109,6,23,10,15,5,9,1,5,80,8,70,34,1,19,14,28,8,50,48,2,24,6,15,27,7,2,34,15,4,1,5,16,1,42,45,2,33,14,20,14,4,3,9,2,24,4,99,7,19,3,90,3,26,4,18,2,10,8,43,16,41,33,78,12
2,75,73,12,24,7,11,45,3,0,4,5,5,9,30,2,6,23,8,9,4,7,12,29,3,2,13,15,5,4,2,21,3,21,43,53,0,100,21,7,4,23,0,4,19,10,2,21,54,20,79,62,19,2,1,1,25,38,7,14,17,3,33,21,2,12,7,10,0,1,19,8,32,4,55,13,91,40,0,1,1,6,7,14,35,34,7,7,2,5,10,4,11,30,37,173,21,2,31,6,10,16,12,8,62,6,72,41,42,6,0,4,51,18,31,1,47,20,4,30,5,13,4,11,3,4,38,3,37,6,74,6,36,29,10,6,1,12,6,16,12,14,2,21,12,0,2,13,8,74,38,4,11,21,2,0,15,8,11,194,6,13,224,13,38,6,6,19,5,1,27,4,25,19,0,9,35,10,6,41,9,6,0,4,4,2,3,2,7,32,28,58,40,5,19,102,171,11,23,3,26,11,107,4,14,5,4,1,17,1,2,60,15,35,40,5,18,20,14,5,66,30,14,23,7,11,22,6,7,33,23,6,2,17,15,0,27,69,2,14,14,19,28,5,7,10,3,19,5,90,9,20,4,52,3,32,10,32,0,5,10,44,19,29,17,69,15
2,51,39,27,29,0,7,37,3,1,1,5,6,5,24,6,7,20,5,12,0,7,6,29,17,0,11,28,1,3,5,23,1,25,67,40,0,107,31,8,8,26,1,7,25,6,4,13,38,15,75,53,17,4,4,3,14,20,8,13,15,1,20,22,1,4,7,8,2,2,15,14,45,3,65,7,69,38,2,1,2,10,4,6,14,21,3,7,1,6,4,1,6,25,18,141,9,7,26,2,13,13,13,26,38,16,60,33,50,1,1,6,34,14,16,9,26,31,6,13,9,10,3,8,1,18,26,0,22,2,67,8,13,23,4,6,6,2,8,21,6,11,3,4,1,1,0,7,4,66,21,3,24,25,4,1,25,9,8,236,3,6,130,15,26,0,2,17,0,0,42,2,9,20,3,4,18,5,5,17,6,0,1,3,1,5,1,1,7,33,29,38,31,5,13,83,129,10,15,6,30,5,62,3,14,4,3,0,23,0,6,51,11,53,50,3,5,22,11,1,65,32,3,23,11,12,11,2,9,29,25,1,3,2,10,2,29,28,2,23,4,38,17,0,3,3,3,19,1,82,4,18,5,42,3,17,8,19,2,8,10,31,11,25,23,55,15
2,44,38,20,18,1,5,36,1,2,4,0,4,3,10,2,9,16,3,6,4,9,6,26,1,7,5,19,1,5,2,16,1,14,59,36,9,56,14,7,17,38,1,3,12,6,3,12,50,11,56,45,13,0,0,5,16,25,13,14,10,0,7,7,0,4,6,0,0,0,21,8,17,1,91,13,57,20,4,1,0,3,10,1,4,14,7,5,0,5,9,4,0,9,13,73,20,3,36,7,13,10,20,3,32,7,59,4,24,0,0,4,13,7,21,6,31,11,5,17,8,13,1,7,0,19,21,6,35,2,48,6,19,22,2,18,0,1,2,9,8,26,2,3,2,1,2,1,2,15,23,2,17,22,3,7,26,8,15,171,4,3,159,8,25,5,1,1,6,0,25,0,35,11,2,2,11,3,4,24,4,3,3,4,0,6,2,3,9,33,39,26,12,5,16,55,189,3,11,1,28,5,89,3,16,6,0,0,5,1,1,37,3,49,46,4,13,10,17,2,29,27,3,7,0,9,18,5,6,21,13,3,1,5,14,0,29,16,3,17,8,21,7,4,3,6,5,18,2,59,5,11,1,40,7,21,2,15,2,5,9,29,8,34,8,71,10
5,89,78,21,16,4,46,46,2,2,5,4,6,2,92,6,7,25,6,22,5,23,5,55,5,4,12,13,6,0,4,14,1,50,49,25,2,230,22,13,11,13,0,4,13,15,2,10,41,12,55,35,28,2,2,14,15,14,8,31,17,0,37,49,3,4,28,15,8,1,25,9,52,5,70,8,87,32,3,3,4,14,10,24,37,33,8,12,3,6,6,8,35,32,82,374,32,10,43,6,49,10,15,2,33,11,54,33,123,0,1,8,138,5,32,0,32,16,6,12,24,15,6,15,12,11,25,4,32,12,86,6,27,15,16,18,3,2,17,14,4,12,0,11,15,3,5,9,14,153,110,1,30,26,4,4,19,7,7,199,2,27,125,14,57,2,8,88,1,5,37,6,15,10,2,2,27,24,9,55,1,7,1,10,1,18,2,6,11,28,33,35,21,6,14,92,119,7,14,4,29,10,86,8,23,5,6,2,17,2,17,80,29,38,154,3,15,37,14,12,131,37,14,3,10,2,23,3,14,21,37,1,5,18,14,8,33,132,2,20,11,54,45,7,5,15,10,28,3,98,22,38,6,38,20,34,12,31,8,2,16,41,6,31,14,59,21
0,57,33,14,10,2,12,32,0,2,3,2,6,2,31,2,23,49,4,9,0,11,6,29,9,6,15,12,2,0,2,29,2,32,44,16,2,85,17,0,8,29,0,15,5,8,4,8,27,6,65,50,11,6,2,3,21,9,2,24,13,0,22,38,0,7,5,10,13,1,11,4,25,2,98,17,51,26,0,2,1,5,7,8,4,30,0,10,0,7,4,4,6,19,30,184,11,6,36,3,13,9,6,8,51,9,63,27,60,1,0,2,56,11,18,2,22,13,9,33,5,16,3,13,3,6,21,2,24,6,33,2,47,22,8,12,5,6,4,17,5,13,4,2,3,2,0,3,2,67,46,5,25,28,2,0,13,8,9,124,2,10,170,10,54,6,3,33,0,0,26,3,20,21,2,0,13,6,9,30,4,7,1,1,0,6,1,2,5,11,23,40,32,3,10,69,115,10,22,1,25,2,64,3,15,8,11,1,6,2,4,42,12,38,93,1,10,17,8,12,58,33,2,9,7,10,22,6,7,25,14,1,3,6,21,0,36,52,1,16,4,27,40,4,2,4,2,12,6,86,5,27,7,23,2,22,9,13,2,7,7,34,15,27,16,61,7
2,58,62,23,16,4,4,60,2,4,4,2,3,2,10,4,38,52,3,4,3,12,5,45,4,5,21,33,4,1,1,22,1,18,95,25,0,58,38,11,17,42,1,11,16,6,4,13,39,17,89,76,27,8,1,9,17,37,5,18,17,1,8,11,0,2,1,11,2,1,12,5,17,8,85,10,111,47,3,12,1,14,9,10,8,31,4,6,0,5,6,3,6,18,10,101,29,4,43,8,13,12,10,6,76,19,112,39,29,2,5,4,14,9,34,0,38,9,7,15,17,9,1,10,3,11,51,3,42,3,73,11,51,48,7,15,5,1,3,14,2,7,1,7,2,1,2,6,6,31,23,2,29,40,2,2,22,13,9,204,5,5,213,21,39,0,7,4,2,0,23,4,31,16,0,2,30,3,13,43,4,1,2,4,2,6,3,2,7,34,31,60,31,9,14,88,125,13,27,1,41,5,108,9,18,8,8,1,14,4,7,59,4,49,55,0,26,22,18,5,34,49,5,41,6,11,34,6,4,40,19,3,1,3,10,2,33,22,1,26,10,25,28,1,9,4,6,33,5,94,6,27,3,49,5,25,14,24,0,5,8,33,16,32,15,97,11
3,69,54,17,15,0,49,42,6,1,6,7,7,3,82,5,18,28,2,22,0,8,2,41,4,4,20,25,1,3,6,14,3,37,54,30,0,192,30,4,13,23,0,2,12,5,0,19,28,9,41,52,14,5,0,2,4,26,10,42,12,2,38,86,2,14,14,4,3,2,7,9,43,4,50,16,60,30,2,4,4,6,8,10,30,25,2,5,0,2,9,4,15,37,72,330,18,18,36,2,34,11,14,0,49,6,27,29,94,3,4,5,105,0,16,0,28,11,2,8,9,18,3,12,1,5,32,2,31,2,47,10,14,48,10,11,5,3,4,24,1,5,4,7,4,2,0,8,3,102,77,2,23,33,5,5,15,4,6,154,2,21,87,6,39,1,5,42,5,2,25,4,16,10,7,4,31,16,12,52,2,3,1,12,0,11,4,9,11,11,28,35,28,9,9,90,114,1,21,2,9,5,58,8,22,5,3,3,10,2,16,54,22,38,157,4,25,16,13,18,168,31,3,10,9,11,31,10,8,26,34,1,7,19,20,4,24,110,2,14,7,20,56,5,5,6,3,33,4,93,12,41,9,32,22,25,13,21,4,6,14,34,14,24,7,50,17
1,67,48,17,14,4,19,22,3,2,0,1,4,7,37,4,5,40,1,9,0,10,5,26,3,1,4,13,0,4,5,12,2,17,41,33,2,100,12,4,12,23,2,5,9,6,1,13,66,7,65,30,17,8,0,3,7,34,8,21,7,2,25,38,0,6,8,3,2,1,23,11,30,3,54,11,98,20,1,6,3,8,10,8,19,30,5,7,0,2,9,1,7,25,34,185,23,13,25,2,24,10,12,1,37,5,40,23,57,1,2,1,48,8,26,0,27,38,1,4,9,6,3,4,1,15,18,2,26,3,59,4,15,29,14,7,4,0,6,22,6,8,4,16,3,1,3,4,3,57,43,1,18,22,7,4,17,7,11,189,3,11,86,10,38,0,6,32,1,10,29,1,12,7,3,8,47,9,25,34,5,2,2,4,2,7,3,6,12,24,35,15,23,5,12,81,127,4,25,1,32,5,70,4,16,5,1,1,8,0,0,54,12,40,76,0,21,24,15,2,62,16,4,22,9,6,19,2,2,23,20,0,2,13,14,6,34,33,0,23,11,26,32,5,0,3,5,28,5,87,14,34,2,52,5,17,5,19,2,2,9,24,7,27,14,46,16
1,56,34,19,10,2,33,26,6,1,4,1,5,3,20,7,12,18,2,11,1,1,4,27,5,1,9,7,3,0,3,18,1,21,36,26,1,92,16,5,10,20,1,10,14,7,1,15,40,14,50,34,14,1,0,6,19,37,8,20,18,6,34,29,2,6,4,8,1,2,15,8,33,7,68,14,62,34,3,1,1,4,7,10,23,48,3,5,0,1,7,8,5,23,21,220,22,6,41,4,17,7,8,2,58,8,44,31,63,5,0,2,55,2,21,16,39,19,2,9,6,9,0,5,0,9,27,1,22,2,64,5,18,28,14,9,4,3,5,24,4,17,3,9,5,0,1,3,2,55,37,3,13,13,0,2,19,4,7,177,2,10,94,9,29,4,3,17,0,7,28,6,18,21,1,4,20,2,0,38,7,5,1,5,1,6,2,4,4,22,26,25,14,10,18,61,117,8,14,3,24,3,68,4,15,5,2,0,6,3,2,42,2,21,79,2,7,10,12,3,97,28,5,17,3,3,16,6,6,22,16,2,1,17,7,5,26,53,2,13,6,22,24,7,2,3,1,23,3,88,20,20,4,35,5,18,6,17,1,5,11,29,0,21,9,57,11
1,67,83,28,16,5,14,59,3,0,3,3,2,6,31,6,31,20,1,10,0,8,6,35,5,13,11,28,3,6,0,7,2,30,62,43,1,85,31,6,12,27,3,6,7,8,5,14,51,17,67,58,12,2,2,5,17,49,13,18,18,1,12,34,2,5,5,15,8,1,14,3,20,2,81,11,83,28,4,2,1,12,5,16,23,38,1,7,0,11,3,4,3,19,28,193,11,8,36,5,21,15,20,11,89,21,64,31,30,0,1,4,44,5,37,2,18,30,6,19,8,22,1,7,3,22,33,5,31,3,48,4,41,15,9,13,0,3,5,22,7,12,1,17,4,1,1,9,11,45,39,2,25,35,0,1,16,10,5,220,5,8,190,19,40,1,0,17,12,9,47,4,25,23,0,4,33,4,3,29,2,2,0,4,2,6,2,13,6,29,53,53,26,5,13,90,154,8,23,2,39,4,64,7,21,4,2,0,14,3,4,40,11,46,76,6,10,13,10,2,90,31,8,17,7,5,17,2,9,28,28,2,5,8,6,1,32,34,3,17,4,12,21,3,4,8,2,15,0,83,9,10,9,47,5,16,10,17,2,6,9,28,19,25,21,66,14
7,42,57,18,8,0,61,9,0,0,0,6,7,7,102,0,5,15,1,33,0,17,2,34,5,0,4,4,2,0,13,6,0,53,17,9,1,351,17,3,1,3,0,2,4,1,2,5,14,4,6,7,10,3,3,3,3,9,3,65,1,4,129,142,4,19,26,1,1,1,7,6,80,0,17,11,23,6,7,1,7,15,4,46,104,41,1,4,0,0,13,5,35,77,137,617,14,29,27,0,73,11,5,0,8,1,8,83,205,1,0,4,188,2,9,0,9,6,0,5,17,19,9,10,1,0,5,0,8,0,12,2,6,19,28,10,1,0,15,4,0,2,3,17,11,4,6,8,8,268,186,1,32,12,4,2,6,3,3,87,0,45,24,3,67,3,6,75,2,0,9,1,0,3,1,13,40,44,9,91,1,1,6,16,1,10,2,2,10,6,10,11,5,4,1,98,75,4,8,0,3,3,28,7,20,7,0,0,14,0,10,49,53,11,195,3,15,40,4,39,158,27,6,1,17,4,5,5,26,4,50,1,1,20,30,6,17,279,1,3,4,58,75,22,9,9,0,31,0,80,20,52,0,17,34,13,21,16,5,3,22,26,4,22,11,10,32
8,62,73,29,12,3,55,19,2,1,9,4,9,3,117,10,48,25,2,33,2,14,3,44,2,5,14,11,3,1,10,16,2,67,53,22,2,358,23,11,6,11,0,5,9,2,1,9,32,5,36,33,17,0,0,5,8,14,4,66,16,9,129,128,1,25,40,6,3,2,27,12,81,1,62,18,64,19,4,0,6,9,3,36,69,43,6,11,1,5,6,10,26,71,150,716,18,42,27,2,88,5,8,4,36,14,25,74,261,2,1,6,177,3,19,0,26,6,3,13,17,32,4,11,1,12,22,2,26,2,36,5,9,6,17,11,8,5,13,21,6,6,0,10,5,0,2,5,3,259,170,3,42,17,7,17,8,8,4,174,2,56,103,11,67,0,15,85,3,10,32,2,16,9,4,1,24,40,11,105,1,2,4,11,2,21,1,2,8,25,51,42,14,7,8,125,151,5,21,3,19,5,45,6,36,10,7,2,11,1,22,81,27,24,324,9,13,28,10,22,230,41,3,7,12,2,9,10,12,13,38,1,6,24,31,7,27,265,5,15,8,60,73,13,8,17,0,48,1,122,35,59,2,42,31,25,13,26,4,7,17,34,8,24,27,31,17
2,112,74,27,14,6,20,31,2,0,4,4,3,7,33,5,9,26,3,12,3,10,2,44,10,1,8,15,5,4,3,35,0,37,50,35,1,142,35,12,11,24,1,5,21,10,3,15,48,17,44,37,15,0,6,19,15,28,8,28,32,4,50,57,1,10,11,33,4,0,21,5,47,5,89,12,88,24,0,1,4,5,4,16,28,38,6,8,0,7,13,2,13,26,62,249,23,13,32,4,26,13,10,3,52,12,42,37,72,2,3,3,63,12,22,2,22,23,4,19,10,8,5,11,3,18,9,3,25,2,47,6,18,23,13,13,10,0,4,24,14,11,1,20,10,3,6,13,17,99,69,2,32,27,1,9,21,10,3,239,0,11,94,15,48,5,3,27,5,0,24,14,19,5,3,12,50,16,4,59,7,0,2,12,2,2,1,1,11,25,45,50,25,9,14,73,208,19,13,6,24,10,84,5,19,7,9,3,15,3,7,51,12,31,101,7,13,25,8,3,97,25,9,18,5,10,24,7,6,21,15,4,3,16,18,0,26,73,2,19,20,25,24,2,3,9,3,33,3,95,10,24,3,49,12,30,14,24,4,2,6,44,16,37,25,52,15
10,45,56,18,10,0,33,17,0,0,1,0,4,5,53,3,7,23,1,22,0,8,2,31,0,5,8,13,3,0,4,8,1,24,35,27,0,171,22,10,7,8,0,13,10,5,1,8,34,11,40,35,18,3,0,5,9,33,6,34,23,3,53,60,0,3,19,7,11,2,12,6,43,1,44,11,50,28,6,0,2,5,4,19,37,29,2,9,0,2,2,7,14,32,66,264,14,28,34,3,42,7,15,7,32,5,29,36,139,1,0,5,98,8,12,0,17,19,5,9,11,14,3,13,1,7,22,4,22,6,58,1,15,16,10,7,4,2,6,19,6,4,4,5,1,0,0,7,9,114,85,2,23,14,3,1,8,3,5,112,1,17,109,8,41,2,2,36,1,0,20,4,9,7,3,2,15,21,4,52,2,2,1,8,1,8,0,1,4,25,18,19,14,9,6,69,86,4,13,2,24,2,62,9,29,6,4,0,11,2,5,61,11,39,119,9,15,26,6,13,103,33,3,17,7,6,17,6,7,21,27,0,4,14,12,4,27,133,2,10,2,17,25,16,3,3,2,23,1,69,7,24,0,33,28,19,9,18,7,4,14,28,5,27,17,51,18
7,36,40,16,17,4,24,36,1,2,5,2,5,2,44,3,5,21,1,12,2,11,8,42,11,6,2,20,6,1,3,13,1,28,33,26,2,160,22,11,7,23,3,11,10,4,3,9,50,11,55,33,14,5,2,2,8,26,2,39,16,1,39,72,2,7,16,10,5,2,9,10,36,3,49,8,64,25,3,2,1,7,9,5,39,31,2,11,0,6,8,2,14,23,50,309,20,15,23,2,42,8,18,2,48,9,32,55,97,2,3,6,74,4,15,1,20,12,6,16,11,12,6,5,1,4,12,0,31,3,75,8,32,24,9,8,4,0,6,22,0,4,5,18,2,4,2,3,5,123,74,2,13,21,5,2,19,2,7,151,2,24,100,16,51,2,1,36,2,10,23,5,18,12,1,7,21,15,3,44,1,7,3,1,2,6,0,1,10,14,16,54,36,8,9,80,79,5,16,4,20,5,64,3,29,15,7,2,8,1,4,55,12,40,122,3,21,25,16,11,107,32,4,15,8,7,12,4,5,30,29,4,2,10,13,2,31,149,0,18,7,37,39,1,3,5,4,22,1,79,15,28,14,45,15,18,5,17,0,10,15,23,22,19,11,52,15
0,36,54,23,11,12,25,31,1,2,3,7,14,19,60,2,20,32,6,19,1,12,2,62,1,2,18,19,2,0,0,10,2,28,46,23,2,158,31,12,7,19,1,1,9,14,5,5,48,15,54,28,17,7,1,3,17,13,5,29,21,2,59,53,0,7,10,8,2,0,8,2,49,6,46,12,82,42,3,5,6,10,4,20,28,45,5,8,7,4,5,3,18,35,63,401,36,17,24,4,44,6,9,4,19,11,78,61,95,0,3,3,86,13,29,3,22,15,4,8,14,27,6,14,4,8,15,2,27,11,95,3,12,46,9,11,1,0,7,19,2,4,3,11,2,0,1,4,1,96,69,1,29,37,7,2,19,6,5,135,4,13,94,12,57,6,3,49,1,1,27,9,8,23,2,2,23,18,30,56,1,17,2,8,1,9,1,3,7,20,12,38,55,8,10,85,97,7,26,2,28,1,60,6,24,6,6,2,18,3,4,24,9,33,175,5,28,30,12,5,215,32,3,8,4,10,33,2,9,24,32,3,4,19,17,5,26,101,2,15,15,30,80,7,5,5,5,32,6,105,3,52,3,45,11,24,16,24,2,4,11,44,57,22,7,45,13
4,49,39,16,12,1,5,27,0,3,1,0,2,4,21,7,3,28,2,18,7,6,2,22,5,6,1,7,1,0,2,28,2,16,29,57,1,86,22,4,6,17,2,4,15,12,2,9,57,18,45,30,15,1,1,5,8,45,18,23,6,2,22,38,0,5,14,9,1,0,11,4,17,1,76,6,82,33,5,1,0,3,8,5,17,30,1,9,1,4,6,2,6,20,20,154,12,3,43,0,12,13,7,0,24,9,28,18,31,1,1,6,39,9,21,6,17,13,9,5,11,14,0,3,8,6,20,0,32,2,66,1,24,8,6,10,4,2,2,19,14,16,1,4,2,1,1,2,0,44,31,1,24,27,3,4,29,3,4,143,4,12,110,17,26,0,2,24,2,0,17,3,12,5,1,1,17,4,3,28,3,3,0,5,0,4,5,4,4,32,19,19,27,10,16,67,95,7,22,4,15,2,87,1,16,3,2,0,9,0,5,29,7,41,73,5,7,4,11,6,64,27,1,18,5,11,14,1,5,22,24,6,2,12,15,8,9,50,0,13,9,20,28,6,3,4,0,21,2,84,7,18,3,48,5,18,5,19,2,5,11,26,2,11,14,58,8
5,55,42,21,9,0,26,56,1,1,6,2,5,5,36,1,16,41,5,12,1,6,5,29,8,2,7,18,4,2,3,8,2,25,57,21,0,113,19,11,14,28,1,4,11,6,2,12,36,7,62,45,22,1,1,16,16,30,13,38,15,5,38,54,1,5,16,1,8,0,19,5,40,1,93,9,64,23,4,4,2,7,9,11,24,37,4,6,0,5,10,7,17,31,56,221,13,16,27,4,37,8,16,1,52,12,42,40,88,4,3,4,79,2,21,1,22,8,5,12,8,22,1,12,1,13,30,2,29,7,45,10,20,32,11,10,5,2,8,21,9,9,0,8,3,2,0,6,4,76,64,3,28,26,3,4,20,11,11,176,6,19,108,17,39,0,4,32,3,4,36,3,17,8,25,3,32,15,6,41,3,3,2,5,0,7,2,6,6,26,25,25,14,4,13,81,119,5,18,2,29,7,88,2,14,7,4,1,9,3,6,55,11,46,81,1,12,15,9,13,89,17,5,12,16,3,19,2,7,17,28,0,1,12,12,1,21,77,2,12,7,44,21,7,5,5,0,27,7,101,28,11,3,52,11,13,7,18,4,3,10,41,8,22,4,48,22
5,66,47,23,23,10,28,30,2,2,0,1,8,2,111,5,14,33,6,21,2,11,2,49,1,8,7,13,4,3,4,15,4,43,60,53,1,199,28,12,3,13,1,1,15,7,2,18,62,25,28,36,19,1,0,4,9,62,16,36,15,7,50,74,2,4,19,6,5,1,29,10,55,5,121,10,85,25,5,1,4,11,10,34,37,40,4,7,1,6,11,3,23,38,78,383,26,13,44,10,62,17,20,1,38,16,39,58,109,0,2,4,94,6,18,3,38,22,4,10,17,24,2,13,1,10,10,5,43,2,63,5,12,33,7,12,4,4,11,29,7,21,1,0,3,1,3,7,4,118,76,4,37,33,2,1,26,3,10,225,1,31,87,15,62,5,10,74,12,0,45,1,8,13,2,0,16,20,6,61,8,2,1,11,0,15,2,2,9,31,41,24,34,5,24,105,149,9,31,1,41,8,76,4,26,6,10,2,23,2,5,73,15,36,130,9,20,22,17,12,162,33,1,25,6,12,19,6,20,22,20,3,3,11,19,7,31,92,4,23,10,59,40,10,10,8,2,32,0,110,10,31,4,68,12,33,17,16,3,4,20,31,15,36,16,57,19
7,63,63,28,20,3,46,26,5,0,5,5,9,4,104,3,4,15,5,35,2,6,3,54,0,2,13,16,3,1,13,19,1,40,38,19,2,356,20,7,5,16,0,0,12,4,1,10,29,6,30,30,17,0,0,3,6,15,2,65,9,1,90,117,5,16,32,13,0,1,10,1,66,3,60,10,60,24,4,3,9,11,6,40,79,53,5,11,1,2,3,11,35,64,126,659,14,30,37,3,81,9,12,3,28,4,53,70,214,1,0,5,178,5,18,4,27,17,3,10,18,20,2,13,7,6,10,4,17,6,69,11,11,14,13,9,1,1,7,18,4,2,2,13,1,3,0,8,2,159,146,0,28,16,0,4,19,3,7,109,1,48,70,13,71,0,4,87,3,1,12,4,7,18,0,0,25,45,2,83,3,6,3,10,2,14,5,0,8,11,21,31,25,11,7,108,52,4,11,3,17,6,54,8,25,3,9,2,16,1,10,46,28,30,263,3,16,24,12,24,207,31,3,7,10,12,9,7,14,18,31,0,0,24,27,8,14,195,1,4,9,48,67,15,8,6,2,41,1,94,12,55,1,39,27,24,14,30,6,2,15,37,22,22,10,50,28
14,109,85,39,22,1,80,14,8,1,8,10,6,10,181,2,38,19,5,41,6,16,2,47,4,5,14,12,7,6,12,22,2,67,31,16,0,395,34,11,6,32,5,12,3,7,2,9,31,9,40,63,9,3,0,6,15,12,6,97,15,8,131,154,1,15,53,6,2,0,20,1,113,3,51,23,65,14,2,4,9,11,10,28,89,61,1,10,8,18,8,15,41,82,191,850,14,38,46,1,102,13,11,0,62,25,30,76,283,1,1,6,203,9,15,0,20,16,3,6,20,22,6,19,1,12,23,0,20,2,43,4,19,12,23,12,3,2,29,4,4,10,0,17,12,6,5,7,13,277,224,0,60,31,10,0,18,4,5,110,1,48,125,15,103,0,19,106,2,14,19,9,14,4,20,13,44,42,9,117,4,7,1,12,2,40,2,0,6,20,31,31,27,14,13,132,68,15,15,1,14,9,38,8,43,5,8,2,16,5,14,86,26,34,368,12,28,52,11,21,268,40,9,8,21,8,5,5,22,20,43,3,2,25,34,6,32,266,2,12,7,53,81,24,6,10,1,69,3,162,50,73,3,33,33,36,15,20,15,1,23,52,20,33,17,48,44
4,94,72,28,14,10,35,14,0,1,7,6,7,12,68,5,12,51,0,18,1,15,4,39,8,4,4,10,2,1,7,25,1,39,37,22,1,202,36,4,5,16,10,1,8,5,1,9,27,10,28,50,11,7,7,8,6,30,9,31,30,2,41,48,1,6,13,12,1,2,23,6,64,2,76,11,57,20,6,4,0,5,6,20,46,60,4,7,0,8,9,3,18,40,74,313,14,13,36,0,23,10,3,1,33,7,17,56,94,5,1,6,101,7,23,0,15,9,2,10,16,12,9,14,2,8,13,2,23,7,47,4,11,36,9,10,10,1,9,18,6,11,1,19,8,3,2,11,5,154,76,1,26,19,4,5,15,5,1,304,1,16,56,13,52,3,5,35,1,0,45,14,9,6,13,4,42,13,10,41,3,5,1,8,0,13,3,2,8,30,45,38,50,8,12,86,179,2,23,1,42,7,52,5,17,9,13,2,12,2,5,68,14,25,88,8,29,18,16,23,127,23,10,15,11,7,21,7,11,11,37,2,2,15,20,3,53,135,1,30,8,28,59,9,5,6,0,35,3,107,4,43,5,38,21,29,16,24,2,3,19,35,34,38,8,44,18
6,83,76,17,16,3,54,24,0,1,4,5,6,3,139,5,4,21,5,28,1,9,3,48,1,11,8,15,3,8,5,15,0,39,86,19,0,272,22,0,9,27,2,3,11,7,2,12,21,5,32,25,5,6,0,3,9,8,4,76,6,1,78,123,1,4,30,4,2,1,11,8,85,4,86,22,66,13,5,1,7,12,5,38,71,76,2,17,0,5,17,1,21,44,141,571,23,31,25,0,64,15,25,4,37,12,28,66,183,2,0,10,168,4,28,0,16,12,3,8,10,16,4,7,0,16,15,5,21,1,30,2,15,23,9,14,3,0,14,21,6,7,0,35,13,6,16,33,15,221,142,2,29,22,3,3,16,6,5,232,3,30,59,9,64,1,3,124,8,11,46,2,9,5,2,13,34,26,10,75,5,5,2,15,3,20,4,5,3,36,29,22,11,8,14,116,131,9,27,0,24,6,44,9,31,4,2,0,19,3,9,95,30,38,202,5,16,26,7,23,193,26,7,53,8,10,10,8,13,16,38,3,2,28,17,5,37,224,0,14,8,70,68,11,3,7,3,41,0,102,28,43,2,24,28,21,13,20,5,3,22,30,9,26,17,38,43
10,61,50,16,19,1,28,21,0,5,1,3,8,4,47,5,21,32,1,22,1,4,3,35,3,1,13,16,2,1,6,9,0,28,46,58,2,193,22,4,9,11,1,6,10,12,0,13,39,17,40,24,13,1,1,7,9,35,12,29,5,7,52,56,1,5,20,3,3,2,16,9,46,2,65,14,70,33,5,0,6,7,9,15,42,40,6,12,0,2,11,6,10,37,75,290,18,23,30,6,36,7,14,1,25,15,48,35,107,1,0,4,86,5,24,4,18,16,2,16,10,14,1,3,5,20,9,1,18,1,54,2,22,25,10,12,3,1,3,21,5,8,2,14,14,1,2,10,13,122,102,0,21,20,3,1,23,9,6,157,0,27,128,10,45,2,5,48,1,10,28,1,12,10,5,4,34,15,4,46,5,3,1,6,1,14,5,1,2,28,30,18,10,5,15,89,93,4,17,2,35,5,65,4,23,5,3,4,15,2,5,63,14,48,94,2,20,22,7,5,138,31,6,10,6,9,27,6,6,22,32,1,2,13,16,10,34,84,0,16,7,34,34,10,6,8,2,25,6,83,15,34,3,52,17,17,4,15,3,1,12,54,5,29,10,44,28
17,52,57,25,10,0,38,29,6,0,0,3,11,3,80,2,4,42,3,35,0,7,14,51,7,6,10,14,4,0,7,17,1,37,19,26,0,239,22,4,7,4,0,4,8,7,4,4,22,4,14,12,4,6,1,4,5,27,5,47,5,1,80,104,1,8,32,9,1,0,5,1,54,0,54,15,61,24,3,5,4,7,5,24,58,27,2,9,1,2,4,1,23,46,98,481,31,23,29,3,50,4,3,1,28,7,12,74,129,2,1,8,119,0,15,1,10,9,6,9,17,16,5,10,2,6,5,2,23,1,27,2,14,84,16,11,3,5,11,10,7,11,0,8,6,0,3,4,7,173,109,0,32,12,2,1,13,1,10,71,3,33,57,9,52,4,2,68,0,1,10,0,4,4,28,3,15,22,44,79,1,1,0,11,1,7,1,1,5,9,5,19,28,1,5,72,45,9,20,5,13,5,36,4,25,10,8,0,15,2,6,39,35,31,155,10,37,26,9,20,142,14,3,14,13,5,68,5,9,14,32,1,2,14,25,3,13,194,1,6,4,42,89,7,3,14,2,45,22,62,8,56,8,20,24,17,32,19,4,3,18,34,6,32,14,24,21
3,93,43,22,21,2,25,25,3,3,1,5,8,5,45,6,14,24,0,12,0,12,11,41,6,1,7,16,2,0,5,15,5,30,30,36,0,194,15,9,7,17,5,0,9,2,1,10,24,4,30,17,11,4,1,4,5,21,5,28,16,5,40,47,2,11,13,8,0,6,11,3,29,0,48,5,53,8,3,1,4,7,7,23,36,32,1,8,0,5,4,5,17,37,56,362,15,12,25,5,35,9,9,7,23,7,27,56,91,1,0,4,84,10,13,5,8,10,4,6,13,10,5,11,0,8,15,1,24,3,33,5,10,18,9,6,4,0,9,7,3,13,2,20,9,3,3,9,8,99,82,0,22,24,5,0,21,3,6,139,3,22,57,10,43,1,10,54,1,3,12,1,15,7,0,1,27,7,6,36,7,2,1,7,7,4,0,1,5,13,27,21,28,3,8,81,142,7,16,2,17,6,42,6,17,1,5,1,7,0,3,50,13,32,109,3,17,16,11,15,118,21,6,27,12,8,23,1,9,9,20,0,1,14,13,6,19,114,10,11,7,41,38,6,1,8,5,20,7,64,4,28,4,25,11,22,18,20,2,4,12,18,10,22,19,40,15
8,68,61,20,17,1,8,39,2,3,1,3,9,9,32,3,9,25,4,10,2,10,3,30,6,6,11,6,1,4,4,30,2,27,46,62,1,103,22,5,1,27,0,4,17,9,4,22,68,17,48,27,35,0,1,1,9,25,11,15,18,0,25,46,1,1,5,4,7,1,22,9,25,5,92,5,96,36,3,1,3,3,9,18,22,27,2,6,1,10,15,4,12,40,37,189,35,3,60,0,22,14,17,2,26,16,45,17,56,3,4,4,30,8,39,2,24,26,6,12,6,14,1,9,1,24,22,4,36,1,83,12,16,19,9,14,2,6,8,20,8,6,1,15,4,2,3,8,12,79,29,3,14,26,1,8,27,11,7,239,3,20,149,8,27,1,1,19,2,0,42,1,14,5,33,1,23,16,9,34,7,0,3,9,1,3,2,2,8,25,43,36,23,17,27,86,132,6,21,6,58,5,106,5,18,7,11,7,10,3,6,41,11,71,47,4,19,17,5,10,60,38,7,17,10,12,19,2,7,37,12,1,0,6,18,2,30,62,3,22,12,38,22,6,6,4,2,31,3,89,8,25,2,72,9,11,10,18,4,2,7,37,11,32,31,40,10
2,25,52,26,10,2,36,18,2,0,4,4,9,1,116,6,23,5,2,18,5,14,12,43,1,4,5,22,3,2,4,6,2,33,40,12,1,286,10,10,15,17,2,3,11,13,3,8,48,6,31,32,10,3,0,7,6,28,7,56,6,2,77,67,4,9,21,3,2,5,4,8,52,0,65,17,52,21,2,3,5,11,16,17,53,26,10,10,0,6,4,5,26,58,87,496,12,34,39,1,48,7,5,4,38,8,29,44,181,0,1,5,157,1,12,5,20,18,7,7,14,15,3,7,0,6,31,3,16,1,51,3,7,23,16,7,2,2,10,11,3,4,2,7,6,3,5,4,1,163,115,2,29,20,1,2,15,6,6,124,2,36,84,5,76,1,13,100,4,14,18,1,13,9,7,0,10,35,5,69,1,1,2,19,2,26,1,3,5,22,18,38,10,6,4,88,62,6,14,1,20,2,48,4,15,3,1,1,17,1,5,50,15,22,162,4,13,24,7,11,135,22,2,24,8,7,8,10,16,25,48,0,2,17,19,4,23,173,2,8,3,53,48,13,4,11,2,37,0,93,24,39,4,51,30,17,11,14,3,2,13,47,8,21,11,25,22
15,36,50,19,7,9,77,12,7,3,2,2,10,2,110,4,7,7,2,39,1,22,2,34,1,2,9,10,0,6,7,12,1,41,14,11,1,305,18,3,6,15,0,1,10,3,0,6,28,2,32,17,7,0,1,2,2,6,4,35,9,4,101,119,1,20,27,2,0,0,7,3,80,0,35,13,44,7,4,0,5,10,5,41,59,44,5,10,1,0,12,4,28,54,138,595,19,36,28,4,80,4,3,0,18,2,13,72,194,0,0,3,176,4,8,5,6,7,1,5,15,19,6,15,3,7,9,5,16,1,64,2,1,21,15,11,1,0,17,17,2,3,0,13,15,5,3,13,16,212,135,3,37,15,9,2,11,1,5,94,2,53,19,3,60,2,8,101,1,14,13,3,4,12,0,6,30,34,0,77,6,2,3,13,2,36,2,2,5,12,10,10,7,4,5,74,54,8,12,3,10,5,41,2,23,3,1,1,21,5,18,56,28,15,256,10,15,22,4,22,262,20,5,4,15,5,7,10,15,13,30,2,1,22,26,8,18,187,1,6,4,42,48,8,7,18,0,42,0,113,70,46,2,32,26,23,12,19,8,0,11,43,7,14,4,19,21
4,77,86,16,23,0,13,70,4,3,0,4,4,11,45,3,34,83,4,5,8,7,8,56,15,11,14,34,6,5,1,23,0,30,62,44,8,98,36,7,22,50,1,11,19,5,11,19,54,9,116,69,18,3,2,10,36,39,11,16,33,6,10,19,1,3,9,18,5,0,27,3,48,3,103,14,103,47,3,5,1,11,9,13,14,57,1,8,0,4,13,8,6,34,26,166,24,6,48,8,21,24,10,12,76,23,114,36,60,4,0,8,42,16,42,6,40,20,1,36,11,25,4,9,6,7,36,4,45,11,60,8,51,19,8,7,7,12,4,18,12,6,4,14,2,5,2,9,1,35,44,6,28,62,5,7,20,10,9,227,5,3,286,24,60,4,1,20,4,1,43,12,38,23,3,6,37,3,7,33,4,6,4,4,0,16,2,5,9,34,78,87,59,5,19,116,207,20,25,1,55,5,95,8,21,15,13,2,7,2,7,84,8,62,64,8,19,20,12,1,69,67,3,12,10,12,28,11,9,35,25,2,6,9,16,3,27,32,0,32,10,29,34,8,4,7,1,13,4,116,10,20,6,49,14,30,16,27,4,14,13,34,27,42,28,106,14
1,104,84,16,21,3,32,30,1,0,9,3,12,2,57,4,16,25,2,6,3,12,6,26,1,2,6,18,5,3,2,25,1,32,74,56,6,129,38,4,6,21,2,1,11,4,3,13,55,10,46,31,19,3,4,6,14,33,16,27,14,4,24,24,1,4,6,2,5,4,25,5,44,10,101,10,80,33,1,3,4,13,11,6,22,54,6,7,1,8,14,2,6,30,31,261,12,12,37,8,26,14,28,8,49,8,51,25,41,5,5,9,66,15,25,2,23,47,7,19,26,13,1,12,3,13,25,2,29,2,65,2,20,22,7,14,3,1,4,24,6,11,2,37,7,1,3,14,11,73,41,0,28,22,1,0,16,8,11,299,3,10,117,8,44,5,10,25,4,0,51,0,8,15,8,12,48,8,5,41,4,1,1,12,5,8,10,4,3,51,57,48,10,2,9,81,225,5,27,7,39,10,93,4,32,10,4,1,16,2,1,76,16,44,72,6,23,19,8,2,91,32,11,29,7,6,20,6,8,32,23,2,2,9,16,5,57,47,2,32,23,31,33,1,4,5,3,20,2,102,8,22,0,46,10,30,6,16,1,3,11,32,4,39,24,55,20
1,57,29,11,17,4,10,23,1,2,1,7,3,12,28,7,17,34,3,16,0,7,3,37,6,2,16,8,3,0,2,28,1,17,56,52,1,66,29,6,14,11,1,5,13,6,1,15,60,13,41,33,22,2,3,5,16,64,22,9,12,2,13,25,0,4,8,6,3,0,31,12,36,0,66,15,81,32,2,4,2,12,7,17,16,38,7,9,1,5,7,2,5,36,25,155,14,1,38,7,31,12,15,4,20,9,55,37,61,3,1,2,58,8,21,10,16,34,4,7,16,2,2,9,8,11,18,2,31,3,63,8,18,35,5,15,8,2,8,28,9,10,3,14,7,8,6,4,1,45,28,3,19,49,4,10,19,12,10,220,1,10,122,9,32,3,5,18,1,0,37,7,8,7,2,1,22,6,6,26,1,4,2,4,2,8,1,3,7,32,39,38,29,3,19,92,181,5,17,5,22,4,87,9,14,4,8,4,12,1,11,57,11,45,50,8,16,11,17,10,44,36,3,17,20,11,7,8,12,22,16,0,5,8,15,0,41,36,4,13,8,21,26,6,1,9,4,23,4,74,3,19,8,65,9,16,10,28,0,2,11,31,29,35,21,56,18
5,66,68,23,8,7,78,9,1,0,4,8,13,5,211,7,17,17,2,52,1,15,6,63,0,0,0,7,3,1,7,18,1,58,16,16,1,524,27,18,1,5,0,2,11,6,0,17,43,16,26,14,12,2,1,2,5,15,5,91,5,6,167,187,4,18,46,2,0,1,12,3,106,0,30,17,59,20,6,0,13,14,4,30,97,36,5,5,0,2,7,8,42,68,220,941,20,48,33,0,106,8,2,3,23,2,15,77,303,3,0,3,309,1,15,0,16,8,1,6,14,32,12,11,0,0,7,2,17,0,63,1,4,13,25,25,2,2,23,27,4,2,0,15,11,3,0,9,7,271,232,3,49,12,8,3,8,8,11,82,1,65,24,19,98,2,11,168,0,9,9,0,1,4,3,15,49,45,10,116,2,0,6,19,5,37,4,0,5,1,22,12,10,10,4,136,34,2,7,2,11,5,44,12,32,9,1,0,28,5,20,63,49,29,331,14,12,37,8,22,282,30,6,12,18,6,2,9,14,16,59,1,1,27,33,11,22,360,0,8,9,65,89,14,10,7,3,55,0,130,39,57,0,45,30,32,22,35,7,0,23,48,5,16,7,31,44
2,66,68,20,18,2,40,21,0,0,3,5,8,1,93,4,5,26,0,16,1,16,5,34,0,0,6,5,1,6,7,20,0,44,34,20,2,286,22,10,5,14,0,0,10,8,2,11,44,9,28,18,13,4,1,7,6,17,6,40,3,2,69,72,4,20,16,2,0,1,4,11,65,0,68,13,58,20,3,1,15,9,9,21,78,64,3,21,6,2,14,4,19,53,92,475,23,28,35,1,55,12,5,4,23,10,28,63,154,3,0,9,115,4,16,0,24,9,1,9,17,17,4,9,1,6,21,0,23,2,57,3,8,23,22,11,3,4,2,11,4,2,5,35,18,3,8,19,10,188,117,1,34,20,3,1,12,16,4,131,0,29,71,7,66,0,2,71,7,3,34,1,9,4,7,10,37,29,15,75,3,3,1,7,1,7,2,0,4,18,30,28,7,4,12,115,116,1,19,2,22,0,57,2,21,5,0,2,31,3,11,69,19,30,126,3,27,20,12,8,141,24,16,15,12,9,18,4,12,15,29,0,1,9,21,3,25,163,0,23,6,44,41,11,5,10,2,40,0,105,14,42,1,54,13,17,11,27,5,1,11,39,8,27,11,32,24
4,65,44,18,13,0,49,14,7,5,1,6,7,8,78,1,3,22,6,25,1,9,1,47,10,5,6,4,4,3,13,15,0,41,27,13,0,247,17,3,2,6,2,2,7,0,1,3,10,8,16,14,12,1,2,1,2,14,7,51,15,5,83,108,1,15,24,12,5,1,18,0,65,0,43,9,26,8,3,1,6,11,5,18,55,43,5,8,0,4,8,3,29,64,102,474,13,20,28,0,58,5,6,2,8,4,10,75,189,11,1,4,152,13,10,2,16,8,6,1,19,23,4,14,3,1,10,0,17,7,21,0,8,10,22,12,14,0,10,6,3,2,0,19,8,2,1,23,13,183,127,1,35,15,4,4,7,8,5,133,1,33,23,8,61,1,7,70,4,0,17,2,6,3,9,2,43,30,5,83,1,7,1,8,2,13,1,2,5,14,19,12,26,5,5,91,69,11,9,2,14,3,32,8,27,8,6,6,8,1,13,66,28,11,175,8,6,23,7,33,169,22,5,12,17,2,2,2,7,10,28,2,1,25,20,9,30,169,1,16,6,48,28,12,4,14,1,31,1,85,39,40,1,28,19,23,10,21,2,0,22,38,10,30,6,20,13
10,70,61,23,10,13,47,34,1,2,3,6,9,2,73,1,12,26,2,32,0,9,13,48,0,5,2,14,5,4,4,17,0,33,39,38,2,286,27,7,14,14,0,2,11,7,1,10,35,9,37,37,18,6,0,5,10,24,6,39,7,3,82,72,3,18,24,1,0,1,13,1,71,2,63,13,57,19,2,2,2,10,13,28,67,56,2,10,0,3,10,7,22,45,92,411,17,15,41,5,37,9,14,4,49,3,42,54,148,1,2,6,120,3,21,3,10,18,4,12,11,15,6,11,0,21,13,4,14,1,28,8,26,29,19,8,6,4,17,10,6,9,2,22,9,3,4,7,10,143,113,7,24,23,3,2,22,10,4,191,0,34,83,11,70,0,13,76,4,1,29,2,13,8,5,3,60,30,17,68,5,3,1,10,1,18,2,4,2,27,24,31,25,4,17,93,203,6,17,4,50,9,48,8,26,5,3,0,18,0,7,88,20,20,190,2,22,31,17,10,173,38,5,9,12,6,18,7,18,24,36,0,1,18,30,5,43,168,1,16,3,41,53,9,8,12,0,36,4,93,27,48,0,25,21,31,15,17,2,9,19,51,3,37,16,61,23
1,48,37,11,14,0,35,11,0,1,0,2,2,1,41,5,13,22,4,11,0,11,2,25,0,3,5,7,2,2,3,14,0,32,32,16,1,113,22,11,9,11,0,1,6,4,1,16,40,13,18,26,21,1,1,7,5,52,6,18,12,1,30,48,1,0,6,6,1,0,5,1,38,0,45,12,67,25,3,2,1,2,11,11,31,26,8,2,1,2,9,2,10,26,38,200,12,14,26,3,22,1,8,1,26,17,21,33,66,2,0,3,61,7,13,3,11,10,1,5,10,15,4,7,4,11,13,2,19,0,54,7,9,19,6,2,6,3,1,15,8,12,2,23,2,2,1,9,1,70,46,0,26,24,0,2,10,10,8,168,0,9,63,7,29,3,6,34,0,5,31,2,6,5,1,13,18,16,2,28,2,0,2,8,1,9,1,3,8,24,25,5,14,5,9,74,126,1,15,5,11,5,47,3,8,6,1,0,11,3,6,55,12,31,41,7,14,15,7,5,80,20,11,17,6,7,17,6,4,13,16,0,2,6,8,2,21,62,2,15,2,22,22,8,3,11,2,24,1,64,5,14,0,35,5,16,6,15,4,3,12,26,12,15,22,23,5
9,33,35,18,3,0,37,29,2,0,7,0,12,0,80,5,5,20,3,21,0,14,2,46,1,1,4,3,2,3,9,10,0,35,26,19,2,230,18,3,4,10,0,1,10,2,1,16,38,7,29,24,17,1,1,1,12,11,5,34,5,4,66,75,1,6,15,1,0,0,14,5,36,1,21,11,53,16,5,1,4,7,3,21,45,38,2,4,0,2,5,3,19,34,64,412,12,17,27,2,33,7,11,3,26,7,12,53,104,0,1,7,118,4,10,1,5,10,2,2,13,22,3,5,1,9,6,3,19,1,49,1,5,6,11,6,3,3,9,11,3,4,2,7,4,3,6,1,5,138,94,2,28,26,4,0,11,7,10,156,0,24,41,6,39,0,9,59,14,3,18,1,4,6,0,6,23,25,2,63,0,4,0,6,1,14,1,1,7,12,21,21,9,7,6,71,133,2,21,4,11,1,36,2,29,0,3,2,19,6,7,56,15,18,142,9,11,24,7,16,144,19,1,9,11,6,6,5,8,18,40,0,2,26,22,6,19,148,0,13,7,42,43,5,0,6,1,37,1,81,1,27,4,37,13,20,12,16,3,1,26,35,3,26,16,9,18
