seed	component	level	configured_value	realized_value
0	capture	efficiency_1	1.0	1.0
0	capture	efficiency_0.85	0.85	0.849917314132325
0	capture	efficiency_0.7	0.7	0.6999147648081258
0	capture	efficiency_0.55	0.55	0.54993384294742
0	capture	efficiency_0.4	0.4	0.4000592822356821
0	ambient	rate_0	0.0	0.0
0	ambient	rate_5	5.0	5.149002493765586
0	ambient	rate_20	20.0	20.143391521197007
0	ambient	rate_50	50.0	49.8927680798005
0	ambient	rate_100	100.0	99.93765586034912
0	dropout	Off	0.0	0.0
0	dropout	Very low	0.05091800186750102	0.050961346633416456
0	dropout	Low	0.125938053223664	0.12598254364089775
0	dropout	Moderate	0.27683646037729515	0.27627306733167084
0	dropout	High	0.5019832258492719	0.5023304239401496
1	capture	efficiency_1	1.0	1.0
1	capture	efficiency_0.85	0.85	0.8500639635318823
1	capture	efficiency_0.7	0.7	0.7000026456309155
1	capture	efficiency_0.55	0.55	0.5500240937710421
1	capture	efficiency_0.4	0.4	0.399981305580768
1	ambient	rate_0	0.0	0.0
1	ambient	rate_5	5.0	4.998746081504702
1	ambient	rate_20	20.0	20.137931034482758
1	ambient	rate_50	50.0	50.11097178683386
1	ambient	rate_100	100.0	100.0576802507837
1	dropout	Off	0.0	0.0
1	dropout	Very low	0.05016683019160331	0.050219435736677115
1	dropout	Low	0.12424009907316058	0.12436990595611286
1	dropout	Moderate	0.27373034851818473	0.2736777429467085
1	dropout	High	0.49792919256218254	0.4982257053291536
2	capture	efficiency_1	1.0	1.0
2	capture	efficiency_0.85	0.85	0.8498725498086878
2	capture	efficiency_0.7	0.7	0.6998543086905522
2	capture	efficiency_0.55	0.55	0.5498688199623853
2	capture	efficiency_0.4	0.4	0.40019484055836935
2	ambient	rate_0	0.0	0.0
2	ambient	rate_5	5.0	4.977415307402761
2	ambient	rate_20	20.0	19.912170639899625
2	ambient	rate_50	50.0	50.26850690087829
2	ambient	rate_100	100.0	100.63864491844417
2	dropout	Off	0.0	0.0
2	dropout	Very low	0.05062989176447396	0.05036511919698871
2	dropout	Low	0.12520238922242788	0.12471016311166876
2	dropout	Moderate	0.2752059455353056	0.275702634880803
2	dropout	High	0.4993943625565107	0.49954328732747805
3	capture	efficiency_1	1.0	1.0
3	capture	efficiency_0.85	0.85	0.8497635478486898
3	capture	efficiency_0.7	0.7	0.69971501845863
3	capture	efficiency_0.55	0.55	0.5497239676564971
3	capture	efficiency_0.4	0.4	0.4002750657054057
3	ambient	rate_0	0.0	0.0
3	ambient	rate_5	5.0	5.064597846738442
3	ambient	rate_20	20.0	20.069031032298923
3	ambient	rate_50	50.0	49.878404053198224
3	ambient	rate_100	100.0	100.00949968334389
3	dropout	Off	0.0	0.0
3	dropout	Very low	0.05048462953684351	0.05053704876504116
3	dropout	Low	0.124834499365244	0.12452184927169094
3	dropout	Moderate	0.27447647552915333	0.27471817606079796
3	dropout	High	0.498487781144101	0.49882330588980367
4	capture	efficiency_1	1.0	1.0
4	capture	efficiency_0.85	0.85	0.8499877586338636
4	capture	efficiency_0.7	0.7	0.6999422135510323
4	capture	efficiency_0.55	0.55	0.5499418735130841
4	capture	efficiency_0.4	0.4	0.40003454385509424
4	ambient	rate_0	0.0	0.0
4	ambient	rate_5	5.0	5.063291139240507
4	ambient	rate_20	20.0	20.236889692585894
4	ambient	rate_50	50.0	50.229053646775164
4	ambient	rate_100	100.0	100.38939119951779
4	dropout	Off	0.0	0.0
4	dropout	Very low	0.05056969648379041	0.05032670283303195
4	dropout	Low	0.12511048120984283	0.12514285714285714
4	dropout	Moderate	0.27524127550147537	0.2753887884267631
4	dropout	High	0.499873507566958	0.500207353827607
5	capture	efficiency_1	1.0	1.0
5	capture	efficiency_0.85	0.85	0.8497782191714761
5	capture	efficiency_0.7	0.7	0.6997243150197769
5	capture	efficiency_0.55	0.55	0.5496831226837509
5	capture	efficiency_0.4	0.4	0.4003509671774866
5	ambient	rate_0	0.0	0.0
5	ambient	rate_5	5.0	4.957926829268293
5	ambient	rate_20	20.0	19.92621951219512
5	ambient	rate_50	50.0	50.229268292682924
5	ambient	rate_100	100.0	100.32682926829268
5	dropout	Off	0.0	0.0
5	dropout	Very low	0.05051170101551356	0.050689024390243906
5	dropout	Low	0.12500453545705817	0.1252
5	dropout	Moderate	0.27505049065329845	0.27517317073170733
5	dropout	High	0.49949787854684663	0.49946341463414634
6	capture	efficiency_1	1.0	1.0
6	capture	efficiency_0.85	0.85	0.8499470260741975
6	capture	efficiency_0.7	0.7	0.699891729837724
6	capture	efficiency_0.55	0.55	0.5499197338753136
6	capture	efficiency_0.4	0.4	0.4001680545165459
6	ambient	rate_0	0.0	0.0
6	ambient	rate_5	5.0	5.008438818565401
6	ambient	rate_20	20.0	20.025919228450874
6	ambient	rate_50	50.0	50.107293550331526
6	ambient	rate_100	100.0	100.00301386377336
6	dropout	Off	0.0	0.0
6	dropout	Very low	0.051263595270231305	0.05131645569620253
6	dropout	Low	0.12662395045863253	0.12681253767329717
6	dropout	Moderate	0.2777748995073551	0.27844122965641954
6	dropout	High	0.5026842549819188	0.5027474382157926
7	capture	efficiency_1	1.0	1.0
7	capture	efficiency_0.85	0.85	0.8500709309957865
7	capture	efficiency_0.7	0.7	0.7000812937618185
7	capture	efficiency_0.55	0.55	0.5500634592175276
7	capture	efficiency_0.4	0.4	0.3998922190896402
7	ambient	rate_0	0.0	0.0
7	ambient	rate_5	5.0	5.007334963325183
7	ambient	rate_20	20.0	19.90709046454768
7	ambient	rate_50	50.0	49.93581907090464
7	ambient	rate_100	100.0	99.6742053789731
7	dropout	Off	0.0	0.0
7	dropout	Very low	0.0504061939195907	0.05066136919315403
7	dropout	Low	0.12483120144165329	0.12525427872860637
7	dropout	Moderate	0.2750009128961017	0.27596454767726164
7	dropout	High	0.49994699753902094	0.5004278728606357
8	capture	efficiency_1	1.0	1.0
8	capture	efficiency_0.85	0.85	0.8499036864362495
8	capture	efficiency_0.7	0.7	0.6999331609066488
8	capture	efficiency_0.55	0.55	0.5498920990656159
8	capture	efficiency_0.4	0.4	0.4001162454936282
8	ambient	rate_0	0.0	0.0
8	ambient	rate_5	5.0	4.985633978763273
8	ambient	rate_20	20.0	20.034353529044346
8	ambient	rate_50	50.0	50.041848844472206
8	ambient	rate_100	100.0	99.82323547782636
8	dropout	Off	0.0	0.0
8	dropout	Very low	0.05089716204537116	0.050801998750780765
8	dropout	Low	0.12575669725588498	0.12557526545908806
8	dropout	Moderate	0.276060461361571	0.2756951905059338
8	dropout	High	0.5002709163526601	0.5001011867582761
9	capture	efficiency_1	1.0	1.0
9	capture	efficiency_0.85	0.85	0.8498907100882644
9	capture	efficiency_0.7	0.7	0.6998232556174435
9	capture	efficiency_0.55	0.55	0.5498950800278848
9	capture	efficiency_0.4	0.4	0.4001785669166162
9	ambient	rate_0	0.0	0.0
9	ambient	rate_5	5.0	5.009858287122612
9	ambient	rate_20	20.0	20.035120147874306
9	ambient	rate_50	50.0	50.02772643253235
9	ambient	rate_100	100.0	99.83240911891559
9	dropout	Off	0.0	0.0
9	dropout	Very low	0.05154874583572438	0.05175723967960567
9	dropout	Low	0.1272102324066304	0.1273641404805915
9	dropout	Moderate	0.2786888029122989	0.27855452865064695
9	dropout	High	0.5036541388750124	0.5038176216882316
10	capture	efficiency_1	1.0	1.0
10	capture	efficiency_0.85	0.85	0.8500791137613525
10	capture	efficiency_0.7	0.7	0.700114938084793
10	capture	efficiency_0.55	0.55	0.5501501454566244
10	capture	efficiency_0.4	0.4	0.39984304751062083
10	ambient	rate_0	0.0	0.0
10	ambient	rate_5	5.0	5.037313432835821
10	ambient	rate_20	20.0	19.967039800995025
10	ambient	rate_50	50.0	50.115671641791046
10	ambient	rate_100	100.0	100.16853233830845
10	dropout	Off	0.0	0.0
10	dropout	Very low	0.05075275737975515	0.050921641791044775
10	dropout	Low	0.12540382371407002	0.12531218905472638
10	dropout	Moderate	0.27543430741385727	0.2751281094527363
10	dropout	High	0.49966799150603497	0.499613184079602
11	capture	efficiency_1	1.0	1.0
11	capture	efficiency_0.85	0.85	0.8498554359913036
11	capture	efficiency_0.7	0.7	0.6997348057437753
11	capture	efficiency_0.55	0.55	0.5497133880959609
11	capture	efficiency_0.4	0.4	0.40028008637428475
11	ambient	rate_0	0.0	0.0
11	ambient	rate_5	5.0	4.9661330049261085
11	ambient	rate_20	20.0	19.87192118226601
11	ambient	rate_50	50.0	49.95566502463054
11	ambient	rate_100	100.0	99.71674876847291
11	dropout	Off	0.0	0.0
11	dropout	Very low	0.05062265858547566	0.050435960591133006
11	dropout	Low	0.12525473056805841	0.1252167487684729
11	dropout	Moderate	0.2755329318866249	0.275871921182266
11	dropout	High	0.5002230223680931	0.5008177339901477
12	capture	efficiency_1	1.0	1.0
12	capture	efficiency_0.85	0.85	0.8497563309842745
12	capture	efficiency_0.7	0.7	0.6997448563236393
12	capture	efficiency_0.55	0.55	0.5496050773996767
12	capture	efficiency_0.4	0.4	0.4002981853413782
12	ambient	rate_0	0.0	0.0
12	ambient	rate_5	5.0	4.977186311787072
12	ambient	rate_20	20.0	20.015209125475284
12	ambient	rate_50	50.0	50.12294043092522
12	ambient	rate_100	100.0	100.24017743979721
12	dropout	Off	0.0	0.0
12	dropout	Very low	0.049882663696732506	0.05038022813688213
12	dropout	Low	0.12362747664548202	0.12416730038022813
12	dropout	Moderate	0.27273869057770017	0.2733346007604563
12	dropout	High	0.49693555634232717	0.49780608365019013
13	capture	efficiency_1	1.0	1.0
13	capture	efficiency_0.85	0.85	0.8499439707758633
13	capture	efficiency_0.7	0.7	0.6998720226996669
13	capture	efficiency_0.55	0.55	0.5498685770384629
13	capture	efficiency_0.4	0.4	0.4001206546283857
13	ambient	rate_0	0.0	0.0
13	ambient	rate_5	5.0	5.00123609394314
13	ambient	rate_20	20.0	19.943757725587144
13	ambient	rate_50	50.0	49.7725587144623
13	ambient	rate_100	100.0	99.57911001236094
13	dropout	Off	0.0	0.0
13	dropout	Very low	0.05097930154926501	0.050776266996291716
13	dropout	Low	0.12595851327329963	0.12583930778739183
13	dropout	Moderate	0.2765003024042642	0.2762336217552534
13	dropout	High	0.5009932978088165	0.5005599505562423
14	capture	efficiency_1	1.0	1.0
14	capture	efficiency_0.85	0.85	0.8498778335118716
14	capture	efficiency_0.7	0.7	0.6998301228612739
14	capture	efficiency_0.55	0.55	0.5498299501806138
14	capture	efficiency_0.4	0.4	0.40016772370931875
14	ambient	rate_0	0.0	0.0
14	ambient	rate_5	5.0	5.091407678244972
14	ambient	rate_20	20.0	20.004875076173064
14	ambient	rate_50	50.0	50.02193784277879
14	ambient	rate_100	100.0	99.9798903107861
14	dropout	Off	0.0	0.0
14	dropout	Very low	0.05098710069609961	0.05082754418037782
14	dropout	Low	0.1259912548875403	0.12603046922608166
14	dropout	Moderate	0.2766446269274422	0.2763290676416819
14	dropout	High	0.5013544974778781	0.5009213893967093
15	capture	efficiency_1	1.0	1.0
15	capture	efficiency_0.85	0.85	0.8500145245003874
15	capture	efficiency_0.7	0.7	0.7000839931674846
15	capture	efficiency_0.55	0.55	0.5501192457018834
15	capture	efficiency_0.4	0.4	0.39995882162812657
15	ambient	rate_0	0.0	0.0
15	ambient	rate_5	5.0	4.995200959808038
15	ambient	rate_20	20.0	19.977804439112177
15	ambient	rate_50	50.0	49.87762447510498
15	ambient	rate_100	100.0	100.10677864427115
15	dropout	Off	0.0	0.0
15	dropout	Very low	0.05050205638141682	0.05050509898020396
15	dropout	Low	0.12498280480275611	0.1245110977804439
15	dropout	Moderate	0.2750100467366993	0.2753437312537492
15	dropout	High	0.49944212512414576	0.499374925014997
16	capture	efficiency_1	1.0	1.0
16	capture	efficiency_0.85	0.85	0.8501803248771393
16	capture	efficiency_0.7	0.7	0.70027017187412
16	capture	efficiency_0.55	0.55	0.5502621550415413
16	capture	efficiency_0.4	0.4	0.39971188642379407
16	ambient	rate_0	0.0	0.0
16	ambient	rate_5	5.0	5.026364193746168
16	ambient	rate_20	20.0	20.061925199264255
16	ambient	rate_50	50.0	49.95217657878602
16	ambient	rate_100	100.0	100.15573267933783
16	dropout	Off	0.0	0.0
16	dropout	Very low	0.05114750405699371	0.05065603923973023
16	dropout	Low	0.1263985640706047	0.12594849785407725
16	dropout	Moderate	0.2774722504271633	0.2773635806253832
16	dropout	High	0.5024305223245267	0.502728387492336
17	capture	efficiency_1	1.0	1.0
17	capture	efficiency_0.85	0.85	0.8502648145891718
17	capture	efficiency_0.7	0.7	0.7002816701190041
17	capture	efficiency_0.55	0.55	0.5502502944640754
17	capture	efficiency_0.4	0.4	0.39966207708866414
17	ambient	rate_0	0.0	0.0
17	ambient	rate_5	5.0	5.003061849357012
17	ambient	rate_20	20.0	20.141457440293937
17	ambient	rate_50	50.0	50.056338028169016
17	ambient	rate_100	100.0	100.12737293325168
17	dropout	Off	0.0	0.0
17	dropout	Very low	0.050950011310294356	0.05053643600734844
17	dropout	Low	0.1258872790405364	0.12545866503368033
17	dropout	Moderate	0.2763601086961466	0.27589099816289037
17	dropout	High	0.5007700355299242	0.5000575627679118
18	capture	efficiency_1	1.0	1.0
18	capture	efficiency_0.85	0.85	0.849959093935574
18	capture	efficiency_0.7	0.7	0.6999029170992096
18	capture	efficiency_0.55	0.55	0.5499592074345547
18	capture	efficiency_0.4	0.4	0.39996638366555687
18	ambient	rate_0	0.0	0.0
18	ambient	rate_5	5.0	4.942679127725857
18	ambient	rate_20	20.0	19.794392523364486
18	ambient	rate_50	50.0	49.67102803738318
18	ambient	rate_100	100.0	99.79127725856698
18	dropout	Off	0.0	0.0
18	dropout	Very low	0.050820576341023695	0.050796261682242994
18	dropout	Low	0.125686528537142	0.12528847352024922
18	dropout	Moderate	0.2762115725442949	0.2758442367601246
18	dropout	High	0.5007564895274634	0.50123738317757
19	capture	efficiency_1	1.0	1.0
19	capture	efficiency_0.85	0.85	0.8499234892063328
19	capture	efficiency_0.7	0.7	0.6998366770193969
19	capture	efficiency_0.55	0.55	0.5499298842296786
19	capture	efficiency_0.4	0.4	0.4001612933001472
19	ambient	rate_0	0.0	0.0
19	ambient	rate_5	5.0	4.9067901234567906
19	ambient	rate_20	20.0	19.80679012345679
19	ambient	rate_50	50.0	49.95925925925926
19	ambient	rate_100	100.0	100.02222222222223
19	dropout	Off	0.0	0.0
19	dropout	Very low	0.05064666022473566	0.05036049382716049
19	dropout	Low	0.12527346966071	0.12546543209876543
19	dropout	Moderate	0.275433169655658	0.2766148148148148
19	dropout	High	0.4998089617037281	0.5008012345679013
