seed	condition	median_library_size	zero_fraction	mean_variance_spearman	latent_recovery_pearson	latent_spatial_slope	observed_spatial_slope	median_library_ratio
0	Clean	5975.0	0.0012094763092269326	0.549043384881707	0.7928960367668554	0.9999999999999969	1.036089874325568	1.0
0	Capture 0.4	2388.0	0.029001246882793017	0.703609729058309	0.6324508242025548	0.9999999999999969	1.0938699954538778	0.3996652719665272
0	Ambient 100	6074.0	0.0010399002493765585	0.5509085946306479	0.7914507757218019	0.9999999999999969	1.048913270442784	1.0165690376569039
0	Dropout high	3182.5	0.5026571072319203	0.9320391965841136	0.31230733051077364	0.9999999999999969	1.8148894388195607	0.5326359832635983
0	Combined	3179.5	0.2793927680798005	0.8555851954196126	0.39901571820769693	0.9999999999999969	1.4125552036003	0.5321338912133892
1	Clean	6091.0	0.001156112852664577	0.6296322865297348	0.7979955971774146	0.9999999999999989	1.073359819947057	1.0
1	Capture 0.4	2436.0	0.02745078369905956	0.766731505350976	0.6416966433021588	0.9999999999999989	1.1271576543492443	0.3999343293383681
1	Ambient 100	6190.0	0.0009567398119122257	0.6320195765945497	0.7966768218693456	0.9999999999999989	1.0634006790458828	1.0162534887538992
1	Dropout high	3285.0	0.49854670846394983	0.9528241771067529	0.31971145968063974	0.9999999999999989	1.5325959471081734	0.5393203086521097
1	Combined	3255.0	0.27647648902821315	0.8952715353839523	0.4030608732561898	0.9999999999999989	1.3767208045914114	0.5343950090297159
2	Clean	6103.0	0.001342534504391468	0.6195971093510938	0.8024116478656614	1.0000000000000018	1.1478472267909563	1.0
2	Capture 0.4	2436.0	0.029203262233375157	0.7528023186217385	0.6468144079472727	1.0000000000000018	1.212152232955357	0.39914796001966246
2	Ambient 100	6203.0	0.0011455457967377667	0.6207599473274692	0.8011083201499242	1.0000000000000018	1.1103404125252383	1.0163853842372603
2	Dropout high	3270.5	0.4999146800501882	0.9433037463293219	0.3250216225507653	1.0000000000000018	1.8870164586861402	0.5358839914796002
2	Combined	3244.0	0.2782007528230866	0.880550249465573	0.41021602649717714	1.0000000000000018	1.1352389702335774	0.5315418646567261
3	Clean	6096.0	0.001500949968334389	0.5254175388205033	0.8030622351568333	0.9999999999999992	0.9674810298756213	1.0
3	Capture 0.4	2436.0	0.02891070297656745	0.6822455867037256	0.6465954383199659	0.9999999999999992	0.8730000670329555	0.39960629921259844
3	Ambient 100	6194.0	0.001271690943635212	0.5280809237370773	0.8016418869938755	0.9999999999999992	0.9653865569099854	1.0160761154855642
3	Dropout high	3283.0	0.4992324255858138	0.9272024113382509	0.3219814769502573	0.9999999999999992	1.4598792548500001	0.5385498687664042
3	Combined	3255.0	0.27776567447751743	0.8443184012282842	0.40884673673129734	0.9999999999999992	1.1617743265764222	0.5339566929133859
4	Clean	5967.0	0.001349005424954792	0.5447869629716292	0.7966269590981402	0.9999999999999996	0.8840302482421023	1.0
4	Capture 0.4	2394.0	0.02875346594333936	0.68951195630342	0.6380756841333093	0.9999999999999996	1.0759328825756382	0.40120663650075417
4	Ambient 100	6068.0	0.0011139240506329114	0.5465549980412395	0.7952226236166979	0.9999999999999996	0.8648831044931758	1.0169264286911346
4	Dropout high	3208.0	0.5005654008438819	0.9328077054920887	0.31591079031463176	0.9999999999999996	1.125129615294587	0.5376235964471259
4	Combined	3197.0	0.278122965641953	0.8553285382882679	0.3992109764205101	0.9999999999999996	1.0574048170280173	0.5357801240154181
5	Clean	6045.0	0.0012048780487804878	0.5464057698742218	0.7974240919365532	0.9999999999999996	0.9942990673985407	1.0
5	Capture 0.4	2420.0	0.02882682926829268	0.6924820419825988	0.6411571932592269	0.9999999999999996	1.0553266732771676	0.4003308519437552
5	Ambient 100	6145.0	0.0010353658536585366	0.5484396167337774	0.7961677817510594	0.9999999999999996	0.9854901611160443	1.0165425971877584
5	Dropout high	3249.0	0.4998292682926829	0.923679968066443	0.32020910812170417	0.9999999999999996	1.6243471949108366	0.537468982630273
5	Combined	3225.0	0.2779048780487805	0.8457928587598134	0.40433929123139206	0.9999999999999996	1.0955717606126871	0.533498759305211
6	Clean	5985.0	0.0015250150693188668	0.6152054417061565	0.7997581678582002	1.0000000000000009	1.0821470434365141	1.0
6	Capture 0.4	2392.0	0.030415913200723326	0.7376858831970977	0.6424580621896132	1.0000000000000009	1.085384556750185	0.3996658312447786
6	Ambient 100	6086.0	0.0012887281494876432	0.6162328196167643	0.7983930256526286	1.0000000000000009	1.0686225809236252	1.01687552213868
6	Dropout high	3194.0	0.5031946955997589	0.9385656856208657	0.3210638645220475	1.0000000000000009	1.291209945363049	0.5336675020885547
6	Combined	3179.0	0.28131163351416516	0.8769951887469722	0.40645168572765933	1.0000000000000009	1.104987327181632	0.5311612364243943
7	Clean	6007.0	0.0011271393643031784	0.5313986528981611	0.7883704963889574	0.9999999999999989	1.1143102127923363	1.0
7	Capture 0.4	2403.0	0.027590464547677263	0.6841454481326901	0.6260613218228229	0.9999999999999989	0.9462647747831311	0.40003329448976194
7	Ambient 100	6106.5	0.0009290953545232274	0.5348704215243897	0.7869140889328413	0.9999999999999989	1.1072511412175998	1.0165640086565673
7	Dropout high	3207.5	0.5007176039119804	0.9367245957123127	0.3102877518754535	0.9999999999999989	1.8563201178804047	0.5339603795571833
7	Combined	3201.0	0.27734229828850854	0.8530017414479	0.3941799794711362	0.9999999999999989	1.6225558234304363	0.5328783086399201
8	Clean	6050.0	0.0015602748282323548	0.605316152012911	0.8048093054696546	1.000000000000004	0.9578244622179135	1.0
8	Capture 0.4	2420.0	0.030239850093691442	0.7327291818702948	0.6495283306465289	1.000000000000004	0.9259299768965957	0.4
8	Ambient 100	6149.0	0.001354153653966271	0.6076969037112477	0.803396082771207	1.000000000000004	0.942428592411186	1.0163636363636364
8	Dropout high	3255.0	0.5005409119300437	0.941804237059916	0.32417555699487216	1.000000000000004	1.6073446465202048	0.5380165289256198
8	Combined	3230.0	0.27938788257339164	0.8740433318978434	0.4134880139190875	1.000000000000004	1.1180222405268812	0.5338842975206611
9	Clean	5954.0	0.0017178065311152188	0.602667164844781	0.8023741133126086	1.0000000000000022	0.9797918546570901	1.0
9	Capture 0.4	2379.0	0.031138632162661738	0.7327067752813525	0.6450833929506468	1.0000000000000022	0.9838718524915054	0.39956331877729256
9	Ambient 100	6055.0	0.0014799753542821936	0.6040281625827476	0.8008130802280089	1.0000000000000022	0.9682911483117935	1.0169633859590193
9	Dropout high	3179.0	0.5043203943314849	0.9468576457485813	0.3238314772717629	1.0000000000000022	1.4943443094849844	0.5339267719180383
9	Combined	3168.0	0.28166851509550217	0.8775063405293243	0.41112921052614715	1.0000000000000022	1.38520020856046	0.532079274437353
10	Clean	6045.0	0.0017723880597014926	0.5623079706904176	0.8020876820086875	0.9999999999999943	1.1250260119457085	1.0
10	Capture 0.4	2419.0	0.030016169154228854	0.7044479933676584	0.6445708344176372	0.9999999999999943	1.1162831170703642	0.4001654259718776
10	Ambient 100	6146.0	0.0014937810945273632	0.5639811752801994	0.8005728064615767	0.9999999999999943	1.1043240632886977	1.0167080231596362
10	Dropout high	3254.0	0.5001019900497512	0.9362104655324007	0.3200299392907182	0.9999999999999943	1.6319075194004746	0.5382961124896609
10	Combined	3230.0	0.2792276119402985	0.8613509941455286	0.4066623438792198	0.9999999999999943	1.725741476854099	0.5343258891645989
11	Clean	6030.0	0.0011834975369458128	0.55601363225247	0.795595738684344	0.9999999999999998	1.0211808657018038	1.0
11	Capture 0.4	2410.5	0.028645320197044334	0.7024308723153436	0.6366805401448832	0.9999999999999998	1.1129480769717022	0.3997512437810945
11	Ambient 100	6127.0	0.0009876847290640393	0.5576802365642192	0.7942649447884214	0.9999999999999998	0.9943008652629374	1.0160862354892206
11	Dropout high	3225.5	0.5011650246305419	0.9295283538176198	0.3181756046839437	0.9999999999999998	1.2013227014971894	0.5349087893864013
11	Combined	3208.0	0.2784458128078818	0.8534661102131406	0.4010842618021009	0.9999999999999998	1.347097398814038	0.5320066334991708
12	Clean	6103.0	0.001091254752851711	0.5695026453635025	0.7939224240329529	1.0000000000000018	1.053817267964463	1.0
12	Capture 0.4	2441.0	0.02705830164765526	0.7133332150929037	0.6350660552349212	1.0000000000000018	0.9508222703743543	0.3999672292315255
12	Ambient 100	6202.0	0.000917617237008872	0.5714782173521777	0.7924261367716601	1.0000000000000018	1.043924156418499	1.0162215303948878
12	Dropout high	3281.0	0.4981622306717364	0.9412297734037867	0.3144718077344365	1.0000000000000018	1.2455293028369843	0.5376044568245125
12	Combined	3269.0	0.27447782002534854	0.8689438171764668	0.3977485334055841	1.0000000000000018	0.984375335057265	0.5356382107160413
13	Clean	6015.0	0.0015414091470951792	0.5511890333558989	0.8014754442496639	0.9999999999999989	1.0925085506829908	1.0
13	Capture 0.4	2407.0	0.02987762669962917	0.7018378255188384	0.6451032191381245	0.9999999999999989	1.1385830940955604	0.400166251039069
13	Ambient 100	6114.0	0.0013077873918417799	0.5538786071522207	0.7999082469658791	0.9999999999999989	1.0871096108331888	1.0164588528678304
13	Dropout high	3232.5	0.501008652657602	0.938107148545184	0.32273790979215666	0.9999999999999989	1.0817479156441996	0.5374064837905237
13	Combined	3209.0	0.27907911001236096	0.8643996378000858	0.40762892564490316	0.9999999999999989	1.4237926219573493	0.5334995843724023
14	Clean	5997.0	0.0015746496039000608	0.5484413013911337	0.7989059833122198	0.9999999999999983	0.942594988828724	1.0
14	Capture 0.4	2400.0	0.02970993296770262	0.7067906384221415	0.6404899586846875	0.9999999999999983	0.9740486209103842	0.400200100050025
14	Ambient 100	6098.0	0.001323583180987203	0.5505449715237778	0.7974259626848877	0.9999999999999983	0.9133928710033752	1.0168417542104387
14	Dropout high	3211.0	0.5013601462522852	0.9384130704372056	0.31679641232816963	0.9999999999999983	0.7560630592195421	0.535434383858596
14	Combined	3200.0	0.279382084095064	0.8634064317303366	0.4042341092989107	0.9999999999999983	0.9562278015251966	0.5336001334000333
15	Clean	6031.0	0.0011829634073185363	0.5826130083655987	0.7973238047172752	1.0000000000000013	0.9071095802532692	1.0
15	Capture 0.4	2416.0	0.02903899220155969	0.7235190881879359	0.6408122834478537	1.0000000000000013	0.8980831403494932	0.40059691593433927
15	Ambient 100	6131.0	0.0009958008398320336	0.5846157346476104	0.7958551986453892	1.0000000000000013	0.9046146771653203	1.0165809981760903
15	Dropout high	3245.0	0.49974565086982603	0.9389984613535031	0.3173352138622779	1.0000000000000013	1.4322452903528766	0.5380533908141271
15	Combined	3225.0	0.27754769046190764	0.8690834831979776	0.40391954886844167	1.0000000000000013	0.6753819293221659	0.5347371911789089
16	Clean	5954.0	0.0014003678724708768	0.5564315592698273	0.7985245581275097	1.000000000000001	1.0112432079062932	1.0
16	Capture 0.4	2386.0	0.029883507050889026	0.6962303866599039	0.6402320736329652	1.000000000000001	1.0473868156153812	0.4007389989922741
16	Ambient 100	6056.0	0.0011919068056407112	0.5578778935695042	0.7971041489693178	1.000000000000001	0.9949169317323493	1.0171313402754452
16	Dropout high	3192.0	0.5031036174126303	0.9294902004229373	0.3213595937405902	1.000000000000001	1.7416734222945323	0.5361101780315755
16	Combined	3180.0	0.28014224402207233	0.8479476214024347	0.40513163449760214	1.000000000000001	1.3208619708948306	0.5340947262344642
17	Clean	6085.0	0.0014917330067360686	0.5838280934192555	0.8034934336431824	1.0	1.0930284223024893	1.0
17	Capture 0.4	2429.0	0.02992406613594611	0.7215545217855687	0.648077769329702	1.0	1.3252972299055568	0.3991783073130649
17	Ambient 100	6188.0	0.0012467850581751377	0.5857707997852137	0.8019842354279764	1.0	1.05619642371339	1.0169268693508628
17	Dropout high	3258.0	0.5004641763625229	0.9384833741223214	0.3241836901655828	1.0	1.7184103429475106	0.5354149548069023
17	Combined	3231.0	0.2802718922229026	0.8704966864736818	0.41077922693590607	1.0	1.2172648146264806	0.5309778142974527
18	Clean	6015.0	0.0012137071651090344	0.6453909744153016	0.802319547963842	1.0	1.1250036041660667	1.0
18	Capture 0.4	2410.0	0.028980685358255452	0.7590434507317984	0.6469949407778173	1.0	1.2028878496488962	0.400665004156276
18	Ambient 100	6115.0	0.0010143302180685358	0.6477979955692094	0.8009640296250657	1.0	1.105965121490808	1.0166251039068994
18	Dropout high	3240.0	0.501585046728972	0.9521267090172737	0.3252075822033147	1.0	1.3884528869863715	0.5386533665835411
18	Combined	3216.0	0.2787102803738318	0.8892577118214887	0.4104151287200456	1.0	1.4814715421076154	0.5346633416458852
19	Clean	6058.0	0.0012641975308641975	0.5516705316425001	0.7998613683191136	1.0000000000000004	0.96657814892334	1.0
19	Capture 0.4	2422.0	0.028946913580246914	0.7050323736243301	0.6432741285518229	1.0000000000000004	0.8855675735019795	0.39980191482337407
19	Ambient 100	6157.0	0.0010703703703703704	0.5530955614794224	0.7985730343837205	1.0000000000000004	0.9382682595361873	1.0163420270716408
19	Dropout high	3245.0	0.5011617283950617	0.9383725896579131	0.3228321090566504	1.0000000000000004	1.4464536696497685	0.5356553317926709
19	Combined	3232.0	0.2781604938271605	0.8620799666687105	0.4080180013177941	1.0000000000000004	1.2531391323755785	0.5335094090458897
